2026-07-24 07:28:58,233 [INFO] Logging to C:\Users\Senthil\paradex-trading-bot\logs\run_20260723T232858Z.log
2026-07-24 07:29:05,101 [INFO] HTTP Request: GET https://api.testnet.paradex.trade/v1/system/config "HTTP/1.1 200 OK"
2026-07-24 07:29:05,105 [INFO] ParadexApiClient: SystemConfig:SystemConfig(starknet_fullnode_rpc_url='https://rpc.api.testnet.paradex.trade/rpc/v0_10', starknet_fullnode_rpc_base_url='https://rpc.api.testnet.paradex.trade', starknet_chain_id='PRIVATE_SN_PARACLEAR_TESTNET', block_explorer_url='https://app.testnet.paradex.trade/explorer', paraclear_address='0x5b0669ad81fa0ddba0f44bd2ca25ce5194ea8f165fd3699b2ffad1a247ab6e5', paraclear_decimals=8, paraclear_account_proxy_hash='0x3530cc4759d78042f1b543bf797f5f3d647cde0388c33734cf91b7f7b9314a9', paraclear_account_hash='0x41cb0280ebadaa75f996d8d92c6f265f6d040bb3ba442e5f86a554f1765244e', oracle_address='0xec612cb3dfba9a93b456a41dae487c6902c2585c3ea3e4ef84287ac1d6203', bridged_tokens=[BridgedToken(name='TEST USDC', symbol='USDC', decimals=6, l1_token_address='0x29A873159D5e14AcBd63913D4A7E2df04570c666', l1_bridge_address='0x84162062CCA7E45466Bf07186450f050AE314aDC', l2_token_address='0x23a50e0cc0f9e128f437a0650dfc922a01403cf1e8c449bc6fdb32fb0805536', l2_bridge_address='0x3a4dd803da5a8a7a0a330868dcd26dca718a1d6f876ab3a55423aed09fd2093'), BridgedToken(name='ETH', symbol='ETH', decimals=18, l1_token_address='0x0000000000000000000000000000000000455448', l1_bridge_address='0x01163d9C1cFCB3D9ab0AB84F02104b751B48639c', l2_token_address='0x79304b2a36f7f8b53fe39d790267480ff270286b1a84277196f3931cb16f0a2', l2_bridge_address='0x7548f8315d345eeb86d7e6e1dc590501cb4cb6f38dc08a51bede508f139ca5'), BridgedToken(name='DIME', symbol='DIME', decimals=18, l1_token_address='0x5F7e11f6f6f01be46ADbbDD75257025bbf5146C6', l1_bridge_address='0x84162062CCA7E45466Bf07186450f050AE314aDC', l2_token_address='0x333b74eff9fb8917cf4b1491f41a4fa2b3c999989507ac9729b44c048f47a66', l2_bridge_address='0x3a4dd803da5a8a7a0a330868dcd26dca718a1d6f876ab3a55423aed09fd2093')], l1_core_contract_address='0x480Ec063442C253834d82fCE71cCD60C2f3df9F4', l1_operator_address='0x11bACdFbBcd3Febe5e8CEAa75E0Ef6444d9B45FB', l1_chain_id='11155111', liquidation_fee='0.5', paraclear_evm_account_hash='0x073414441639dcd11d1846f287650a00c60c416b9d3ba45d31c651672125b2c2', starknet_gateway_url='')
2026-07-24 07:29:05,200 [INFO] HTTP Request: GET https://api.testnet.paradex.trade/v1/markets?market=BTC-USD-PERP "HTTP/1.1 200 OK"
2026-07-24 07:29:05,277 [INFO] HTTP Request: GET https://api.testnet.paradex.trade/v1/markets?market=ETH-USD-PERP "HTTP/1.1 200 OK"
2026-07-24 07:29:05,723 [INFO] HTTP Request: GET https://api.testnet.paradex.trade/v1/system/config "HTTP/1.1 200 OK"
2026-07-24 07:29:05,724 [INFO] ParadexApiClient: SystemConfig:SystemConfig(starknet_fullnode_rpc_url='https://rpc.api.testnet.paradex.trade/rpc/v0_10', starknet_fullnode_rpc_base_url='https://rpc.api.testnet.paradex.trade', starknet_chain_id='PRIVATE_SN_PARACLEAR_TESTNET', block_explorer_url='https://app.testnet.paradex.trade/explorer', paraclear_address='0x5b0669ad81fa0ddba0f44bd2ca25ce5194ea8f165fd3699b2ffad1a247ab6e5', paraclear_decimals=8, paraclear_account_proxy_hash='0x3530cc4759d78042f1b543bf797f5f3d647cde0388c33734cf91b7f7b9314a9', paraclear_account_hash='0x41cb0280ebadaa75f996d8d92c6f265f6d040bb3ba442e5f86a554f1765244e', oracle_address='0xec612cb3dfba9a93b456a41dae487c6902c2585c3ea3e4ef84287ac1d6203', bridged_tokens=[BridgedToken(name='TEST USDC', symbol='USDC', decimals=6, l1_token_address='0x29A873159D5e14AcBd63913D4A7E2df04570c666', l1_bridge_address='0x84162062CCA7E45466Bf07186450f050AE314aDC', l2_token_address='0x23a50e0cc0f9e128f437a0650dfc922a01403cf1e8c449bc6fdb32fb0805536', l2_bridge_address='0x3a4dd803da5a8a7a0a330868dcd26dca718a1d6f876ab3a55423aed09fd2093'), BridgedToken(name='ETH', symbol='ETH', decimals=18, l1_token_address='0x0000000000000000000000000000000000455448', l1_bridge_address='0x01163d9C1cFCB3D9ab0AB84F02104b751B48639c', l2_token_address='0x79304b2a36f7f8b53fe39d790267480ff270286b1a84277196f3931cb16f0a2', l2_bridge_address='0x7548f8315d345eeb86d7e6e1dc590501cb4cb6f38dc08a51bede508f139ca5'), BridgedToken(name='DIME', symbol='DIME', decimals=18, l1_token_address='0x5F7e11f6f6f01be46ADbbDD75257025bbf5146C6', l1_bridge_address='0x84162062CCA7E45466Bf07186450f050AE314aDC', l2_token_address='0x333b74eff9fb8917cf4b1491f41a4fa2b3c999989507ac9729b44c048f47a66', l2_bridge_address='0x3a4dd803da5a8a7a0a330868dcd26dca718a1d6f876ab3a55423aed09fd2093')], l1_core_contract_address='0x480Ec063442C253834d82fCE71cCD60C2f3df9F4', l1_operator_address='0x11bACdFbBcd3Febe5e8CEAa75E0Ef6444d9B45FB', l1_chain_id='11155111', liquidation_fee='0.5', paraclear_evm_account_hash='0x073414441639dcd11d1846f287650a00c60c416b9d3ba45d31c651672125b2c2', starknet_gateway_url='')
2026-07-24 07:29:05,871 [INFO] HTTP Request: POST https://api.testnet.paradex.trade/v1/auth/0x355512bacffd591ee8f52264d0c35a334dc7f659fa23e344a3364e9201a8343 "HTTP/1.1 200 OK"
2026-07-24 07:29:05,952 [INFO] HTTP Request: GET https://api.testnet.paradex.trade/v1/orders-history?page_size=20&market=BTC-USD-PERP "HTTP/1.1 200 OK"
2026-07-24 07:29:13,353 [INFO] HTTP Request: GET https://api.testnet.paradex.trade/v1/markets/summary?market=BTC-USD-PERP "HTTP/1.1 200 OK"
2026-07-24 07:29:13,430 [INFO] HTTP Request: GET https://api.testnet.paradex.trade/v1/markets?market=BTC-USD-PERP "HTTP/1.1 200 OK"
2026-07-24 07:29:13,517 [INFO] HTTP Request: POST https://api.testnet.paradex.trade/v1/orders "HTTP/1.1 201 Created"
2026-07-24 07:29:13,518 [INFO] UI order submitted: {'id': '1784849353500201703978330000', 'account': '0x6e2c83bd987b3a20faf9f20a78a8827db64163f2de42d021c7229212b5c870a', 'market': 'BTC-USD-PERP', 'side': 'BUY', 'type': 'MARKET', 'size': '0.00023', 'remaining_size': '0.00023', 'price': '0', 'status': 'NEW', 'created_at': 1784849353504, 'last_updated_at': 1784849353504, 'timestamp': 1784849353432, 'cancel_reason': '', 'client_id': 'ui_buy_20260724072913432236', 'seq_no': 1784849353504611064, 'instruction': 'IOC', 'avg_fill_price': '', 'stp': 'EXPIRE_TAKER', 'received_at': 1784849353501, 'published_at': 1784849353505, 'flags': ['TARGET_STRATEGY_VWAP'], 'trigger_price': '0'}
2026-07-24 07:29:15,747 [INFO] HTTP Request: GET https://api.testnet.paradex.trade/v1/positions "HTTP/1.1 200 OK"
2026-07-24 07:29:15,900 [INFO] HTTP Request: GET https://api.testnet.paradex.trade/v1/positions "HTTP/1.1 200 OK"
2026-07-24 07:29:16,000 [INFO] HTTP Request: POST https://api.testnet.paradex.trade/v1/orders "HTTP/1.1 201 Created"
2026-07-24 07:29:16,001 [INFO] UI close-position order submitted: {'id': '1784849355980201703945910000', 'account': '0x6e2c83bd987b3a20faf9f20a78a8827db64163f2de42d021c7229212b5c870a', 'market': 'BTC-USD-PERP', 'side': 'SELL', 'type': 'MARKET', 'size': '0.00023', 'remaining_size': '0.00023', 'price': '0', 'status': 'NEW', 'created_at': 1784849355986, 'last_updated_at': 1784849355986, 'timestamp': 1784849355901, 'cancel_reason': '', 'client_id': 'ui_close_20260724072915901140', 'seq_no': 1784849355986533583, 'instruction': 'IOC', 'avg_fill_price': '', 'stp': 'EXPIRE_TAKER', 'received_at': 1784849355976, 'published_at': 1784849355988, 'flags': ['REDUCE_ONLY', 'TARGET_STRATEGY_VWAP'], 'trigger_price': '0'}
2026-07-24 07:29:17,224 [INFO] HTTP Request: GET https://api.testnet.paradex.trade/v1/positions "HTTP/1.1 200 OK"
2026-07-24 07:37:11,163 [INFO] HTTP Request: GET https://api.testnet.paradex.trade/v1/bbo/BTC-USD-PERP "HTTP/1.1 200 OK"
2026-07-24 07:37:11,534 [INFO] HTTP Request: POST https://api.testnet.paradex.trade/v1/auth/0x355512bacffd591ee8f52264d0c35a334dc7f659fa23e344a3364e9201a8343 "HTTP/1.1 200 OK"
2026-07-24 07:37:11,617 [INFO] HTTP Request: GET https://api.testnet.paradex.trade/v1/account "HTTP/1.1 200 OK"
2026-07-24 07:37:11,701 [INFO] HTTP Request: GET https://api.testnet.paradex.trade/v1/positions "HTTP/1.1 200 OK"
2026-07-24 07:37:11,703 [INFO] WS client disconnected from BTC-USD-PERP feed
2026-07-24 07:37:11,780 [INFO] HTTP Request: GET https://api.testnet.paradex.trade/v1/system/state "HTTP/1.1 200 OK"
2026-07-24 07:37:11,807 [INFO] HTTP Request: GET https://api.testnet.paradex.trade/v1/orders?market=BTC-USD-PERP "HTTP/1.1 200 OK"
2026-07-24 07:37:12,024 [INFO] HTTP Request: GET https://api.testnet.paradex.trade/v1/bbo/BTC-USD-PERP "HTTP/1.1 200 OK"
2026-07-24 07:37:12,025 [INFO] HTTP Request: GET https://api.testnet.paradex.trade/v1/orders-history?page_size=20&market=BTC-USD-PERP "HTTP/1.1 200 OK"
2026-07-24 07:37:12,025 [INFO] HTTP Request: GET https://api.testnet.paradex.trade/v1/fills?page_size=20&market=BTC-USD-PERP "HTTP/1.1 200 OK"
2026-07-24 07:37:12,099 [INFO] HTTP Request: GET https://api.testnet.paradex.trade/v1/account "HTTP/1.1 200 OK"
2026-07-24 07:37:12,181 [INFO] HTTP Request: GET https://api.testnet.paradex.trade/v1/positions "HTTP/1.1 200 OK"
2026-07-24 07:37:12,279 [INFO] HTTP Request: GET https://api.testnet.paradex.trade/v1/markets/summary?market=BTC-USD-PERP "HTTP/1.1 200 OK"
2026-07-24 07:37:12,290 [INFO] HTTP Request: GET https://api.testnet.paradex.trade/v1/orders?market=BTC-USD-PERP "HTTP/1.1 200 OK"
2026-07-24 07:37:12,291 [INFO] HTTP Request: GET https://api.testnet.paradex.trade/v1/fills?page_size=20&market=BTC-USD-PERP "HTTP/1.1 200 OK"
2026-07-24 07:37:12,291 [INFO] HTTP Request: GET https://api.testnet.paradex.trade/v1/system/state "HTTP/1.1 200 OK"
2026-07-24 07:37:12,291 [INFO] HTTP Request: GET https://api.testnet.paradex.trade/v1/orders-history?page_size=20&market=BTC-USD-PERP "HTTP/1.1 200 OK"
2026-07-24 07:37:12,358 [INFO] HTTP Request: GET https://api.testnet.paradex.trade/v1/markets/summary?market=BTC-USD-PERP "HTTP/1.1 200 OK"
2026-07-24 07:37:14,297 [INFO] HTTP Request: GET https://api.testnet.paradex.trade/v1/bbo/BTC-USD-PERP "HTTP/1.1 200 OK"
2026-07-24 07:37:14,372 [INFO] HTTP Request: GET https://api.testnet.paradex.trade/v1/account "HTTP/1.1 200 OK"
2026-07-24 07:37:14,447 [INFO] HTTP Request: GET https://api.testnet.paradex.trade/v1/positions "HTTP/1.1 200 OK"
2026-07-24 07:37:14,447 [INFO] WS client disconnected from BTC-USD-PERP feed
2026-07-24 07:37:37,814 [INFO] HTTP Request: GET https://api.testnet.paradex.trade/v1/bbo/BTC-USD-PERP "HTTP/1.1 200 OK"
2026-07-24 07:37:38,108 [INFO] HTTP Request: GET https://api.testnet.paradex.trade/v1/account "HTTP/1.1 200 OK"
2026-07-24 07:37:38,197 [INFO] HTTP Request: GET https://api.testnet.paradex.trade/v1/positions "HTTP/1.1 200 OK"
2026-07-24 07:37:38,201 [INFO] WS client disconnected from BTC-USD-PERP feed
2026-07-24 07:37:38,285 [INFO] HTTP Request: GET https://api.testnet.paradex.trade/v1/system/state "HTTP/1.1 200 OK"
2026-07-24 07:37:38,292 [INFO] HTTP Request: GET https://api.testnet.paradex.trade/v1/orders?market=BTC-USD-PERP "HTTP/1.1 200 OK"
2026-07-24 07:37:38,505 [INFO] HTTP Request: GET https://api.testnet.paradex.trade/v1/markets/summary?market=BTC-USD-PERP "HTTP/1.1 200 OK"
2026-07-24 07:37:38,508 [INFO] HTTP Request: GET https://api.testnet.paradex.trade/v1/fills?page_size=20&market=BTC-USD-PERP "HTTP/1.1 200 OK"
2026-07-24 07:37:38,510 [INFO] HTTP Request: GET https://api.testnet.paradex.trade/v1/orders-history?page_size=20&market=BTC-USD-PERP "HTTP/1.1 200 OK"
2026-07-24 07:37:38,510 [INFO] HTTP Request: GET https://api.testnet.paradex.trade/v1/bbo/BTC-USD-PERP "HTTP/1.1 200 OK"
2026-07-24 07:37:38,601 [INFO] HTTP Request: GET https://api.testnet.paradex.trade/v1/account "HTTP/1.1 200 OK"
2026-07-24 07:37:38,682 [INFO] HTTP Request: GET https://api.testnet.paradex.trade/v1/positions "HTTP/1.1 200 OK"
2026-07-24 07:37:38,766 [INFO] HTTP Request: GET https://api.testnet.paradex.trade/v1/system/state "HTTP/1.1 200 OK"
2026-07-24 07:37:38,767 [INFO] HTTP Request: GET https://api.testnet.paradex.trade/v1/orders?market=BTC-USD-PERP "HTTP/1.1 200 OK"
2026-07-24 07:37:38,768 [INFO] HTTP Request: GET https://api.testnet.paradex.trade/v1/orders-history?page_size=20&market=BTC-USD-PERP "HTTP/1.1 200 OK"
2026-07-24 07:37:38,769 [INFO] HTTP Request: GET https://api.testnet.paradex.trade/v1/fills?page_size=20&market=BTC-USD-PERP "HTTP/1.1 200 OK"
2026-07-24 07:37:38,797 [INFO] HTTP Request: GET https://api.testnet.paradex.trade/v1/markets/summary?market=BTC-USD-PERP "HTTP/1.1 200 OK"
2026-07-24 07:37:39,163 [INFO] HTTP Request: GET https://api.testnet.paradex.trade/v1/markets/summary?market=BTC-USD-PERP "HTTP/1.1 200 OK"
2026-07-24 07:37:39,246 [INFO] HTTP Request: GET https://api.testnet.paradex.trade/v1/markets?market=BTC-USD-PERP "HTTP/1.1 200 OK"
2026-07-24 07:37:39,339 [INFO] HTTP Request: POST https://api.testnet.paradex.trade/v1/orders "HTTP/1.1 201 Created"
2026-07-24 07:37:39,339 [INFO] UI order submitted: {'id': '1784849859310201703978100000', 'account': '0x6e2c83bd987b3a20faf9f20a78a8827db64163f2de42d021c7229212b5c870a', 'market': 'BTC-USD-PERP', 'side': 'BUY', 'type': 'MARKET', 'size': '0.00023', 'remaining_size': '0.00023', 'price': '0', 'status': 'NEW', 'created_at': 1784849859327, 'last_updated_at': 1784849859327, 'timestamp': 1784849859247, 'cancel_reason': '', 'client_id': 'ui_buy_20260724073739247501', 'seq_no': 1784849859327059439, 'instruction': 'IOC', 'avg_fill_price': '', 'stp': 'EXPIRE_TAKER', 'received_at': 1784849859323, 'published_at': 1784849859327, 'flags': ['TARGET_STRATEGY_VWAP'], 'trigger_price': '0'}
2026-07-24 07:37:39,421 [INFO] HTTP Request: GET https://api.testnet.paradex.trade/v1/markets/summary?market=BTC-USD-PERP "HTTP/1.1 200 OK"
2026-07-24 07:37:39,423 [INFO] HTTP Request: GET https://api.testnet.paradex.trade/v1/orders?market=BTC-USD-PERP "HTTP/1.1 200 OK"
2026-07-24 07:37:39,424 [INFO] HTTP Request: GET https://api.testnet.paradex.trade/v1/orders-history?page_size=20&market=BTC-USD-PERP "HTTP/1.1 200 OK"
2026-07-24 07:37:39,425 [INFO] HTTP Request: GET https://api.testnet.paradex.trade/v1/fills?page_size=20&market=BTC-USD-PERP "HTTP/1.1 200 OK"
2026-07-24 07:37:40,752 [INFO] HTTP Request: GET https://api.testnet.paradex.trade/v1/bbo/BTC-USD-PERP "HTTP/1.1 200 OK"
2026-07-24 07:37:40,826 [INFO] HTTP Request: GET https://api.testnet.paradex.trade/v1/account "HTTP/1.1 200 OK"
2026-07-24 07:37:40,908 [INFO] HTTP Request: GET https://api.testnet.paradex.trade/v1/positions "HTTP/1.1 200 OK"
2026-07-24 07:37:41,204 [INFO] HTTP Request: GET https://api.testnet.paradex.trade/v1/positions "HTTP/1.1 200 OK"
2026-07-24 07:37:41,302 [INFO] HTTP Request: POST https://api.testnet.paradex.trade/v1/orders "HTTP/1.1 201 Created"
2026-07-24 07:37:41,303 [INFO] UI close-position order submitted: {'id': '1784849861280201703945910000', 'account': '0x6e2c83bd987b3a20faf9f20a78a8827db64163f2de42d021c7229212b5c870a', 'market': 'BTC-USD-PERP', 'side': 'SELL', 'type': 'MARKET', 'size': '0.00023', 'remaining_size': '0.00023', 'price': '0', 'status': 'NEW', 'created_at': 1784849861287, 'last_updated_at': 1784849861287, 'timestamp': 1784849861205, 'cancel_reason': '', 'client_id': 'ui_close_20260724073741205901', 'seq_no': 1784849861287953617, 'instruction': 'IOC', 'avg_fill_price': '', 'stp': 'EXPIRE_TAKER', 'received_at': 1784849861278, 'published_at': 1784849861290, 'flags': ['REDUCE_ONLY', 'TARGET_STRATEGY_VWAP'], 'trigger_price': '0'}
2026-07-24 07:37:41,388 [INFO] HTTP Request: GET https://api.testnet.paradex.trade/v1/fills?page_size=20&market=BTC-USD-PERP "HTTP/1.1 200 OK"
2026-07-24 07:37:41,390 [INFO] HTTP Request: GET https://api.testnet.paradex.trade/v1/orders-history?page_size=20&market=BTC-USD-PERP "HTTP/1.1 200 OK"
2026-07-24 07:37:41,391 [INFO] HTTP Request: GET https://api.testnet.paradex.trade/v1/orders?market=BTC-USD-PERP "HTTP/1.1 200 OK"
2026-07-24 07:37:41,447 [INFO] HTTP Request: GET https://api.testnet.paradex.trade/v1/markets/summary?market=BTC-USD-PERP "HTTP/1.1 200 OK"
2026-07-24 07:37:42,990 [INFO] HTTP Request: GET https://api.testnet.paradex.trade/v1/bbo/BTC-USD-PERP "HTTP/1.1 200 OK"
2026-07-24 07:37:43,065 [INFO] HTTP Request: GET https://api.testnet.paradex.trade/v1/account "HTTP/1.1 200 OK"
2026-07-24 07:37:43,147 [INFO] HTTP Request: GET https://api.testnet.paradex.trade/v1/positions "HTTP/1.1 200 OK"
2026-07-24 07:37:45,221 [INFO] HTTP Request: GET https://api.testnet.paradex.trade/v1/bbo/BTC-USD-PERP "HTTP/1.1 200 OK"
2026-07-24 07:37:45,305 [INFO] HTTP Request: GET https://api.testnet.paradex.trade/v1/account "HTTP/1.1 200 OK"
2026-07-24 07:37:45,392 [INFO] HTTP Request: GET https://api.testnet.paradex.trade/v1/positions "HTTP/1.1 200 OK"
2026-07-24 07:37:45,392 [INFO] WS client disconnected from BTC-USD-PERP feed
2026-07-24 07:41:20,948 [INFO] HTTP Request: GET https://api.testnet.paradex.trade/v1/bbo/BTC-USD-PERP "HTTP/1.1 200 OK"
2026-07-24 07:41:21,243 [INFO] HTTP Request: GET https://api.testnet.paradex.trade/v1/account "HTTP/1.1 200 OK"
2026-07-24 07:41:21,334 [INFO] HTTP Request: GET https://api.testnet.paradex.trade/v1/positions "HTTP/1.1 200 OK"
2026-07-24 07:41:21,351 [INFO] WS client disconnected from BTC-USD-PERP feed
2026-07-24 07:41:21,451 [INFO] HTTP Request: GET https://api.testnet.paradex.trade/v1/system/state "HTTP/1.1 200 OK"
2026-07-24 07:41:21,451 [INFO] HTTP Request: GET https://api.testnet.paradex.trade/v1/orders?market=BTC-USD-PERP "HTTP/1.1 200 OK"
2026-07-24 07:41:21,716 [INFO] HTTP Request: GET https://api.testnet.paradex.trade/v1/bbo/BTC-USD-PERP "HTTP/1.1 200 OK"
2026-07-24 07:41:21,717 [INFO] HTTP Request: GET https://api.testnet.paradex.trade/v1/fills?page_size=20&market=BTC-USD-PERP "HTTP/1.1 200 OK"
2026-07-24 07:41:21,724 [INFO] HTTP Request: GET https://api.testnet.paradex.trade/v1/orders-history?page_size=20&market=BTC-USD-PERP "HTTP/1.1 200 OK"
2026-07-24 07:41:21,793 [INFO] HTTP Request: GET https://api.testnet.paradex.trade/v1/account "HTTP/1.1 200 OK"
2026-07-24 07:41:21,878 [INFO] HTTP Request: GET https://api.testnet.paradex.trade/v1/positions "HTTP/1.1 200 OK"
2026-07-24 07:41:21,990 [INFO] HTTP Request: GET https://api.testnet.paradex.trade/v1/markets/summary?market=BTC-USD-PERP "HTTP/1.1 200 OK"
2026-07-24 07:41:21,996 [INFO] HTTP Request: GET https://api.testnet.paradex.trade/v1/system/state "HTTP/1.1 200 OK"
2026-07-24 07:41:21,997 [INFO] HTTP Request: GET https://api.testnet.paradex.trade/v1/fills?page_size=20&market=BTC-USD-PERP "HTTP/1.1 200 OK"
2026-07-24 07:41:22,001 [INFO] HTTP Request: GET https://api.testnet.paradex.trade/v1/orders?market=BTC-USD-PERP "HTTP/1.1 200 OK"
2026-07-24 07:41:22,011 [INFO] HTTP Request: GET https://api.testnet.paradex.trade/v1/orders-history?page_size=20&market=BTC-USD-PERP "HTTP/1.1 200 OK"
2026-07-24 07:41:22,064 [INFO] HTTP Request: GET https://api.testnet.paradex.trade/v1/markets/summary?market=BTC-USD-PERP "HTTP/1.1 200 OK"
2026-07-24 07:41:23,964 [INFO] HTTP Request: GET https://api.testnet.paradex.trade/v1/bbo/BTC-USD-PERP "HTTP/1.1 200 OK"
2026-07-24 07:41:24,027 [INFO] HTTP Request: GET https://api.testnet.paradex.trade/v1/account "HTTP/1.1 200 OK"
2026-07-24 07:41:24,113 [INFO] HTTP Request: GET https://api.testnet.paradex.trade/v1/positions "HTTP/1.1 200 OK"
2026-07-24 07:41:26,205 [INFO] HTTP Request: GET https://api.testnet.paradex.trade/v1/bbo/BTC-USD-PERP "HTTP/1.1 200 OK"
2026-07-24 07:41:26,306 [INFO] HTTP Request: GET https://api.testnet.paradex.trade/v1/account "HTTP/1.1 200 OK"
2026-07-24 07:41:26,389 [INFO] HTTP Request: GET https://api.testnet.paradex.trade/v1/positions "HTTP/1.1 200 OK"
2026-07-24 07:41:28,474 [INFO] HTTP Request: GET https://api.testnet.paradex.trade/v1/bbo/BTC-USD-PERP "HTTP/1.1 200 OK"
2026-07-24 07:41:28,553 [INFO] HTTP Request: GET https://api.testnet.paradex.trade/v1/account "HTTP/1.1 200 OK"
2026-07-24 07:41:28,634 [INFO] HTTP Request: GET https://api.testnet.paradex.trade/v1/positions "HTTP/1.1 200 OK"
2026-07-24 07:41:30,688 [INFO] HTTP Request: GET https://api.testnet.paradex.trade/v1/bbo/BTC-USD-PERP "HTTP/1.1 200 OK"
2026-07-24 07:41:30,777 [INFO] HTTP Request: GET https://api.testnet.paradex.trade/v1/account "HTTP/1.1 200 OK"
2026-07-24 07:41:30,857 [INFO] HTTP Request: GET https://api.testnet.paradex.trade/v1/positions "HTTP/1.1 200 OK"
2026-07-24 07:41:32,960 [INFO] HTTP Request: GET https://api.testnet.paradex.trade/v1/bbo/BTC-USD-PERP "HTTP/1.1 200 OK"
2026-07-24 07:41:33,039 [INFO] HTTP Request: GET https://api.testnet.paradex.trade/v1/account "HTTP/1.1 200 OK"
2026-07-24 07:41:33,121 [INFO] HTTP Request: GET https://api.testnet.paradex.trade/v1/positions "HTTP/1.1 200 OK"
2026-07-24 07:41:35,190 [INFO] HTTP Request: GET https://api.testnet.paradex.trade/v1/bbo/BTC-USD-PERP "HTTP/1.1 200 OK"
2026-07-24 07:41:35,281 [INFO] HTTP Request: GET https://api.testnet.paradex.trade/v1/account "HTTP/1.1 200 OK"
2026-07-24 07:41:35,349 [INFO] HTTP Request: GET https://api.testnet.paradex.trade/v1/positions "HTTP/1.1 200 OK"
2026-07-24 07:41:37,414 [INFO] HTTP Request: GET https://api.testnet.paradex.trade/v1/bbo/BTC-USD-PERP "HTTP/1.1 200 OK"
2026-07-24 07:41:37,496 [INFO] HTTP Request: GET https://api.testnet.paradex.trade/v1/account "HTTP/1.1 200 OK"
2026-07-24 07:41:37,579 [INFO] HTTP Request: GET https://api.testnet.paradex.trade/v1/positions "HTTP/1.1 200 OK"
2026-07-24 07:41:39,656 [INFO] HTTP Request: GET https://api.testnet.paradex.trade/v1/bbo/BTC-USD-PERP "HTTP/1.1 200 OK"
2026-07-24 07:41:39,732 [INFO] HTTP Request: GET https://api.testnet.paradex.trade/v1/account "HTTP/1.1 200 OK"
2026-07-24 07:41:39,813 [INFO] HTTP Request: GET https://api.testnet.paradex.trade/v1/positions "HTTP/1.1 200 OK"
2026-07-24 07:41:41,907 [INFO] HTTP Request: GET https://api.testnet.paradex.trade/v1/bbo/BTC-USD-PERP "HTTP/1.1 200 OK"
2026-07-24 07:41:42,039 [INFO] HTTP Request: POST https://api.testnet.paradex.trade/v1/auth/0x355512bacffd591ee8f52264d0c35a334dc7f659fa23e344a3364e9201a8343 "HTTP/1.1 200 OK"
2026-07-24 07:41:42,115 [INFO] HTTP Request: GET https://api.testnet.paradex.trade/v1/account "HTTP/1.1 200 OK"
2026-07-24 07:41:42,196 [INFO] HTTP Request: GET https://api.testnet.paradex.trade/v1/positions "HTTP/1.1 200 OK"
2026-07-24 07:41:44,263 [INFO] HTTP Request: GET https://api.testnet.paradex.trade/v1/bbo/BTC-USD-PERP "HTTP/1.1 200 OK"
2026-07-24 07:41:44,347 [INFO] HTTP Request: GET https://api.testnet.paradex.trade/v1/account "HTTP/1.1 200 OK"
2026-07-24 07:41:44,429 [INFO] HTTP Request: GET https://api.testnet.paradex.trade/v1/positions "HTTP/1.1 200 OK"
2026-07-24 07:41:46,513 [INFO] HTTP Request: GET https://api.testnet.paradex.trade/v1/bbo/BTC-USD-PERP "HTTP/1.1 200 OK"
2026-07-24 07:41:46,590 [INFO] HTTP Request: GET https://api.testnet.paradex.trade/v1/account "HTTP/1.1 200 OK"
2026-07-24 07:41:46,673 [INFO] HTTP Request: GET https://api.testnet.paradex.trade/v1/positions "HTTP/1.1 200 OK"
2026-07-24 07:41:48,759 [INFO] HTTP Request: GET https://api.testnet.paradex.trade/v1/bbo/BTC-USD-PERP "HTTP/1.1 200 OK"
2026-07-24 07:41:48,836 [INFO] HTTP Request: GET https://api.testnet.paradex.trade/v1/account "HTTP/1.1 200 OK"
2026-07-24 07:41:48,914 [INFO] HTTP Request: GET https://api.testnet.paradex.trade/v1/positions "HTTP/1.1 200 OK"
2026-07-24 07:41:50,988 [INFO] HTTP Request: GET https://api.testnet.paradex.trade/v1/bbo/BTC-USD-PERP "HTTP/1.1 200 OK"
2026-07-24 07:41:51,063 [INFO] HTTP Request: GET https://api.testnet.paradex.trade/v1/account "HTTP/1.1 200 OK"
2026-07-24 07:41:51,146 [INFO] HTTP Request: GET https://api.testnet.paradex.trade/v1/positions "HTTP/1.1 200 OK"
2026-07-24 07:41:53,221 [INFO] HTTP Request: GET https://api.testnet.paradex.trade/v1/bbo/BTC-USD-PERP "HTTP/1.1 200 OK"
2026-07-24 07:41:53,301 [INFO] HTTP Request: GET https://api.testnet.paradex.trade/v1/account "HTTP/1.1 200 OK"
2026-07-24 07:41:53,382 [INFO] HTTP Request: GET https://api.testnet.paradex.trade/v1/positions "HTTP/1.1 200 OK"
2026-07-24 07:41:55,471 [INFO] HTTP Request: GET https://api.testnet.paradex.trade/v1/bbo/BTC-USD-PERP "HTTP/1.1 200 OK"
2026-07-24 07:41:55,547 [INFO] HTTP Request: GET https://api.testnet.paradex.trade/v1/account "HTTP/1.1 200 OK"
2026-07-24 07:41:55,646 [INFO] HTTP Request: GET https://api.testnet.paradex.trade/v1/positions "HTTP/1.1 200 OK"
2026-07-24 07:41:57,714 [INFO] HTTP Request: GET https://api.testnet.paradex.trade/v1/bbo/BTC-USD-PERP "HTTP/1.1 200 OK"
2026-07-24 07:41:57,789 [INFO] HTTP Request: GET https://api.testnet.paradex.trade/v1/account "HTTP/1.1 200 OK"
2026-07-24 07:41:57,872 [INFO] HTTP Request: GET https://api.testnet.paradex.trade/v1/positions "HTTP/1.1 200 OK"
2026-07-24 07:41:59,941 [INFO] HTTP Request: GET https://api.testnet.paradex.trade/v1/bbo/BTC-USD-PERP "HTTP/1.1 200 OK"
2026-07-24 07:42:00,087 [INFO] HTTP Request: GET https://api.testnet.paradex.trade/v1/account "HTTP/1.1 200 OK"
2026-07-24 07:42:00,183 [INFO] HTTP Request: GET https://api.testnet.paradex.trade/v1/positions "HTTP/1.1 200 OK"
2026-07-24 07:42:02,273 [INFO] HTTP Request: GET https://api.testnet.paradex.trade/v1/bbo/BTC-USD-PERP "HTTP/1.1 200 OK"
2026-07-24 07:42:02,363 [INFO] HTTP Request: GET https://api.testnet.paradex.trade/v1/account "HTTP/1.1 200 OK"
2026-07-24 07:42:02,454 [INFO] HTTP Request: GET https://api.testnet.paradex.trade/v1/positions "HTTP/1.1 200 OK"
2026-07-24 07:42:04,537 [INFO] HTTP Request: GET https://api.testnet.paradex.trade/v1/bbo/BTC-USD-PERP "HTTP/1.1 200 OK"
2026-07-24 07:42:04,617 [INFO] HTTP Request: GET https://api.testnet.paradex.trade/v1/account "HTTP/1.1 200 OK"
2026-07-24 07:42:04,697 [INFO] HTTP Request: GET https://api.testnet.paradex.trade/v1/positions "HTTP/1.1 200 OK"
2026-07-24 07:42:06,782 [INFO] HTTP Request: GET https://api.testnet.paradex.trade/v1/bbo/BTC-USD-PERP "HTTP/1.1 200 OK"
2026-07-24 07:42:06,861 [INFO] HTTP Request: GET https://api.testnet.paradex.trade/v1/account "HTTP/1.1 200 OK"
2026-07-24 07:42:06,942 [INFO] HTTP Request: GET https://api.testnet.paradex.trade/v1/positions "HTTP/1.1 200 OK"
2026-07-24 07:42:09,026 [INFO] HTTP Request: GET https://api.testnet.paradex.trade/v1/bbo/BTC-USD-PERP "HTTP/1.1 200 OK"
2026-07-24 07:42:09,104 [INFO] HTTP Request: GET https://api.testnet.paradex.trade/v1/account "HTTP/1.1 200 OK"
2026-07-24 07:42:09,184 [INFO] HTTP Request: GET https://api.testnet.paradex.trade/v1/positions "HTTP/1.1 200 OK"
2026-07-24 07:42:11,273 [INFO] HTTP Request: GET https://api.testnet.paradex.trade/v1/bbo/BTC-USD-PERP "HTTP/1.1 200 OK"
2026-07-24 07:42:11,350 [INFO] HTTP Request: GET https://api.testnet.paradex.trade/v1/account "HTTP/1.1 200 OK"
2026-07-24 07:42:11,430 [INFO] HTTP Request: GET https://api.testnet.paradex.trade/v1/positions "HTTP/1.1 200 OK"
2026-07-24 07:42:13,503 [INFO] HTTP Request: GET https://api.testnet.paradex.trade/v1/bbo/BTC-USD-PERP "HTTP/1.1 200 OK"
2026-07-24 07:42:13,580 [INFO] HTTP Request: GET https://api.testnet.paradex.trade/v1/account "HTTP/1.1 200 OK"
2026-07-24 07:42:13,658 [INFO] HTTP Request: GET https://api.testnet.paradex.trade/v1/positions "HTTP/1.1 200 OK"
2026-07-24 07:42:15,734 [INFO] HTTP Request: GET https://api.testnet.paradex.trade/v1/bbo/BTC-USD-PERP "HTTP/1.1 200 OK"
2026-07-24 07:42:15,813 [INFO] HTTP Request: GET https://api.testnet.paradex.trade/v1/account "HTTP/1.1 200 OK"
2026-07-24 07:42:15,897 [INFO] HTTP Request: GET https://api.testnet.paradex.trade/v1/positions "HTTP/1.1 200 OK"
2026-07-24 07:42:17,990 [INFO] HTTP Request: GET https://api.testnet.paradex.trade/v1/bbo/BTC-USD-PERP "HTTP/1.1 200 OK"
2026-07-24 07:42:18,067 [INFO] HTTP Request: GET https://api.testnet.paradex.trade/v1/account "HTTP/1.1 200 OK"
2026-07-24 07:42:18,150 [INFO] HTTP Request: GET https://api.testnet.paradex.trade/v1/positions "HTTP/1.1 200 OK"
2026-07-24 07:42:20,213 [INFO] HTTP Request: GET https://api.testnet.paradex.trade/v1/bbo/BTC-USD-PERP "HTTP/1.1 200 OK"
2026-07-24 07:42:20,301 [INFO] HTTP Request: GET https://api.testnet.paradex.trade/v1/account "HTTP/1.1 200 OK"
2026-07-24 07:42:20,388 [INFO] HTTP Request: GET https://api.testnet.paradex.trade/v1/positions "HTTP/1.1 200 OK"
2026-07-24 07:42:22,473 [INFO] HTTP Request: GET https://api.testnet.paradex.trade/v1/bbo/BTC-USD-PERP "HTTP/1.1 200 OK"
2026-07-24 07:42:22,550 [INFO] HTTP Request: GET https://api.testnet.paradex.trade/v1/account "HTTP/1.1 200 OK"
2026-07-24 07:42:22,633 [INFO] HTTP Request: GET https://api.testnet.paradex.trade/v1/positions "HTTP/1.1 200 OK"
2026-07-24 07:42:24,705 [INFO] HTTP Request: GET https://api.testnet.paradex.trade/v1/bbo/BTC-USD-PERP "HTTP/1.1 200 OK"
2026-07-24 07:42:24,781 [INFO] HTTP Request: GET https://api.testnet.paradex.trade/v1/account "HTTP/1.1 200 OK"
2026-07-24 07:42:24,862 [INFO] HTTP Request: GET https://api.testnet.paradex.trade/v1/positions "HTTP/1.1 200 OK"
2026-07-24 07:42:26,928 [INFO] HTTP Request: GET https://api.testnet.paradex.trade/v1/bbo/BTC-USD-PERP "HTTP/1.1 200 OK"
2026-07-24 07:42:27,005 [INFO] HTTP Request: GET https://api.testnet.paradex.trade/v1/account "HTTP/1.1 200 OK"
2026-07-24 07:42:27,101 [INFO] HTTP Request: GET https://api.testnet.paradex.trade/v1/positions "HTTP/1.1 200 OK"
2026-07-24 07:42:29,158 [INFO] HTTP Request: GET https://api.testnet.paradex.trade/v1/bbo/BTC-USD-PERP "HTTP/1.1 200 OK"
2026-07-24 07:42:29,243 [INFO] HTTP Request: GET https://api.testnet.paradex.trade/v1/account "HTTP/1.1 200 OK"
2026-07-24 07:42:29,321 [INFO] HTTP Request: GET https://api.testnet.paradex.trade/v1/positions "HTTP/1.1 200 OK"
2026-07-24 07:42:31,379 [INFO] HTTP Request: GET https://api.testnet.paradex.trade/v1/bbo/BTC-USD-PERP "HTTP/1.1 200 OK"
2026-07-24 07:42:31,460 [INFO] HTTP Request: GET https://api.testnet.paradex.trade/v1/account "HTTP/1.1 200 OK"
2026-07-24 07:42:31,547 [INFO] HTTP Request: GET https://api.testnet.paradex.trade/v1/positions "HTTP/1.1 200 OK"
2026-07-24 07:42:33,620 [INFO] HTTP Request: GET https://api.testnet.paradex.trade/v1/bbo/BTC-USD-PERP "HTTP/1.1 200 OK"
2026-07-24 07:42:33,700 [INFO] HTTP Request: GET https://api.testnet.paradex.trade/v1/account "HTTP/1.1 200 OK"
2026-07-24 07:42:33,798 [INFO] HTTP Request: GET https://api.testnet.paradex.trade/v1/positions "HTTP/1.1 200 OK"
2026-07-24 07:42:35,880 [INFO] HTTP Request: GET https://api.testnet.paradex.trade/v1/bbo/BTC-USD-PERP "HTTP/1.1 200 OK"
2026-07-24 07:42:35,966 [INFO] HTTP Request: GET https://api.testnet.paradex.trade/v1/account "HTTP/1.1 200 OK"
2026-07-24 07:42:36,077 [INFO] HTTP Request: GET https://api.testnet.paradex.trade/v1/positions "HTTP/1.1 200 OK"
2026-07-24 07:42:38,149 [INFO] HTTP Request: GET https://api.testnet.paradex.trade/v1/bbo/BTC-USD-PERP "HTTP/1.1 200 OK"
2026-07-24 07:42:38,214 [INFO] HTTP Request: GET https://api.testnet.paradex.trade/v1/account "HTTP/1.1 200 OK"
2026-07-24 07:42:38,297 [INFO] HTTP Request: GET https://api.testnet.paradex.trade/v1/positions "HTTP/1.1 200 OK"
2026-07-24 07:42:40,370 [INFO] HTTP Request: GET https://api.testnet.paradex.trade/v1/bbo/BTC-USD-PERP "HTTP/1.1 200 OK"
2026-07-24 07:42:40,443 [INFO] HTTP Request: GET https://api.testnet.paradex.trade/v1/account "HTTP/1.1 200 OK"
2026-07-24 07:42:40,533 [INFO] HTTP Request: GET https://api.testnet.paradex.trade/v1/positions "HTTP/1.1 200 OK"
2026-07-24 07:42:42,608 [INFO] HTTP Request: GET https://api.testnet.paradex.trade/v1/bbo/BTC-USD-PERP "HTTP/1.1 200 OK"
2026-07-24 07:42:42,681 [INFO] HTTP Request: GET https://api.testnet.paradex.trade/v1/account "HTTP/1.1 200 OK"
2026-07-24 07:42:42,767 [INFO] HTTP Request: GET https://api.testnet.paradex.trade/v1/positions "HTTP/1.1 200 OK"
2026-07-24 07:42:44,861 [INFO] HTTP Request: GET https://api.testnet.paradex.trade/v1/bbo/BTC-USD-PERP "HTTP/1.1 200 OK"
2026-07-24 07:42:44,972 [INFO] HTTP Request: GET https://api.testnet.paradex.trade/v1/account "HTTP/1.1 200 OK"
2026-07-24 07:42:45,056 [INFO] HTTP Request: GET https://api.testnet.paradex.trade/v1/positions "HTTP/1.1 200 OK"
2026-07-24 07:42:47,136 [INFO] HTTP Request: GET https://api.testnet.paradex.trade/v1/bbo/BTC-USD-PERP "HTTP/1.1 200 OK"
2026-07-24 07:42:47,216 [INFO] HTTP Request: GET https://api.testnet.paradex.trade/v1/account "HTTP/1.1 200 OK"
2026-07-24 07:42:47,295 [INFO] HTTP Request: GET https://api.testnet.paradex.trade/v1/positions "HTTP/1.1 200 OK"
2026-07-24 07:42:49,381 [INFO] HTTP Request: GET https://api.testnet.paradex.trade/v1/bbo/BTC-USD-PERP "HTTP/1.1 200 OK"
2026-07-24 07:42:49,463 [INFO] HTTP Request: GET https://api.testnet.paradex.trade/v1/account "HTTP/1.1 200 OK"
2026-07-24 07:42:49,541 [INFO] HTTP Request: GET https://api.testnet.paradex.trade/v1/positions "HTTP/1.1 200 OK"
2026-07-24 07:42:51,626 [INFO] HTTP Request: GET https://api.testnet.paradex.trade/v1/bbo/BTC-USD-PERP "HTTP/1.1 200 OK"
2026-07-24 07:42:51,695 [INFO] HTTP Request: GET https://api.testnet.paradex.trade/v1/account "HTTP/1.1 200 OK"
2026-07-24 07:42:51,775 [INFO] HTTP Request: GET https://api.testnet.paradex.trade/v1/positions "HTTP/1.1 200 OK"
2026-07-24 07:42:53,857 [INFO] HTTP Request: GET https://api.testnet.paradex.trade/v1/bbo/BTC-USD-PERP "HTTP/1.1 200 OK"
2026-07-24 07:42:53,931 [INFO] HTTP Request: GET https://api.testnet.paradex.trade/v1/account "HTTP/1.1 200 OK"
2026-07-24 07:42:54,024 [INFO] HTTP Request: GET https://api.testnet.paradex.trade/v1/positions "HTTP/1.1 200 OK"
2026-07-24 07:42:56,098 [INFO] HTTP Request: GET https://api.testnet.paradex.trade/v1/bbo/BTC-USD-PERP "HTTP/1.1 200 OK"
2026-07-24 07:42:56,178 [INFO] HTTP Request: GET https://api.testnet.paradex.trade/v1/account "HTTP/1.1 200 OK"
2026-07-24 07:42:56,257 [INFO] HTTP Request: GET https://api.testnet.paradex.trade/v1/positions "HTTP/1.1 200 OK"
2026-07-24 07:42:58,348 [INFO] HTTP Request: GET https://api.testnet.paradex.trade/v1/bbo/BTC-USD-PERP "HTTP/1.1 200 OK"
2026-07-24 07:42:58,435 [INFO] HTTP Request: GET https://api.testnet.paradex.trade/v1/account "HTTP/1.1 200 OK"
2026-07-24 07:42:58,561 [INFO] HTTP Request: GET https://api.testnet.paradex.trade/v1/positions "HTTP/1.1 200 OK"
2026-07-24 07:43:00,647 [INFO] HTTP Request: GET https://api.testnet.paradex.trade/v1/bbo/BTC-USD-PERP "HTTP/1.1 200 OK"
2026-07-24 07:43:00,726 [INFO] HTTP Request: GET https://api.testnet.paradex.trade/v1/account "HTTP/1.1 200 OK"
2026-07-24 07:43:00,805 [INFO] HTTP Request: GET https://api.testnet.paradex.trade/v1/positions "HTTP/1.1 200 OK"
2026-07-24 07:43:02,883 [INFO] HTTP Request: GET https://api.testnet.paradex.trade/v1/bbo/BTC-USD-PERP "HTTP/1.1 200 OK"
2026-07-24 07:43:02,954 [INFO] HTTP Request: GET https://api.testnet.paradex.trade/v1/account "HTTP/1.1 200 OK"
2026-07-24 07:43:03,063 [INFO] HTTP Request: GET https://api.testnet.paradex.trade/v1/positions "HTTP/1.1 200 OK"
2026-07-24 07:43:05,155 [INFO] HTTP Request: GET https://api.testnet.paradex.trade/v1/bbo/BTC-USD-PERP "HTTP/1.1 200 OK"
2026-07-24 07:43:05,238 [INFO] HTTP Request: GET https://api.testnet.paradex.trade/v1/account "HTTP/1.1 200 OK"
2026-07-24 07:43:05,317 [INFO] HTTP Request: GET https://api.testnet.paradex.trade/v1/positions "HTTP/1.1 200 OK"
2026-07-24 07:43:07,406 [INFO] HTTP Request: GET https://api.testnet.paradex.trade/v1/bbo/BTC-USD-PERP "HTTP/1.1 200 OK"
2026-07-24 07:43:07,479 [INFO] HTTP Request: GET https://api.testnet.paradex.trade/v1/account "HTTP/1.1 200 OK"
2026-07-24 07:43:07,570 [INFO] HTTP Request: GET https://api.testnet.paradex.trade/v1/positions "HTTP/1.1 200 OK"
2026-07-24 07:43:09,647 [INFO] HTTP Request: GET https://api.testnet.paradex.trade/v1/bbo/BTC-USD-PERP "HTTP/1.1 200 OK"
2026-07-24 07:43:09,721 [INFO] HTTP Request: GET https://api.testnet.paradex.trade/v1/account "HTTP/1.1 200 OK"
2026-07-24 07:43:09,804 [INFO] HTTP Request: GET https://api.testnet.paradex.trade/v1/positions "HTTP/1.1 200 OK"
2026-07-24 07:43:11,879 [INFO] HTTP Request: GET https://api.testnet.paradex.trade/v1/bbo/BTC-USD-PERP "HTTP/1.1 200 OK"
2026-07-24 07:43:11,960 [INFO] HTTP Request: GET https://api.testnet.paradex.trade/v1/account "HTTP/1.1 200 OK"
2026-07-24 07:43:12,038 [INFO] HTTP Request: GET https://api.testnet.paradex.trade/v1/positions "HTTP/1.1 200 OK"
2026-07-24 07:43:14,138 [INFO] HTTP Request: GET https://api.testnet.paradex.trade/v1/bbo/BTC-USD-PERP "HTTP/1.1 200 OK"
2026-07-24 07:43:14,213 [INFO] HTTP Request: GET https://api.testnet.paradex.trade/v1/account "HTTP/1.1 200 OK"
2026-07-24 07:43:14,297 [INFO] HTTP Request: GET https://api.testnet.paradex.trade/v1/positions "HTTP/1.1 200 OK"
2026-07-24 07:43:16,393 [INFO] HTTP Request: GET https://api.testnet.paradex.trade/v1/bbo/BTC-USD-PERP "HTTP/1.1 200 OK"
2026-07-24 07:43:16,472 [INFO] HTTP Request: GET https://api.testnet.paradex.trade/v1/account "HTTP/1.1 200 OK"
2026-07-24 07:43:16,551 [INFO] HTTP Request: GET https://api.testnet.paradex.trade/v1/positions "HTTP/1.1 200 OK"
2026-07-24 07:43:18,639 [INFO] HTTP Request: GET https://api.testnet.paradex.trade/v1/bbo/BTC-USD-PERP "HTTP/1.1 200 OK"
2026-07-24 07:43:18,713 [INFO] HTTP Request: GET https://api.testnet.paradex.trade/v1/account "HTTP/1.1 200 OK"
2026-07-24 07:43:18,790 [INFO] HTTP Request: GET https://api.testnet.paradex.trade/v1/positions "HTTP/1.1 200 OK"
2026-07-24 07:43:20,871 [INFO] HTTP Request: GET https://api.testnet.paradex.trade/v1/bbo/BTC-USD-PERP "HTTP/1.1 200 OK"
2026-07-24 07:43:20,955 [INFO] HTTP Request: GET https://api.testnet.paradex.trade/v1/account "HTTP/1.1 200 OK"
2026-07-24 07:43:21,041 [INFO] HTTP Request: GET https://api.testnet.paradex.trade/v1/positions "HTTP/1.1 200 OK"
2026-07-24 07:43:23,122 [INFO] HTTP Request: GET https://api.testnet.paradex.trade/v1/bbo/BTC-USD-PERP "HTTP/1.1 200 OK"
2026-07-24 07:43:23,202 [INFO] HTTP Request: GET https://api.testnet.paradex.trade/v1/account "HTTP/1.1 200 OK"
2026-07-24 07:43:23,284 [INFO] HTTP Request: GET https://api.testnet.paradex.trade/v1/positions "HTTP/1.1 200 OK"
2026-07-24 07:43:25,370 [INFO] HTTP Request: GET https://api.testnet.paradex.trade/v1/bbo/BTC-USD-PERP "HTTP/1.1 200 OK"
2026-07-24 07:43:25,446 [INFO] HTTP Request: GET https://api.testnet.paradex.trade/v1/account "HTTP/1.1 200 OK"
2026-07-24 07:43:25,533 [INFO] HTTP Request: GET https://api.testnet.paradex.trade/v1/positions "HTTP/1.1 200 OK"
2026-07-24 07:43:27,621 [INFO] HTTP Request: GET https://api.testnet.paradex.trade/v1/bbo/BTC-USD-PERP "HTTP/1.1 200 OK"
2026-07-24 07:43:27,700 [INFO] HTTP Request: GET https://api.testnet.paradex.trade/v1/account "HTTP/1.1 200 OK"
2026-07-24 07:43:27,831 [INFO] HTTP Request: GET https://api.testnet.paradex.trade/v1/positions "HTTP/1.1 200 OK"
2026-07-24 07:43:29,916 [INFO] HTTP Request: GET https://api.testnet.paradex.trade/v1/bbo/BTC-USD-PERP "HTTP/1.1 200 OK"
2026-07-24 07:43:29,985 [INFO] HTTP Request: GET https://api.testnet.paradex.trade/v1/account "HTTP/1.1 200 OK"
2026-07-24 07:43:30,078 [INFO] HTTP Request: GET https://api.testnet.paradex.trade/v1/positions "HTTP/1.1 200 OK"
2026-07-24 07:43:32,206 [INFO] HTTP Request: GET https://api.testnet.paradex.trade/v1/bbo/BTC-USD-PERP "HTTP/1.1 200 OK"
2026-07-24 07:43:32,280 [INFO] HTTP Request: GET https://api.testnet.paradex.trade/v1/account "HTTP/1.1 200 OK"
2026-07-24 07:43:32,364 [INFO] HTTP Request: GET https://api.testnet.paradex.trade/v1/positions "HTTP/1.1 200 OK"
2026-07-24 07:43:34,448 [INFO] HTTP Request: GET https://api.testnet.paradex.trade/v1/bbo/BTC-USD-PERP "HTTP/1.1 200 OK"
2026-07-24 07:43:34,522 [INFO] HTTP Request: GET https://api.testnet.paradex.trade/v1/account "HTTP/1.1 200 OK"
2026-07-24 07:43:34,621 [INFO] HTTP Request: GET https://api.testnet.paradex.trade/v1/positions "HTTP/1.1 200 OK"
2026-07-24 07:43:36,689 [INFO] HTTP Request: GET https://api.testnet.paradex.trade/v1/bbo/BTC-USD-PERP "HTTP/1.1 200 OK"
2026-07-24 07:43:36,780 [INFO] HTTP Request: GET https://api.testnet.paradex.trade/v1/account "HTTP/1.1 200 OK"
2026-07-24 07:43:36,864 [INFO] HTTP Request: GET https://api.testnet.paradex.trade/v1/positions "HTTP/1.1 200 OK"
2026-07-24 07:43:38,933 [INFO] HTTP Request: GET https://api.testnet.paradex.trade/v1/bbo/BTC-USD-PERP "HTTP/1.1 200 OK"
2026-07-24 07:43:39,013 [INFO] HTTP Request: GET https://api.testnet.paradex.trade/v1/account "HTTP/1.1 200 OK"
2026-07-24 07:43:39,109 [INFO] HTTP Request: GET https://api.testnet.paradex.trade/v1/positions "HTTP/1.1 200 OK"
2026-07-24 07:43:41,189 [INFO] HTTP Request: GET https://api.testnet.paradex.trade/v1/bbo/BTC-USD-PERP "HTTP/1.1 200 OK"
2026-07-24 07:43:41,265 [INFO] HTTP Request: GET https://api.testnet.paradex.trade/v1/account "HTTP/1.1 200 OK"
2026-07-24 07:43:41,347 [INFO] HTTP Request: GET https://api.testnet.paradex.trade/v1/positions "HTTP/1.1 200 OK"
2026-07-24 07:43:43,421 [INFO] HTTP Request: GET https://api.testnet.paradex.trade/v1/bbo/BTC-USD-PERP "HTTP/1.1 200 OK"
2026-07-24 07:43:43,501 [INFO] HTTP Request: GET https://api.testnet.paradex.trade/v1/account "HTTP/1.1 200 OK"
2026-07-24 07:43:43,577 [INFO] HTTP Request: GET https://api.testnet.paradex.trade/v1/positions "HTTP/1.1 200 OK"
2026-07-24 07:43:45,665 [INFO] HTTP Request: GET https://api.testnet.paradex.trade/v1/bbo/BTC-USD-PERP "HTTP/1.1 200 OK"
2026-07-24 07:43:45,748 [INFO] HTTP Request: GET https://api.testnet.paradex.trade/v1/account "HTTP/1.1 200 OK"
2026-07-24 07:43:45,838 [INFO] HTTP Request: GET https://api.testnet.paradex.trade/v1/positions "HTTP/1.1 200 OK"
2026-07-24 07:43:47,914 [INFO] HTTP Request: GET https://api.testnet.paradex.trade/v1/bbo/BTC-USD-PERP "HTTP/1.1 200 OK"
2026-07-24 07:43:48,003 [INFO] HTTP Request: GET https://api.testnet.paradex.trade/v1/account "HTTP/1.1 200 OK"
2026-07-24 07:43:48,086 [INFO] HTTP Request: GET https://api.testnet.paradex.trade/v1/positions "HTTP/1.1 200 OK"
2026-07-24 07:43:50,156 [INFO] HTTP Request: GET https://api.testnet.paradex.trade/v1/bbo/BTC-USD-PERP "HTTP/1.1 200 OK"
2026-07-24 07:43:50,236 [INFO] HTTP Request: GET https://api.testnet.paradex.trade/v1/account "HTTP/1.1 200 OK"
2026-07-24 07:43:50,314 [INFO] HTTP Request: GET https://api.testnet.paradex.trade/v1/positions "HTTP/1.1 200 OK"
2026-07-24 07:43:52,391 [INFO] HTTP Request: GET https://api.testnet.paradex.trade/v1/bbo/BTC-USD-PERP "HTTP/1.1 200 OK"
2026-07-24 07:43:52,471 [INFO] HTTP Request: GET https://api.testnet.paradex.trade/v1/account "HTTP/1.1 200 OK"
2026-07-24 07:43:52,582 [INFO] HTTP Request: GET https://api.testnet.paradex.trade/v1/positions "HTTP/1.1 200 OK"
2026-07-24 07:43:54,669 [INFO] HTTP Request: GET https://api.testnet.paradex.trade/v1/bbo/BTC-USD-PERP "HTTP/1.1 200 OK"
2026-07-24 07:43:54,747 [INFO] HTTP Request: GET https://api.testnet.paradex.trade/v1/account "HTTP/1.1 200 OK"
2026-07-24 07:43:54,834 [INFO] HTTP Request: GET https://api.testnet.paradex.trade/v1/positions "HTTP/1.1 200 OK"
2026-07-24 07:43:56,907 [INFO] HTTP Request: GET https://api.testnet.paradex.trade/v1/bbo/BTC-USD-PERP "HTTP/1.1 200 OK"
2026-07-24 07:43:56,980 [INFO] HTTP Request: GET https://api.testnet.paradex.trade/v1/account "HTTP/1.1 200 OK"
2026-07-24 07:43:57,058 [INFO] HTTP Request: GET https://api.testnet.paradex.trade/v1/positions "HTTP/1.1 200 OK"
2026-07-24 07:43:59,171 [INFO] HTTP Request: GET https://api.testnet.paradex.trade/v1/bbo/BTC-USD-PERP "HTTP/1.1 200 OK"
2026-07-24 07:43:59,264 [INFO] HTTP Request: GET https://api.testnet.paradex.trade/v1/account "HTTP/1.1 200 OK"
2026-07-24 07:43:59,367 [INFO] HTTP Request: GET https://api.testnet.paradex.trade/v1/positions "HTTP/1.1 200 OK"
2026-07-24 07:44:01,437 [INFO] HTTP Request: GET https://api.testnet.paradex.trade/v1/bbo/BTC-USD-PERP "HTTP/1.1 200 OK"
2026-07-24 07:44:01,514 [INFO] HTTP Request: GET https://api.testnet.paradex.trade/v1/account "HTTP/1.1 200 OK"
2026-07-24 07:44:01,604 [INFO] HTTP Request: GET https://api.testnet.paradex.trade/v1/positions "HTTP/1.1 200 OK"
2026-07-24 07:44:03,686 [INFO] HTTP Request: GET https://api.testnet.paradex.trade/v1/bbo/BTC-USD-PERP "HTTP/1.1 200 OK"
2026-07-24 07:44:03,796 [INFO] HTTP Request: GET https://api.testnet.paradex.trade/v1/account "HTTP/1.1 200 OK"
2026-07-24 07:44:03,881 [INFO] HTTP Request: GET https://api.testnet.paradex.trade/v1/positions "HTTP/1.1 200 OK"
2026-07-24 07:44:05,951 [INFO] HTTP Request: GET https://api.testnet.paradex.trade/v1/bbo/BTC-USD-PERP "HTTP/1.1 200 OK"
2026-07-24 07:44:06,030 [INFO] HTTP Request: GET https://api.testnet.paradex.trade/v1/account "HTTP/1.1 200 OK"
2026-07-24 07:44:06,114 [INFO] HTTP Request: GET https://api.testnet.paradex.trade/v1/positions "HTTP/1.1 200 OK"
2026-07-24 07:44:08,186 [INFO] HTTP Request: GET https://api.testnet.paradex.trade/v1/bbo/BTC-USD-PERP "HTTP/1.1 200 OK"
2026-07-24 07:44:08,268 [INFO] HTTP Request: GET https://api.testnet.paradex.trade/v1/account "HTTP/1.1 200 OK"
2026-07-24 07:44:08,369 [INFO] HTTP Request: GET https://api.testnet.paradex.trade/v1/positions "HTTP/1.1 200 OK"
2026-07-24 07:44:10,454 [INFO] HTTP Request: GET https://api.testnet.paradex.trade/v1/bbo/BTC-USD-PERP "HTTP/1.1 200 OK"
2026-07-24 07:44:10,537 [INFO] HTTP Request: GET https://api.testnet.paradex.trade/v1/account "HTTP/1.1 200 OK"
2026-07-24 07:44:10,620 [INFO] HTTP Request: GET https://api.testnet.paradex.trade/v1/positions "HTTP/1.1 200 OK"
2026-07-24 07:44:12,709 [INFO] HTTP Request: GET https://api.testnet.paradex.trade/v1/bbo/BTC-USD-PERP "HTTP/1.1 200 OK"
2026-07-24 07:44:12,784 [INFO] HTTP Request: GET https://api.testnet.paradex.trade/v1/account "HTTP/1.1 200 OK"
2026-07-24 07:44:12,868 [INFO] HTTP Request: GET https://api.testnet.paradex.trade/v1/positions "HTTP/1.1 200 OK"
2026-07-24 07:44:14,972 [INFO] HTTP Request: GET https://api.testnet.paradex.trade/v1/bbo/BTC-USD-PERP "HTTP/1.1 200 OK"
2026-07-24 07:44:15,070 [INFO] HTTP Request: GET https://api.testnet.paradex.trade/v1/account "HTTP/1.1 200 OK"
2026-07-24 07:44:15,154 [INFO] HTTP Request: GET https://api.testnet.paradex.trade/v1/positions "HTTP/1.1 200 OK"
2026-07-24 07:44:17,250 [INFO] HTTP Request: GET https://api.testnet.paradex.trade/v1/bbo/BTC-USD-PERP "HTTP/1.1 200 OK"
2026-07-24 07:44:17,321 [INFO] HTTP Request: GET https://api.testnet.paradex.trade/v1/account "HTTP/1.1 200 OK"
2026-07-24 07:44:17,405 [INFO] HTTP Request: GET https://api.testnet.paradex.trade/v1/positions "HTTP/1.1 200 OK"
2026-07-24 07:44:19,509 [INFO] HTTP Request: GET https://api.testnet.paradex.trade/v1/bbo/BTC-USD-PERP "HTTP/1.1 200 OK"
2026-07-24 07:44:19,580 [INFO] HTTP Request: GET https://api.testnet.paradex.trade/v1/account "HTTP/1.1 200 OK"
2026-07-24 07:44:19,655 [INFO] HTTP Request: GET https://api.testnet.paradex.trade/v1/positions "HTTP/1.1 200 OK"
2026-07-24 07:44:21,741 [INFO] HTTP Request: GET https://api.testnet.paradex.trade/v1/bbo/BTC-USD-PERP "HTTP/1.1 200 OK"
2026-07-24 07:44:21,821 [INFO] HTTP Request: GET https://api.testnet.paradex.trade/v1/account "HTTP/1.1 200 OK"
2026-07-24 07:44:21,903 [INFO] HTTP Request: GET https://api.testnet.paradex.trade/v1/positions "HTTP/1.1 200 OK"
2026-07-24 07:44:23,973 [INFO] HTTP Request: GET https://api.testnet.paradex.trade/v1/bbo/BTC-USD-PERP "HTTP/1.1 200 OK"
2026-07-24 07:44:24,047 [INFO] HTTP Request: GET https://api.testnet.paradex.trade/v1/account "HTTP/1.1 200 OK"
2026-07-24 07:44:24,121 [INFO] HTTP Request: GET https://api.testnet.paradex.trade/v1/positions "HTTP/1.1 200 OK"
2026-07-24 07:44:26,198 [INFO] HTTP Request: GET https://api.testnet.paradex.trade/v1/bbo/BTC-USD-PERP "HTTP/1.1 200 OK"
2026-07-24 07:44:26,271 [INFO] HTTP Request: GET https://api.testnet.paradex.trade/v1/account "HTTP/1.1 200 OK"
2026-07-24 07:44:26,353 [INFO] HTTP Request: GET https://api.testnet.paradex.trade/v1/positions "HTTP/1.1 200 OK"
2026-07-24 07:44:28,451 [INFO] HTTP Request: GET https://api.testnet.paradex.trade/v1/bbo/BTC-USD-PERP "HTTP/1.1 200 OK"
2026-07-24 07:44:28,527 [INFO] HTTP Request: GET https://api.testnet.paradex.trade/v1/account "HTTP/1.1 200 OK"
2026-07-24 07:44:28,614 [INFO] HTTP Request: GET https://api.testnet.paradex.trade/v1/positions "HTTP/1.1 200 OK"
2026-07-24 07:44:30,698 [INFO] HTTP Request: GET https://api.testnet.paradex.trade/v1/bbo/BTC-USD-PERP "HTTP/1.1 200 OK"
2026-07-24 07:44:30,780 [INFO] HTTP Request: GET https://api.testnet.paradex.trade/v1/account "HTTP/1.1 200 OK"
2026-07-24 07:44:30,867 [INFO] HTTP Request: GET https://api.testnet.paradex.trade/v1/positions "HTTP/1.1 200 OK"
2026-07-24 07:44:32,954 [INFO] HTTP Request: GET https://api.testnet.paradex.trade/v1/bbo/BTC-USD-PERP "HTTP/1.1 200 OK"
2026-07-24 07:44:33,032 [INFO] HTTP Request: GET https://api.testnet.paradex.trade/v1/account "HTTP/1.1 200 OK"
2026-07-24 07:44:33,124 [INFO] HTTP Request: GET https://api.testnet.paradex.trade/v1/positions "HTTP/1.1 200 OK"
2026-07-24 07:44:35,209 [INFO] HTTP Request: GET https://api.testnet.paradex.trade/v1/bbo/BTC-USD-PERP "HTTP/1.1 200 OK"
2026-07-24 07:44:35,289 [INFO] HTTP Request: GET https://api.testnet.paradex.trade/v1/account "HTTP/1.1 200 OK"
2026-07-24 07:44:35,372 [INFO] HTTP Request: GET https://api.testnet.paradex.trade/v1/positions "HTTP/1.1 200 OK"
2026-07-24 07:44:37,437 [INFO] HTTP Request: GET https://api.testnet.paradex.trade/v1/bbo/BTC-USD-PERP "HTTP/1.1 200 OK"
2026-07-24 07:44:37,536 [INFO] HTTP Request: GET https://api.testnet.paradex.trade/v1/account "HTTP/1.1 200 OK"
2026-07-24 07:44:37,623 [INFO] HTTP Request: GET https://api.testnet.paradex.trade/v1/positions "HTTP/1.1 200 OK"
2026-07-24 07:44:39,706 [INFO] HTTP Request: GET https://api.testnet.paradex.trade/v1/bbo/BTC-USD-PERP "HTTP/1.1 200 OK"
2026-07-24 07:44:39,787 [INFO] HTTP Request: GET https://api.testnet.paradex.trade/v1/account "HTTP/1.1 200 OK"
2026-07-24 07:44:39,880 [INFO] HTTP Request: GET https://api.testnet.paradex.trade/v1/positions "HTTP/1.1 200 OK"
2026-07-24 07:44:41,954 [INFO] HTTP Request: GET https://api.testnet.paradex.trade/v1/bbo/BTC-USD-PERP "HTTP/1.1 200 OK"
2026-07-24 07:44:42,054 [INFO] HTTP Request: GET https://api.testnet.paradex.trade/v1/account "HTTP/1.1 200 OK"
2026-07-24 07:44:42,153 [INFO] HTTP Request: GET https://api.testnet.paradex.trade/v1/positions "HTTP/1.1 200 OK"
2026-07-24 07:44:44,255 [INFO] HTTP Request: GET https://api.testnet.paradex.trade/v1/bbo/BTC-USD-PERP "HTTP/1.1 200 OK"
2026-07-24 07:44:44,332 [INFO] HTTP Request: GET https://api.testnet.paradex.trade/v1/account "HTTP/1.1 200 OK"
2026-07-24 07:44:44,414 [INFO] HTTP Request: GET https://api.testnet.paradex.trade/v1/positions "HTTP/1.1 200 OK"
2026-07-24 07:44:46,488 [INFO] HTTP Request: GET https://api.testnet.paradex.trade/v1/bbo/BTC-USD-PERP "HTTP/1.1 200 OK"
2026-07-24 07:44:46,564 [INFO] HTTP Request: GET https://api.testnet.paradex.trade/v1/account "HTTP/1.1 200 OK"
2026-07-24 07:44:46,663 [INFO] HTTP Request: GET https://api.testnet.paradex.trade/v1/positions "HTTP/1.1 200 OK"
2026-07-24 07:44:48,734 [INFO] HTTP Request: GET https://api.testnet.paradex.trade/v1/bbo/BTC-USD-PERP "HTTP/1.1 200 OK"
2026-07-24 07:44:48,810 [INFO] HTTP Request: GET https://api.testnet.paradex.trade/v1/account "HTTP/1.1 200 OK"
2026-07-24 07:44:48,903 [INFO] HTTP Request: GET https://api.testnet.paradex.trade/v1/positions "HTTP/1.1 200 OK"
2026-07-24 07:44:50,990 [INFO] HTTP Request: GET https://api.testnet.paradex.trade/v1/bbo/BTC-USD-PERP "HTTP/1.1 200 OK"
2026-07-24 07:44:51,069 [INFO] HTTP Request: GET https://api.testnet.paradex.trade/v1/account "HTTP/1.1 200 OK"
2026-07-24 07:44:51,155 [INFO] HTTP Request: GET https://api.testnet.paradex.trade/v1/positions "HTTP/1.1 200 OK"
2026-07-24 07:44:53,234 [INFO] HTTP Request: GET https://api.testnet.paradex.trade/v1/bbo/BTC-USD-PERP "HTTP/1.1 200 OK"
2026-07-24 07:44:53,305 [INFO] HTTP Request: GET https://api.testnet.paradex.trade/v1/account "HTTP/1.1 200 OK"
2026-07-24 07:44:53,401 [INFO] HTTP Request: GET https://api.testnet.paradex.trade/v1/positions "HTTP/1.1 200 OK"
2026-07-24 07:44:55,480 [INFO] HTTP Request: GET https://api.testnet.paradex.trade/v1/bbo/BTC-USD-PERP "HTTP/1.1 200 OK"
2026-07-24 07:44:55,556 [INFO] HTTP Request: GET https://api.testnet.paradex.trade/v1/account "HTTP/1.1 200 OK"
2026-07-24 07:44:55,648 [INFO] HTTP Request: GET https://api.testnet.paradex.trade/v1/positions "HTTP/1.1 200 OK"
2026-07-24 07:44:57,738 [INFO] HTTP Request: GET https://api.testnet.paradex.trade/v1/bbo/BTC-USD-PERP "HTTP/1.1 200 OK"
2026-07-24 07:44:57,827 [INFO] HTTP Request: GET https://api.testnet.paradex.trade/v1/account "HTTP/1.1 200 OK"
2026-07-24 07:44:57,905 [INFO] HTTP Request: GET https://api.testnet.paradex.trade/v1/positions "HTTP/1.1 200 OK"
2026-07-24 07:44:59,987 [INFO] HTTP Request: GET https://api.testnet.paradex.trade/v1/bbo/BTC-USD-PERP "HTTP/1.1 200 OK"
2026-07-24 07:45:00,089 [INFO] HTTP Request: GET https://api.testnet.paradex.trade/v1/account "HTTP/1.1 200 OK"
2026-07-24 07:45:00,221 [INFO] HTTP Request: GET https://api.testnet.paradex.trade/v1/positions "HTTP/1.1 200 OK"
2026-07-24 07:45:02,304 [INFO] HTTP Request: GET https://api.testnet.paradex.trade/v1/bbo/BTC-USD-PERP "HTTP/1.1 200 OK"
2026-07-24 07:45:02,380 [INFO] HTTP Request: GET https://api.testnet.paradex.trade/v1/account "HTTP/1.1 200 OK"
2026-07-24 07:45:02,464 [INFO] HTTP Request: GET https://api.testnet.paradex.trade/v1/positions "HTTP/1.1 200 OK"
2026-07-24 07:45:04,540 [INFO] HTTP Request: GET https://api.testnet.paradex.trade/v1/bbo/BTC-USD-PERP "HTTP/1.1 200 OK"
2026-07-24 07:45:04,621 [INFO] HTTP Request: GET https://api.testnet.paradex.trade/v1/account "HTTP/1.1 200 OK"
2026-07-24 07:45:04,704 [INFO] HTTP Request: GET https://api.testnet.paradex.trade/v1/positions "HTTP/1.1 200 OK"
2026-07-24 07:45:06,781 [INFO] HTTP Request: GET https://api.testnet.paradex.trade/v1/bbo/BTC-USD-PERP "HTTP/1.1 200 OK"
2026-07-24 07:45:06,878 [INFO] HTTP Request: GET https://api.testnet.paradex.trade/v1/account "HTTP/1.1 200 OK"
2026-07-24 07:45:06,954 [INFO] HTTP Request: GET https://api.testnet.paradex.trade/v1/positions "HTTP/1.1 200 OK"
2026-07-24 07:45:09,044 [INFO] HTTP Request: GET https://api.testnet.paradex.trade/v1/bbo/BTC-USD-PERP "HTTP/1.1 200 OK"
2026-07-24 07:45:09,119 [INFO] HTTP Request: GET https://api.testnet.paradex.trade/v1/account "HTTP/1.1 200 OK"
2026-07-24 07:45:09,211 [INFO] HTTP Request: GET https://api.testnet.paradex.trade/v1/positions "HTTP/1.1 200 OK"
2026-07-24 07:45:11,281 [INFO] HTTP Request: GET https://api.testnet.paradex.trade/v1/bbo/BTC-USD-PERP "HTTP/1.1 200 OK"
2026-07-24 07:45:11,364 [INFO] HTTP Request: GET https://api.testnet.paradex.trade/v1/account "HTTP/1.1 200 OK"
2026-07-24 07:45:11,447 [INFO] HTTP Request: GET https://api.testnet.paradex.trade/v1/positions "HTTP/1.1 200 OK"
2026-07-24 07:45:13,524 [INFO] HTTP Request: GET https://api.testnet.paradex.trade/v1/bbo/BTC-USD-PERP "HTTP/1.1 200 OK"
2026-07-24 07:45:13,609 [INFO] HTTP Request: GET https://api.testnet.paradex.trade/v1/account "HTTP/1.1 200 OK"
2026-07-24 07:45:13,700 [INFO] HTTP Request: GET https://api.testnet.paradex.trade/v1/positions "HTTP/1.1 200 OK"
2026-07-24 07:45:15,786 [INFO] HTTP Request: GET https://api.testnet.paradex.trade/v1/bbo/BTC-USD-PERP "HTTP/1.1 200 OK"
2026-07-24 07:45:15,864 [INFO] HTTP Request: GET https://api.testnet.paradex.trade/v1/account "HTTP/1.1 200 OK"
2026-07-24 07:45:15,969 [INFO] HTTP Request: GET https://api.testnet.paradex.trade/v1/positions "HTTP/1.1 200 OK"
2026-07-24 07:45:18,065 [INFO] HTTP Request: GET https://api.testnet.paradex.trade/v1/bbo/BTC-USD-PERP "HTTP/1.1 200 OK"
2026-07-24 07:45:18,145 [INFO] HTTP Request: GET https://api.testnet.paradex.trade/v1/account "HTTP/1.1 200 OK"
2026-07-24 07:45:18,226 [INFO] HTTP Request: GET https://api.testnet.paradex.trade/v1/positions "HTTP/1.1 200 OK"
2026-07-24 07:45:20,312 [INFO] HTTP Request: GET https://api.testnet.paradex.trade/v1/bbo/BTC-USD-PERP "HTTP/1.1 200 OK"
2026-07-24 07:45:20,384 [INFO] HTTP Request: GET https://api.testnet.paradex.trade/v1/account "HTTP/1.1 200 OK"
2026-07-24 07:45:20,466 [INFO] HTTP Request: GET https://api.testnet.paradex.trade/v1/positions "HTTP/1.1 200 OK"
2026-07-24 07:45:22,556 [INFO] HTTP Request: GET https://api.testnet.paradex.trade/v1/bbo/BTC-USD-PERP "HTTP/1.1 200 OK"
2026-07-24 07:45:22,647 [INFO] HTTP Request: GET https://api.testnet.paradex.trade/v1/account "HTTP/1.1 200 OK"
2026-07-24 07:45:22,729 [INFO] HTTP Request: GET https://api.testnet.paradex.trade/v1/positions "HTTP/1.1 200 OK"
2026-07-24 07:45:24,797 [INFO] HTTP Request: GET https://api.testnet.paradex.trade/v1/bbo/BTC-USD-PERP "HTTP/1.1 200 OK"
2026-07-24 07:45:24,877 [INFO] HTTP Request: GET https://api.testnet.paradex.trade/v1/account "HTTP/1.1 200 OK"
2026-07-24 07:45:24,961 [INFO] HTTP Request: GET https://api.testnet.paradex.trade/v1/positions "HTTP/1.1 200 OK"
2026-07-24 07:45:27,035 [INFO] HTTP Request: GET https://api.testnet.paradex.trade/v1/bbo/BTC-USD-PERP "HTTP/1.1 200 OK"
2026-07-24 07:45:27,114 [INFO] HTTP Request: GET https://api.testnet.paradex.trade/v1/account "HTTP/1.1 200 OK"
2026-07-24 07:45:27,190 [INFO] HTTP Request: GET https://api.testnet.paradex.trade/v1/positions "HTTP/1.1 200 OK"
2026-07-24 07:45:29,285 [INFO] HTTP Request: GET https://api.testnet.paradex.trade/v1/bbo/BTC-USD-PERP "HTTP/1.1 200 OK"
2026-07-24 07:45:29,367 [INFO] HTTP Request: GET https://api.testnet.paradex.trade/v1/account "HTTP/1.1 200 OK"
2026-07-24 07:45:29,448 [INFO] HTTP Request: GET https://api.testnet.paradex.trade/v1/positions "HTTP/1.1 200 OK"
2026-07-24 07:45:31,530 [INFO] HTTP Request: GET https://api.testnet.paradex.trade/v1/bbo/BTC-USD-PERP "HTTP/1.1 200 OK"
2026-07-24 07:45:31,636 [INFO] HTTP Request: GET https://api.testnet.paradex.trade/v1/account "HTTP/1.1 200 OK"
2026-07-24 07:45:31,714 [INFO] HTTP Request: GET https://api.testnet.paradex.trade/v1/positions "HTTP/1.1 200 OK"
2026-07-24 07:45:33,816 [INFO] HTTP Request: GET https://api.testnet.paradex.trade/v1/bbo/BTC-USD-PERP "HTTP/1.1 200 OK"
2026-07-24 07:45:33,888 [INFO] HTTP Request: GET https://api.testnet.paradex.trade/v1/account "HTTP/1.1 200 OK"
2026-07-24 07:45:33,995 [INFO] HTTP Request: GET https://api.testnet.paradex.trade/v1/positions "HTTP/1.1 200 OK"
2026-07-24 07:45:36,076 [INFO] HTTP Request: GET https://api.testnet.paradex.trade/v1/bbo/BTC-USD-PERP "HTTP/1.1 200 OK"
2026-07-24 07:45:36,154 [INFO] HTTP Request: GET https://api.testnet.paradex.trade/v1/account "HTTP/1.1 200 OK"
2026-07-24 07:45:36,242 [INFO] HTTP Request: GET https://api.testnet.paradex.trade/v1/positions "HTTP/1.1 200 OK"
2026-07-24 07:45:38,322 [INFO] HTTP Request: GET https://api.testnet.paradex.trade/v1/bbo/BTC-USD-PERP "HTTP/1.1 200 OK"
2026-07-24 07:45:38,397 [INFO] HTTP Request: GET https://api.testnet.paradex.trade/v1/account "HTTP/1.1 200 OK"
2026-07-24 07:45:38,482 [INFO] HTTP Request: GET https://api.testnet.paradex.trade/v1/positions "HTTP/1.1 200 OK"
2026-07-24 07:45:40,571 [INFO] HTTP Request: GET https://api.testnet.paradex.trade/v1/bbo/BTC-USD-PERP "HTTP/1.1 200 OK"
2026-07-24 07:45:40,647 [INFO] HTTP Request: GET https://api.testnet.paradex.trade/v1/account "HTTP/1.1 200 OK"
2026-07-24 07:45:40,730 [INFO] HTTP Request: GET https://api.testnet.paradex.trade/v1/positions "HTTP/1.1 200 OK"
2026-07-24 07:45:42,809 [INFO] HTTP Request: GET https://api.testnet.paradex.trade/v1/bbo/BTC-USD-PERP "HTTP/1.1 200 OK"
2026-07-24 07:45:42,886 [INFO] HTTP Request: GET https://api.testnet.paradex.trade/v1/account "HTTP/1.1 200 OK"
2026-07-24 07:45:42,972 [INFO] HTTP Request: GET https://api.testnet.paradex.trade/v1/positions "HTTP/1.1 200 OK"
2026-07-24 07:45:45,064 [INFO] HTTP Request: GET https://api.testnet.paradex.trade/v1/bbo/BTC-USD-PERP "HTTP/1.1 200 OK"
2026-07-24 07:45:45,146 [INFO] HTTP Request: GET https://api.testnet.paradex.trade/v1/account "HTTP/1.1 200 OK"
2026-07-24 07:45:45,231 [INFO] HTTP Request: GET https://api.testnet.paradex.trade/v1/positions "HTTP/1.1 200 OK"
2026-07-24 07:45:47,304 [INFO] HTTP Request: GET https://api.testnet.paradex.trade/v1/bbo/BTC-USD-PERP "HTTP/1.1 200 OK"
2026-07-24 07:45:47,380 [INFO] HTTP Request: GET https://api.testnet.paradex.trade/v1/account "HTTP/1.1 200 OK"
2026-07-24 07:45:47,464 [INFO] HTTP Request: GET https://api.testnet.paradex.trade/v1/positions "HTTP/1.1 200 OK"
2026-07-24 07:45:49,558 [INFO] HTTP Request: GET https://api.testnet.paradex.trade/v1/bbo/BTC-USD-PERP "HTTP/1.1 200 OK"
2026-07-24 07:45:49,634 [INFO] HTTP Request: GET https://api.testnet.paradex.trade/v1/account "HTTP/1.1 200 OK"
2026-07-24 07:45:49,718 [INFO] HTTP Request: GET https://api.testnet.paradex.trade/v1/positions "HTTP/1.1 200 OK"
2026-07-24 07:45:51,803 [INFO] HTTP Request: GET https://api.testnet.paradex.trade/v1/bbo/BTC-USD-PERP "HTTP/1.1 200 OK"
2026-07-24 07:45:51,881 [INFO] HTTP Request: GET https://api.testnet.paradex.trade/v1/account "HTTP/1.1 200 OK"
2026-07-24 07:45:51,960 [INFO] HTTP Request: GET https://api.testnet.paradex.trade/v1/positions "HTTP/1.1 200 OK"
2026-07-24 07:45:54,087 [INFO] HTTP Request: GET https://api.testnet.paradex.trade/v1/bbo/BTC-USD-PERP "HTTP/1.1 200 OK"
2026-07-24 07:45:54,223 [INFO] HTTP Request: GET https://api.testnet.paradex.trade/v1/account "HTTP/1.1 200 OK"
2026-07-24 07:45:54,408 [INFO] HTTP Request: GET https://api.testnet.paradex.trade/v1/positions "HTTP/1.1 200 OK"
2026-07-24 07:45:56,512 [INFO] HTTP Request: GET https://api.testnet.paradex.trade/v1/bbo/BTC-USD-PERP "HTTP/1.1 200 OK"
2026-07-24 07:45:56,589 [INFO] HTTP Request: GET https://api.testnet.paradex.trade/v1/account "HTTP/1.1 200 OK"
2026-07-24 07:45:56,680 [INFO] HTTP Request: GET https://api.testnet.paradex.trade/v1/positions "HTTP/1.1 200 OK"
2026-07-24 07:45:58,771 [INFO] HTTP Request: GET https://api.testnet.paradex.trade/v1/bbo/BTC-USD-PERP "HTTP/1.1 200 OK"
2026-07-24 07:45:58,854 [INFO] HTTP Request: GET https://api.testnet.paradex.trade/v1/account "HTTP/1.1 200 OK"
2026-07-24 07:45:58,936 [INFO] HTTP Request: GET https://api.testnet.paradex.trade/v1/positions "HTTP/1.1 200 OK"
2026-07-24 07:46:01,026 [INFO] HTTP Request: GET https://api.testnet.paradex.trade/v1/bbo/BTC-USD-PERP "HTTP/1.1 200 OK"
2026-07-24 07:46:01,114 [INFO] HTTP Request: GET https://api.testnet.paradex.trade/v1/account "HTTP/1.1 200 OK"
2026-07-24 07:46:01,193 [INFO] HTTP Request: GET https://api.testnet.paradex.trade/v1/positions "HTTP/1.1 200 OK"
2026-07-24 07:46:03,276 [INFO] HTTP Request: GET https://api.testnet.paradex.trade/v1/bbo/BTC-USD-PERP "HTTP/1.1 200 OK"
2026-07-24 07:46:03,353 [INFO] HTTP Request: GET https://api.testnet.paradex.trade/v1/account "HTTP/1.1 200 OK"
2026-07-24 07:46:03,438 [INFO] HTTP Request: GET https://api.testnet.paradex.trade/v1/positions "HTTP/1.1 200 OK"
2026-07-24 07:46:05,522 [INFO] HTTP Request: GET https://api.testnet.paradex.trade/v1/bbo/BTC-USD-PERP "HTTP/1.1 200 OK"
2026-07-24 07:46:05,605 [INFO] HTTP Request: GET https://api.testnet.paradex.trade/v1/account "HTTP/1.1 200 OK"
2026-07-24 07:46:05,694 [INFO] HTTP Request: GET https://api.testnet.paradex.trade/v1/positions "HTTP/1.1 200 OK"
2026-07-24 07:46:07,901 [INFO] HTTP Request: GET https://api.testnet.paradex.trade/v1/bbo/BTC-USD-PERP "HTTP/1.1 200 OK"
2026-07-24 07:46:08,124 [INFO] HTTP Request: GET https://api.testnet.paradex.trade/v1/account "HTTP/1.1 200 OK"
2026-07-24 07:46:08,212 [INFO] HTTP Request: GET https://api.testnet.paradex.trade/v1/positions "HTTP/1.1 200 OK"
2026-07-24 07:46:10,273 [INFO] HTTP Request: GET https://api.testnet.paradex.trade/v1/bbo/BTC-USD-PERP "HTTP/1.1 200 OK"
2026-07-24 07:46:10,361 [INFO] HTTP Request: GET https://api.testnet.paradex.trade/v1/account "HTTP/1.1 200 OK"
2026-07-24 07:46:10,443 [INFO] HTTP Request: GET https://api.testnet.paradex.trade/v1/positions "HTTP/1.1 200 OK"
2026-07-24 07:46:12,546 [INFO] HTTP Request: GET https://api.testnet.paradex.trade/v1/bbo/BTC-USD-PERP "HTTP/1.1 200 OK"
2026-07-24 07:46:12,723 [INFO] HTTP Request: POST https://api.testnet.paradex.trade/v1/auth/0x355512bacffd591ee8f52264d0c35a334dc7f659fa23e344a3364e9201a8343 "HTTP/1.1 200 OK"
2026-07-24 07:46:12,798 [INFO] HTTP Request: GET https://api.testnet.paradex.trade/v1/account "HTTP/1.1 200 OK"
2026-07-24 07:46:12,905 [INFO] HTTP Request: GET https://api.testnet.paradex.trade/v1/positions "HTTP/1.1 200 OK"
2026-07-24 07:46:14,991 [INFO] HTTP Request: GET https://api.testnet.paradex.trade/v1/bbo/BTC-USD-PERP "HTTP/1.1 200 OK"
2026-07-24 07:46:15,067 [INFO] HTTP Request: GET https://api.testnet.paradex.trade/v1/account "HTTP/1.1 200 OK"
2026-07-24 07:46:15,141 [INFO] HTTP Request: GET https://api.testnet.paradex.trade/v1/positions "HTTP/1.1 200 OK"
2026-07-24 07:46:17,222 [INFO] HTTP Request: GET https://api.testnet.paradex.trade/v1/bbo/BTC-USD-PERP "HTTP/1.1 200 OK"
2026-07-24 07:46:17,300 [INFO] HTTP Request: GET https://api.testnet.paradex.trade/v1/account "HTTP/1.1 200 OK"
2026-07-24 07:46:17,380 [INFO] HTTP Request: GET https://api.testnet.paradex.trade/v1/positions "HTTP/1.1 200 OK"
2026-07-24 07:46:19,472 [INFO] HTTP Request: GET https://api.testnet.paradex.trade/v1/bbo/BTC-USD-PERP "HTTP/1.1 200 OK"
2026-07-24 07:46:19,548 [INFO] HTTP Request: GET https://api.testnet.paradex.trade/v1/account "HTTP/1.1 200 OK"
2026-07-24 07:46:19,659 [INFO] HTTP Request: GET https://api.testnet.paradex.trade/v1/positions "HTTP/1.1 200 OK"
2026-07-24 07:46:21,738 [INFO] HTTP Request: GET https://api.testnet.paradex.trade/v1/bbo/BTC-USD-PERP "HTTP/1.1 200 OK"
2026-07-24 07:46:21,815 [INFO] HTTP Request: GET https://api.testnet.paradex.trade/v1/account "HTTP/1.1 200 OK"
2026-07-24 07:46:21,897 [INFO] HTTP Request: GET https://api.testnet.paradex.trade/v1/positions "HTTP/1.1 200 OK"
2026-07-24 07:46:23,999 [INFO] HTTP Request: GET https://api.testnet.paradex.trade/v1/bbo/BTC-USD-PERP "HTTP/1.1 200 OK"
2026-07-24 07:46:24,071 [INFO] HTTP Request: GET https://api.testnet.paradex.trade/v1/account "HTTP/1.1 200 OK"
2026-07-24 07:46:24,150 [INFO] HTTP Request: GET https://api.testnet.paradex.trade/v1/positions "HTTP/1.1 200 OK"
2026-07-24 07:46:26,231 [INFO] HTTP Request: GET https://api.testnet.paradex.trade/v1/bbo/BTC-USD-PERP "HTTP/1.1 200 OK"
2026-07-24 07:46:26,305 [INFO] HTTP Request: GET https://api.testnet.paradex.trade/v1/account "HTTP/1.1 200 OK"
2026-07-24 07:46:26,386 [INFO] HTTP Request: GET https://api.testnet.paradex.trade/v1/positions "HTTP/1.1 200 OK"
2026-07-24 07:46:28,472 [INFO] HTTP Request: GET https://api.testnet.paradex.trade/v1/bbo/BTC-USD-PERP "HTTP/1.1 200 OK"
2026-07-24 07:46:28,562 [INFO] HTTP Request: GET https://api.testnet.paradex.trade/v1/account "HTTP/1.1 200 OK"
2026-07-24 07:46:28,641 [INFO] HTTP Request: GET https://api.testnet.paradex.trade/v1/positions "HTTP/1.1 200 OK"
2026-07-24 07:46:30,725 [INFO] HTTP Request: GET https://api.testnet.paradex.trade/v1/bbo/BTC-USD-PERP "HTTP/1.1 200 OK"
2026-07-24 07:46:30,806 [INFO] HTTP Request: GET https://api.testnet.paradex.trade/v1/account "HTTP/1.1 200 OK"
2026-07-24 07:46:30,882 [INFO] HTTP Request: GET https://api.testnet.paradex.trade/v1/positions "HTTP/1.1 200 OK"
2026-07-24 07:46:32,954 [INFO] HTTP Request: GET https://api.testnet.paradex.trade/v1/bbo/BTC-USD-PERP "HTTP/1.1 200 OK"
2026-07-24 07:46:33,031 [INFO] HTTP Request: GET https://api.testnet.paradex.trade/v1/account "HTTP/1.1 200 OK"
2026-07-24 07:46:33,145 [INFO] HTTP Request: GET https://api.testnet.paradex.trade/v1/positions "HTTP/1.1 200 OK"
2026-07-24 07:46:35,227 [INFO] HTTP Request: GET https://api.testnet.paradex.trade/v1/bbo/BTC-USD-PERP "HTTP/1.1 200 OK"
2026-07-24 07:46:35,305 [INFO] HTTP Request: GET https://api.testnet.paradex.trade/v1/account "HTTP/1.1 200 OK"
2026-07-24 07:46:35,391 [INFO] HTTP Request: GET https://api.testnet.paradex.trade/v1/positions "HTTP/1.1 200 OK"
2026-07-24 07:46:37,467 [INFO] HTTP Request: GET https://api.testnet.paradex.trade/v1/bbo/BTC-USD-PERP "HTTP/1.1 200 OK"
2026-07-24 07:46:37,543 [INFO] HTTP Request: GET https://api.testnet.paradex.trade/v1/account "HTTP/1.1 200 OK"
2026-07-24 07:46:37,625 [INFO] HTTP Request: GET https://api.testnet.paradex.trade/v1/positions "HTTP/1.1 200 OK"
2026-07-24 07:46:39,712 [INFO] HTTP Request: GET https://api.testnet.paradex.trade/v1/bbo/BTC-USD-PERP "HTTP/1.1 200 OK"
2026-07-24 07:46:39,811 [INFO] HTTP Request: GET https://api.testnet.paradex.trade/v1/account "HTTP/1.1 200 OK"
2026-07-24 07:46:39,886 [INFO] HTTP Request: GET https://api.testnet.paradex.trade/v1/positions "HTTP/1.1 200 OK"
2026-07-24 07:46:41,980 [INFO] HTTP Request: GET https://api.testnet.paradex.trade/v1/bbo/BTC-USD-PERP "HTTP/1.1 200 OK"
2026-07-24 07:46:42,054 [INFO] HTTP Request: GET https://api.testnet.paradex.trade/v1/account "HTTP/1.1 200 OK"
2026-07-24 07:46:42,138 [INFO] HTTP Request: GET https://api.testnet.paradex.trade/v1/positions "HTTP/1.1 200 OK"
2026-07-24 07:46:44,204 [INFO] HTTP Request: GET https://api.testnet.paradex.trade/v1/bbo/BTC-USD-PERP "HTTP/1.1 200 OK"
2026-07-24 07:46:44,281 [INFO] HTTP Request: GET https://api.testnet.paradex.trade/v1/account "HTTP/1.1 200 OK"
2026-07-24 07:46:44,360 [INFO] HTTP Request: GET https://api.testnet.paradex.trade/v1/positions "HTTP/1.1 200 OK"
2026-07-24 07:46:46,446 [INFO] HTTP Request: GET https://api.testnet.paradex.trade/v1/bbo/BTC-USD-PERP "HTTP/1.1 200 OK"
2026-07-24 07:46:46,522 [INFO] HTTP Request: GET https://api.testnet.paradex.trade/v1/account "HTTP/1.1 200 OK"
2026-07-24 07:46:46,605 [INFO] HTTP Request: GET https://api.testnet.paradex.trade/v1/positions "HTTP/1.1 200 OK"
2026-07-24 07:46:48,680 [INFO] HTTP Request: GET https://api.testnet.paradex.trade/v1/bbo/BTC-USD-PERP "HTTP/1.1 200 OK"
2026-07-24 07:46:48,752 [INFO] HTTP Request: GET https://api.testnet.paradex.trade/v1/account "HTTP/1.1 200 OK"
2026-07-24 07:46:48,830 [INFO] HTTP Request: GET https://api.testnet.paradex.trade/v1/positions "HTTP/1.1 200 OK"
2026-07-24 07:46:50,906 [INFO] HTTP Request: GET https://api.testnet.paradex.trade/v1/bbo/BTC-USD-PERP "HTTP/1.1 200 OK"
2026-07-24 07:46:50,989 [INFO] HTTP Request: GET https://api.testnet.paradex.trade/v1/account "HTTP/1.1 200 OK"
2026-07-24 07:46:51,073 [INFO] HTTP Request: GET https://api.testnet.paradex.trade/v1/positions "HTTP/1.1 200 OK"
2026-07-24 07:46:53,153 [INFO] HTTP Request: GET https://api.testnet.paradex.trade/v1/bbo/BTC-USD-PERP "HTTP/1.1 200 OK"
2026-07-24 07:46:53,232 [INFO] HTTP Request: GET https://api.testnet.paradex.trade/v1/account "HTTP/1.1 200 OK"
2026-07-24 07:46:53,314 [INFO] HTTP Request: GET https://api.testnet.paradex.trade/v1/positions "HTTP/1.1 200 OK"
2026-07-24 07:46:55,406 [INFO] HTTP Request: GET https://api.testnet.paradex.trade/v1/bbo/BTC-USD-PERP "HTTP/1.1 200 OK"
2026-07-24 07:46:55,495 [INFO] HTTP Request: GET https://api.testnet.paradex.trade/v1/account "HTTP/1.1 200 OK"
2026-07-24 07:46:55,572 [INFO] HTTP Request: GET https://api.testnet.paradex.trade/v1/positions "HTTP/1.1 200 OK"
2026-07-24 07:46:57,655 [INFO] HTTP Request: GET https://api.testnet.paradex.trade/v1/bbo/BTC-USD-PERP "HTTP/1.1 200 OK"
2026-07-24 07:46:57,731 [INFO] HTTP Request: GET https://api.testnet.paradex.trade/v1/account "HTTP/1.1 200 OK"
2026-07-24 07:46:57,813 [INFO] HTTP Request: GET https://api.testnet.paradex.trade/v1/positions "HTTP/1.1 200 OK"
2026-07-24 07:46:59,906 [INFO] HTTP Request: GET https://api.testnet.paradex.trade/v1/bbo/BTC-USD-PERP "HTTP/1.1 200 OK"
2026-07-24 07:46:59,980 [INFO] HTTP Request: GET https://api.testnet.paradex.trade/v1/account "HTTP/1.1 200 OK"
2026-07-24 07:47:00,106 [INFO] HTTP Request: GET https://api.testnet.paradex.trade/v1/positions "HTTP/1.1 200 OK"
2026-07-24 07:47:02,178 [INFO] HTTP Request: GET https://api.testnet.paradex.trade/v1/bbo/BTC-USD-PERP "HTTP/1.1 200 OK"
2026-07-24 07:47:02,253 [INFO] HTTP Request: GET https://api.testnet.paradex.trade/v1/account "HTTP/1.1 200 OK"
2026-07-24 07:47:02,346 [INFO] HTTP Request: GET https://api.testnet.paradex.trade/v1/positions "HTTP/1.1 200 OK"
2026-07-24 07:47:04,439 [INFO] HTTP Request: GET https://api.testnet.paradex.trade/v1/bbo/BTC-USD-PERP "HTTP/1.1 200 OK"
2026-07-24 07:47:04,513 [INFO] HTTP Request: GET https://api.testnet.paradex.trade/v1/account "HTTP/1.1 200 OK"
2026-07-24 07:47:04,620 [INFO] HTTP Request: GET https://api.testnet.paradex.trade/v1/positions "HTTP/1.1 200 OK"
2026-07-24 07:47:06,713 [INFO] HTTP Request: GET https://api.testnet.paradex.trade/v1/bbo/BTC-USD-PERP "HTTP/1.1 200 OK"
2026-07-24 07:47:06,787 [INFO] HTTP Request: GET https://api.testnet.paradex.trade/v1/account "HTTP/1.1 200 OK"
2026-07-24 07:47:06,881 [INFO] HTTP Request: GET https://api.testnet.paradex.trade/v1/positions "HTTP/1.1 200 OK"
2026-07-24 07:47:08,964 [INFO] HTTP Request: GET https://api.testnet.paradex.trade/v1/bbo/BTC-USD-PERP "HTTP/1.1 200 OK"
2026-07-24 07:47:09,054 [INFO] HTTP Request: GET https://api.testnet.paradex.trade/v1/account "HTTP/1.1 200 OK"
2026-07-24 07:47:09,130 [INFO] HTTP Request: GET https://api.testnet.paradex.trade/v1/positions "HTTP/1.1 200 OK"
2026-07-24 07:47:11,220 [INFO] HTTP Request: GET https://api.testnet.paradex.trade/v1/bbo/BTC-USD-PERP "HTTP/1.1 200 OK"
2026-07-24 07:47:11,301 [INFO] HTTP Request: GET https://api.testnet.paradex.trade/v1/account "HTTP/1.1 200 OK"
2026-07-24 07:47:11,380 [INFO] HTTP Request: GET https://api.testnet.paradex.trade/v1/positions "HTTP/1.1 200 OK"
2026-07-24 07:47:13,449 [INFO] HTTP Request: GET https://api.testnet.paradex.trade/v1/bbo/BTC-USD-PERP "HTTP/1.1 200 OK"
2026-07-24 07:47:13,533 [INFO] HTTP Request: GET https://api.testnet.paradex.trade/v1/account "HTTP/1.1 200 OK"
2026-07-24 07:47:13,731 [INFO] HTTP Request: GET https://api.testnet.paradex.trade/v1/positions "HTTP/1.1 200 OK"
2026-07-24 07:47:15,806 [INFO] HTTP Request: GET https://api.testnet.paradex.trade/v1/bbo/BTC-USD-PERP "HTTP/1.1 200 OK"
2026-07-24 07:47:15,881 [INFO] HTTP Request: GET https://api.testnet.paradex.trade/v1/account "HTTP/1.1 200 OK"
2026-07-24 07:47:15,964 [INFO] HTTP Request: GET https://api.testnet.paradex.trade/v1/positions "HTTP/1.1 200 OK"
2026-07-24 07:47:18,046 [INFO] HTTP Request: GET https://api.testnet.paradex.trade/v1/bbo/BTC-USD-PERP "HTTP/1.1 200 OK"
2026-07-24 07:47:18,121 [INFO] HTTP Request: GET https://api.testnet.paradex.trade/v1/account "HTTP/1.1 200 OK"
2026-07-24 07:47:18,203 [INFO] HTTP Request: GET https://api.testnet.paradex.trade/v1/positions "HTTP/1.1 200 OK"
2026-07-24 07:47:20,282 [INFO] HTTP Request: GET https://api.testnet.paradex.trade/v1/bbo/BTC-USD-PERP "HTTP/1.1 200 OK"
2026-07-24 07:47:20,357 [INFO] HTTP Request: GET https://api.testnet.paradex.trade/v1/account "HTTP/1.1 200 OK"
2026-07-24 07:47:20,436 [INFO] HTTP Request: GET https://api.testnet.paradex.trade/v1/positions "HTTP/1.1 200 OK"
2026-07-24 07:47:22,521 [INFO] HTTP Request: GET https://api.testnet.paradex.trade/v1/bbo/BTC-USD-PERP "HTTP/1.1 200 OK"
2026-07-24 07:47:22,598 [INFO] HTTP Request: GET https://api.testnet.paradex.trade/v1/account "HTTP/1.1 200 OK"
2026-07-24 07:47:22,673 [INFO] HTTP Request: GET https://api.testnet.paradex.trade/v1/positions "HTTP/1.1 200 OK"
2026-07-24 07:47:24,747 [INFO] HTTP Request: GET https://api.testnet.paradex.trade/v1/bbo/BTC-USD-PERP "HTTP/1.1 200 OK"
2026-07-24 07:47:24,830 [INFO] HTTP Request: GET https://api.testnet.paradex.trade/v1/account "HTTP/1.1 200 OK"
2026-07-24 07:47:24,907 [INFO] HTTP Request: GET https://api.testnet.paradex.trade/v1/positions "HTTP/1.1 200 OK"
2026-07-24 07:47:26,990 [INFO] HTTP Request: GET https://api.testnet.paradex.trade/v1/bbo/BTC-USD-PERP "HTTP/1.1 200 OK"
2026-07-24 07:47:27,111 [INFO] HTTP Request: GET https://api.testnet.paradex.trade/v1/account "HTTP/1.1 200 OK"
2026-07-24 07:47:27,188 [INFO] HTTP Request: GET https://api.testnet.paradex.trade/v1/positions "HTTP/1.1 200 OK"
2026-07-24 07:47:29,282 [INFO] HTTP Request: GET https://api.testnet.paradex.trade/v1/bbo/BTC-USD-PERP "HTTP/1.1 200 OK"
2026-07-24 07:47:29,357 [INFO] HTTP Request: GET https://api.testnet.paradex.trade/v1/account "HTTP/1.1 200 OK"
2026-07-24 07:47:29,437 [INFO] HTTP Request: GET https://api.testnet.paradex.trade/v1/positions "HTTP/1.1 200 OK"
2026-07-24 07:47:31,527 [INFO] HTTP Request: GET https://api.testnet.paradex.trade/v1/bbo/BTC-USD-PERP "HTTP/1.1 200 OK"
2026-07-24 07:47:31,606 [INFO] HTTP Request: GET https://api.testnet.paradex.trade/v1/account "HTTP/1.1 200 OK"
2026-07-24 07:47:31,680 [INFO] HTTP Request: GET https://api.testnet.paradex.trade/v1/positions "HTTP/1.1 200 OK"
2026-07-24 07:47:33,772 [INFO] HTTP Request: GET https://api.testnet.paradex.trade/v1/bbo/BTC-USD-PERP "HTTP/1.1 200 OK"
2026-07-24 07:47:33,852 [INFO] HTTP Request: GET https://api.testnet.paradex.trade/v1/account "HTTP/1.1 200 OK"
2026-07-24 07:47:33,929 [INFO] HTTP Request: GET https://api.testnet.paradex.trade/v1/positions "HTTP/1.1 200 OK"
2026-07-24 07:47:35,998 [INFO] HTTP Request: GET https://api.testnet.paradex.trade/v1/bbo/BTC-USD-PERP "HTTP/1.1 200 OK"
2026-07-24 07:47:36,076 [INFO] HTTP Request: GET https://api.testnet.paradex.trade/v1/account "HTTP/1.1 200 OK"
2026-07-24 07:47:36,159 [INFO] HTTP Request: GET https://api.testnet.paradex.trade/v1/positions "HTTP/1.1 200 OK"
2026-07-24 07:47:38,244 [INFO] HTTP Request: GET https://api.testnet.paradex.trade/v1/bbo/BTC-USD-PERP "HTTP/1.1 200 OK"
2026-07-24 07:47:38,317 [INFO] HTTP Request: GET https://api.testnet.paradex.trade/v1/account "HTTP/1.1 200 OK"
2026-07-24 07:47:38,397 [INFO] HTTP Request: GET https://api.testnet.paradex.trade/v1/positions "HTTP/1.1 200 OK"
2026-07-24 07:47:40,485 [INFO] HTTP Request: GET https://api.testnet.paradex.trade/v1/bbo/BTC-USD-PERP "HTTP/1.1 200 OK"
2026-07-24 07:47:40,564 [INFO] HTTP Request: GET https://api.testnet.paradex.trade/v1/account "HTTP/1.1 200 OK"
2026-07-24 07:47:40,637 [INFO] HTTP Request: GET https://api.testnet.paradex.trade/v1/positions "HTTP/1.1 200 OK"
2026-07-24 07:47:42,768 [INFO] HTTP Request: GET https://api.testnet.paradex.trade/v1/bbo/BTC-USD-PERP "HTTP/1.1 200 OK"
2026-07-24 07:47:42,841 [INFO] HTTP Request: GET https://api.testnet.paradex.trade/v1/account "HTTP/1.1 200 OK"
2026-07-24 07:47:42,940 [INFO] HTTP Request: GET https://api.testnet.paradex.trade/v1/positions "HTTP/1.1 200 OK"
2026-07-24 07:47:45,038 [INFO] HTTP Request: GET https://api.testnet.paradex.trade/v1/bbo/BTC-USD-PERP "HTTP/1.1 200 OK"
2026-07-24 07:47:45,114 [INFO] HTTP Request: GET https://api.testnet.paradex.trade/v1/account "HTTP/1.1 200 OK"
2026-07-24 07:47:45,197 [INFO] HTTP Request: GET https://api.testnet.paradex.trade/v1/positions "HTTP/1.1 200 OK"
2026-07-24 07:47:47,270 [INFO] HTTP Request: GET https://api.testnet.paradex.trade/v1/bbo/BTC-USD-PERP "HTTP/1.1 200 OK"
2026-07-24 07:47:47,347 [INFO] HTTP Request: GET https://api.testnet.paradex.trade/v1/account "HTTP/1.1 200 OK"
2026-07-24 07:47:47,429 [INFO] HTTP Request: GET https://api.testnet.paradex.trade/v1/positions "HTTP/1.1 200 OK"
2026-07-24 07:47:49,522 [INFO] HTTP Request: GET https://api.testnet.paradex.trade/v1/bbo/BTC-USD-PERP "HTTP/1.1 200 OK"
2026-07-24 07:47:49,598 [INFO] HTTP Request: GET https://api.testnet.paradex.trade/v1/account "HTTP/1.1 200 OK"
2026-07-24 07:47:49,680 [INFO] HTTP Request: GET https://api.testnet.paradex.trade/v1/positions "HTTP/1.1 200 OK"
2026-07-24 07:47:51,755 [INFO] HTTP Request: GET https://api.testnet.paradex.trade/v1/bbo/BTC-USD-PERP "HTTP/1.1 200 OK"
2026-07-24 07:47:51,830 [INFO] HTTP Request: GET https://api.testnet.paradex.trade/v1/account "HTTP/1.1 200 OK"
2026-07-24 07:47:51,935 [INFO] HTTP Request: GET https://api.testnet.paradex.trade/v1/positions "HTTP/1.1 200 OK"
2026-07-24 07:47:54,030 [INFO] HTTP Request: GET https://api.testnet.paradex.trade/v1/bbo/BTC-USD-PERP "HTTP/1.1 200 OK"
2026-07-24 07:47:54,104 [INFO] HTTP Request: GET https://api.testnet.paradex.trade/v1/account "HTTP/1.1 200 OK"
2026-07-24 07:47:54,187 [INFO] HTTP Request: GET https://api.testnet.paradex.trade/v1/positions "HTTP/1.1 200 OK"
2026-07-24 07:47:56,271 [INFO] HTTP Request: GET https://api.testnet.paradex.trade/v1/bbo/BTC-USD-PERP "HTTP/1.1 200 OK"
2026-07-24 07:47:56,348 [INFO] HTTP Request: GET https://api.testnet.paradex.trade/v1/account "HTTP/1.1 200 OK"
2026-07-24 07:47:56,432 [INFO] HTTP Request: GET https://api.testnet.paradex.trade/v1/positions "HTTP/1.1 200 OK"
2026-07-24 07:47:58,514 [INFO] HTTP Request: GET https://api.testnet.paradex.trade/v1/bbo/BTC-USD-PERP "HTTP/1.1 200 OK"
2026-07-24 07:47:58,588 [INFO] HTTP Request: GET https://api.testnet.paradex.trade/v1/account "HTTP/1.1 200 OK"
2026-07-24 07:47:58,670 [INFO] HTTP Request: GET https://api.testnet.paradex.trade/v1/positions "HTTP/1.1 200 OK"
2026-07-24 07:48:00,754 [INFO] HTTP Request: GET https://api.testnet.paradex.trade/v1/bbo/BTC-USD-PERP "HTTP/1.1 200 OK"
2026-07-24 07:48:00,832 [INFO] HTTP Request: GET https://api.testnet.paradex.trade/v1/account "HTTP/1.1 200 OK"
2026-07-24 07:48:00,906 [INFO] HTTP Request: GET https://api.testnet.paradex.trade/v1/positions "HTTP/1.1 200 OK"
2026-07-24 07:48:02,989 [INFO] HTTP Request: GET https://api.testnet.paradex.trade/v1/bbo/BTC-USD-PERP "HTTP/1.1 200 OK"
2026-07-24 07:48:03,064 [INFO] HTTP Request: GET https://api.testnet.paradex.trade/v1/account "HTTP/1.1 200 OK"
2026-07-24 07:48:03,148 [INFO] HTTP Request: GET https://api.testnet.paradex.trade/v1/positions "HTTP/1.1 200 OK"
2026-07-24 07:48:05,214 [INFO] HTTP Request: GET https://api.testnet.paradex.trade/v1/bbo/BTC-USD-PERP "HTTP/1.1 200 OK"
2026-07-24 07:48:05,297 [INFO] HTTP Request: GET https://api.testnet.paradex.trade/v1/account "HTTP/1.1 200 OK"
2026-07-24 07:48:05,381 [INFO] HTTP Request: GET https://api.testnet.paradex.trade/v1/positions "HTTP/1.1 200 OK"
2026-07-24 07:48:07,464 [INFO] HTTP Request: GET https://api.testnet.paradex.trade/v1/bbo/BTC-USD-PERP "HTTP/1.1 200 OK"
2026-07-24 07:48:07,548 [INFO] HTTP Request: GET https://api.testnet.paradex.trade/v1/account "HTTP/1.1 200 OK"
2026-07-24 07:48:07,632 [INFO] HTTP Request: GET https://api.testnet.paradex.trade/v1/positions "HTTP/1.1 200 OK"
2026-07-24 07:48:09,708 [INFO] HTTP Request: GET https://api.testnet.paradex.trade/v1/bbo/BTC-USD-PERP "HTTP/1.1 200 OK"
2026-07-24 07:48:09,783 [INFO] HTTP Request: GET https://api.testnet.paradex.trade/v1/account "HTTP/1.1 200 OK"
2026-07-24 07:48:09,873 [INFO] HTTP Request: GET https://api.testnet.paradex.trade/v1/positions "HTTP/1.1 200 OK"
2026-07-24 07:48:11,956 [INFO] HTTP Request: GET https://api.testnet.paradex.trade/v1/bbo/BTC-USD-PERP "HTTP/1.1 200 OK"
2026-07-24 07:48:12,030 [INFO] HTTP Request: GET https://api.testnet.paradex.trade/v1/account "HTTP/1.1 200 OK"
2026-07-24 07:48:12,114 [INFO] HTTP Request: GET https://api.testnet.paradex.trade/v1/positions "HTTP/1.1 200 OK"
2026-07-24 07:48:14,191 [INFO] HTTP Request: GET https://api.testnet.paradex.trade/v1/bbo/BTC-USD-PERP "HTTP/1.1 200 OK"
2026-07-24 07:48:14,272 [INFO] HTTP Request: GET https://api.testnet.paradex.trade/v1/account "HTTP/1.1 200 OK"
2026-07-24 07:48:14,348 [INFO] HTTP Request: GET https://api.testnet.paradex.trade/v1/positions "HTTP/1.1 200 OK"
2026-07-24 07:48:16,436 [INFO] HTTP Request: GET https://api.testnet.paradex.trade/v1/bbo/BTC-USD-PERP "HTTP/1.1 200 OK"
2026-07-24 07:48:16,514 [INFO] HTTP Request: GET https://api.testnet.paradex.trade/v1/account "HTTP/1.1 200 OK"
2026-07-24 07:48:16,595 [INFO] HTTP Request: GET https://api.testnet.paradex.trade/v1/positions "HTTP/1.1 200 OK"
2026-07-24 07:48:18,711 [INFO] HTTP Request: GET https://api.testnet.paradex.trade/v1/bbo/BTC-USD-PERP "HTTP/1.1 200 OK"
2026-07-24 07:48:18,786 [INFO] HTTP Request: GET https://api.testnet.paradex.trade/v1/account "HTTP/1.1 200 OK"
2026-07-24 07:48:18,904 [INFO] HTTP Request: GET https://api.testnet.paradex.trade/v1/positions "HTTP/1.1 200 OK"
2026-07-24 07:48:21,014 [INFO] HTTP Request: GET https://api.testnet.paradex.trade/v1/bbo/BTC-USD-PERP "HTTP/1.1 200 OK"
2026-07-24 07:48:21,091 [INFO] HTTP Request: GET https://api.testnet.paradex.trade/v1/account "HTTP/1.1 200 OK"
2026-07-24 07:48:21,172 [INFO] HTTP Request: GET https://api.testnet.paradex.trade/v1/positions "HTTP/1.1 200 OK"
2026-07-24 07:48:23,257 [INFO] HTTP Request: GET https://api.testnet.paradex.trade/v1/bbo/BTC-USD-PERP "HTTP/1.1 200 OK"
2026-07-24 07:48:23,337 [INFO] HTTP Request: GET https://api.testnet.paradex.trade/v1/account "HTTP/1.1 200 OK"
2026-07-24 07:48:23,418 [INFO] HTTP Request: GET https://api.testnet.paradex.trade/v1/positions "HTTP/1.1 200 OK"
2026-07-24 07:48:25,491 [INFO] HTTP Request: GET https://api.testnet.paradex.trade/v1/bbo/BTC-USD-PERP "HTTP/1.1 200 OK"
2026-07-24 07:48:25,569 [INFO] HTTP Request: GET https://api.testnet.paradex.trade/v1/account "HTTP/1.1 200 OK"
2026-07-24 07:48:25,648 [INFO] HTTP Request: GET https://api.testnet.paradex.trade/v1/positions "HTTP/1.1 200 OK"
2026-07-24 07:48:27,727 [INFO] HTTP Request: GET https://api.testnet.paradex.trade/v1/bbo/BTC-USD-PERP "HTTP/1.1 200 OK"
2026-07-24 07:48:27,798 [INFO] HTTP Request: GET https://api.testnet.paradex.trade/v1/account "HTTP/1.1 200 OK"
2026-07-24 07:48:27,882 [INFO] HTTP Request: GET https://api.testnet.paradex.trade/v1/positions "HTTP/1.1 200 OK"
2026-07-24 07:48:29,954 [INFO] HTTP Request: GET https://api.testnet.paradex.trade/v1/bbo/BTC-USD-PERP "HTTP/1.1 200 OK"
2026-07-24 07:48:30,046 [INFO] HTTP Request: GET https://api.testnet.paradex.trade/v1/account "HTTP/1.1 200 OK"
2026-07-24 07:48:30,153 [INFO] HTTP Request: GET https://api.testnet.paradex.trade/v1/positions "HTTP/1.1 200 OK"
2026-07-24 07:48:32,226 [INFO] HTTP Request: GET https://api.testnet.paradex.trade/v1/bbo/BTC-USD-PERP "HTTP/1.1 200 OK"
2026-07-24 07:48:32,302 [INFO] HTTP Request: GET https://api.testnet.paradex.trade/v1/account "HTTP/1.1 200 OK"
2026-07-24 07:48:32,381 [INFO] HTTP Request: GET https://api.testnet.paradex.trade/v1/positions "HTTP/1.1 200 OK"
2026-07-24 07:48:34,520 [INFO] HTTP Request: GET https://api.testnet.paradex.trade/v1/bbo/BTC-USD-PERP "HTTP/1.1 200 OK"
2026-07-24 07:48:34,607 [INFO] HTTP Request: GET https://api.testnet.paradex.trade/v1/account "HTTP/1.1 200 OK"
2026-07-24 07:48:34,687 [INFO] HTTP Request: GET https://api.testnet.paradex.trade/v1/positions "HTTP/1.1 200 OK"
2026-07-24 07:48:36,768 [INFO] HTTP Request: GET https://api.testnet.paradex.trade/v1/bbo/BTC-USD-PERP "HTTP/1.1 200 OK"
2026-07-24 07:48:36,842 [INFO] HTTP Request: GET https://api.testnet.paradex.trade/v1/account "HTTP/1.1 200 OK"
2026-07-24 07:48:36,927 [INFO] HTTP Request: GET https://api.testnet.paradex.trade/v1/positions "HTTP/1.1 200 OK"
2026-07-24 07:48:39,011 [INFO] HTTP Request: GET https://api.testnet.paradex.trade/v1/bbo/BTC-USD-PERP "HTTP/1.1 200 OK"
2026-07-24 07:48:39,088 [INFO] HTTP Request: GET https://api.testnet.paradex.trade/v1/account "HTTP/1.1 200 OK"
2026-07-24 07:48:39,172 [INFO] HTTP Request: GET https://api.testnet.paradex.trade/v1/positions "HTTP/1.1 200 OK"
2026-07-24 07:48:41,256 [INFO] HTTP Request: GET https://api.testnet.paradex.trade/v1/bbo/BTC-USD-PERP "HTTP/1.1 200 OK"
2026-07-24 07:48:41,338 [INFO] HTTP Request: GET https://api.testnet.paradex.trade/v1/account "HTTP/1.1 200 OK"
2026-07-24 07:48:41,418 [INFO] HTTP Request: GET https://api.testnet.paradex.trade/v1/positions "HTTP/1.1 200 OK"
2026-07-24 07:48:43,492 [INFO] HTTP Request: GET https://api.testnet.paradex.trade/v1/bbo/BTC-USD-PERP "HTTP/1.1 200 OK"
2026-07-24 07:48:43,571 [INFO] HTTP Request: GET https://api.testnet.paradex.trade/v1/account "HTTP/1.1 200 OK"
2026-07-24 07:48:43,656 [INFO] HTTP Request: GET https://api.testnet.paradex.trade/v1/positions "HTTP/1.1 200 OK"
2026-07-24 07:48:45,740 [INFO] HTTP Request: GET https://api.testnet.paradex.trade/v1/bbo/BTC-USD-PERP "HTTP/1.1 200 OK"
2026-07-24 07:48:45,814 [INFO] HTTP Request: GET https://api.testnet.paradex.trade/v1/account "HTTP/1.1 200 OK"
2026-07-24 07:48:45,894 [INFO] HTTP Request: GET https://api.testnet.paradex.trade/v1/positions "HTTP/1.1 200 OK"
2026-07-24 07:48:47,973 [INFO] HTTP Request: GET https://api.testnet.paradex.trade/v1/bbo/BTC-USD-PERP "HTTP/1.1 200 OK"
2026-07-24 07:48:48,058 [INFO] HTTP Request: GET https://api.testnet.paradex.trade/v1/account "HTTP/1.1 200 OK"
2026-07-24 07:48:48,136 [INFO] HTTP Request: GET https://api.testnet.paradex.trade/v1/positions "HTTP/1.1 200 OK"
2026-07-24 07:48:50,221 [INFO] HTTP Request: GET https://api.testnet.paradex.trade/v1/bbo/BTC-USD-PERP "HTTP/1.1 200 OK"
2026-07-24 07:48:50,308 [INFO] HTTP Request: GET https://api.testnet.paradex.trade/v1/account "HTTP/1.1 200 OK"
2026-07-24 07:48:50,389 [INFO] HTTP Request: GET https://api.testnet.paradex.trade/v1/positions "HTTP/1.1 200 OK"
2026-07-24 07:48:52,472 [INFO] HTTP Request: GET https://api.testnet.paradex.trade/v1/bbo/BTC-USD-PERP "HTTP/1.1 200 OK"
2026-07-24 07:48:52,546 [INFO] HTTP Request: GET https://api.testnet.paradex.trade/v1/account "HTTP/1.1 200 OK"
2026-07-24 07:48:52,625 [INFO] HTTP Request: GET https://api.testnet.paradex.trade/v1/positions "HTTP/1.1 200 OK"
2026-07-24 07:48:54,714 [INFO] HTTP Request: GET https://api.testnet.paradex.trade/v1/bbo/BTC-USD-PERP "HTTP/1.1 200 OK"
2026-07-24 07:48:54,797 [INFO] HTTP Request: GET https://api.testnet.paradex.trade/v1/account "HTTP/1.1 200 OK"
2026-07-24 07:48:54,877 [INFO] HTTP Request: GET https://api.testnet.paradex.trade/v1/positions "HTTP/1.1 200 OK"
2026-07-24 07:48:56,975 [INFO] HTTP Request: GET https://api.testnet.paradex.trade/v1/bbo/BTC-USD-PERP "HTTP/1.1 200 OK"
2026-07-24 07:48:57,058 [INFO] HTTP Request: GET https://api.testnet.paradex.trade/v1/account "HTTP/1.1 200 OK"
2026-07-24 07:48:57,189 [INFO] HTTP Request: GET https://api.testnet.paradex.trade/v1/positions "HTTP/1.1 200 OK"
2026-07-24 07:48:59,273 [INFO] HTTP Request: GET https://api.testnet.paradex.trade/v1/bbo/BTC-USD-PERP "HTTP/1.1 200 OK"
2026-07-24 07:48:59,347 [INFO] HTTP Request: GET https://api.testnet.paradex.trade/v1/account "HTTP/1.1 200 OK"
2026-07-24 07:48:59,430 [INFO] HTTP Request: GET https://api.testnet.paradex.trade/v1/positions "HTTP/1.1 200 OK"
2026-07-24 07:49:01,520 [INFO] HTTP Request: GET https://api.testnet.paradex.trade/v1/bbo/BTC-USD-PERP "HTTP/1.1 200 OK"
2026-07-24 07:49:01,603 [INFO] HTTP Request: GET https://api.testnet.paradex.trade/v1/account "HTTP/1.1 200 OK"
2026-07-24 07:49:01,694 [INFO] HTTP Request: GET https://api.testnet.paradex.trade/v1/positions "HTTP/1.1 200 OK"
2026-07-24 07:49:03,789 [INFO] HTTP Request: GET https://api.testnet.paradex.trade/v1/bbo/BTC-USD-PERP "HTTP/1.1 200 OK"
2026-07-24 07:49:03,868 [INFO] HTTP Request: GET https://api.testnet.paradex.trade/v1/account "HTTP/1.1 200 OK"
2026-07-24 07:49:03,946 [INFO] HTTP Request: GET https://api.testnet.paradex.trade/v1/positions "HTTP/1.1 200 OK"
2026-07-24 07:49:06,078 [INFO] HTTP Request: GET https://api.testnet.paradex.trade/v1/bbo/BTC-USD-PERP "HTTP/1.1 200 OK"
2026-07-24 07:49:06,156 [INFO] HTTP Request: GET https://api.testnet.paradex.trade/v1/account "HTTP/1.1 200 OK"
2026-07-24 07:49:06,239 [INFO] HTTP Request: GET https://api.testnet.paradex.trade/v1/positions "HTTP/1.1 200 OK"
2026-07-24 07:49:08,325 [INFO] HTTP Request: GET https://api.testnet.paradex.trade/v1/bbo/BTC-USD-PERP "HTTP/1.1 200 OK"
2026-07-24 07:49:08,403 [INFO] HTTP Request: GET https://api.testnet.paradex.trade/v1/account "HTTP/1.1 200 OK"
2026-07-24 07:49:08,487 [INFO] HTTP Request: GET https://api.testnet.paradex.trade/v1/positions "HTTP/1.1 200 OK"
2026-07-24 07:49:10,582 [INFO] HTTP Request: GET https://api.testnet.paradex.trade/v1/bbo/BTC-USD-PERP "HTTP/1.1 200 OK"
2026-07-24 07:49:10,662 [INFO] HTTP Request: GET https://api.testnet.paradex.trade/v1/account "HTTP/1.1 200 OK"
2026-07-24 07:49:10,744 [INFO] HTTP Request: GET https://api.testnet.paradex.trade/v1/positions "HTTP/1.1 200 OK"
2026-07-24 07:49:12,830 [INFO] HTTP Request: GET https://api.testnet.paradex.trade/v1/bbo/BTC-USD-PERP "HTTP/1.1 200 OK"
2026-07-24 07:49:12,905 [INFO] HTTP Request: GET https://api.testnet.paradex.trade/v1/account "HTTP/1.1 200 OK"
2026-07-24 07:49:12,986 [INFO] HTTP Request: GET https://api.testnet.paradex.trade/v1/positions "HTTP/1.1 200 OK"
2026-07-24 07:49:15,072 [INFO] HTTP Request: GET https://api.testnet.paradex.trade/v1/bbo/BTC-USD-PERP "HTTP/1.1 200 OK"
2026-07-24 07:49:15,148 [INFO] HTTP Request: GET https://api.testnet.paradex.trade/v1/account "HTTP/1.1 200 OK"
2026-07-24 07:49:15,226 [INFO] HTTP Request: GET https://api.testnet.paradex.trade/v1/positions "HTTP/1.1 200 OK"
2026-07-24 07:49:17,304 [INFO] HTTP Request: GET https://api.testnet.paradex.trade/v1/bbo/BTC-USD-PERP "HTTP/1.1 200 OK"
2026-07-24 07:49:17,409 [INFO] HTTP Request: GET https://api.testnet.paradex.trade/v1/account "HTTP/1.1 200 OK"
2026-07-24 07:49:17,503 [INFO] HTTP Request: GET https://api.testnet.paradex.trade/v1/positions "HTTP/1.1 200 OK"
2026-07-24 07:49:19,599 [INFO] HTTP Request: GET https://api.testnet.paradex.trade/v1/bbo/BTC-USD-PERP "HTTP/1.1 200 OK"
2026-07-24 07:49:19,677 [INFO] HTTP Request: GET https://api.testnet.paradex.trade/v1/account "HTTP/1.1 200 OK"
2026-07-24 07:49:19,757 [INFO] HTTP Request: GET https://api.testnet.paradex.trade/v1/positions "HTTP/1.1 200 OK"
2026-07-24 07:49:21,850 [INFO] HTTP Request: GET https://api.testnet.paradex.trade/v1/bbo/BTC-USD-PERP "HTTP/1.1 200 OK"
2026-07-24 07:49:21,926 [INFO] HTTP Request: GET https://api.testnet.paradex.trade/v1/account "HTTP/1.1 200 OK"
2026-07-24 07:49:22,008 [INFO] HTTP Request: GET https://api.testnet.paradex.trade/v1/positions "HTTP/1.1 200 OK"
2026-07-24 07:49:24,088 [INFO] HTTP Request: GET https://api.testnet.paradex.trade/v1/bbo/BTC-USD-PERP "HTTP/1.1 200 OK"
2026-07-24 07:49:24,164 [INFO] HTTP Request: GET https://api.testnet.paradex.trade/v1/account "HTTP/1.1 200 OK"
2026-07-24 07:49:24,250 [INFO] HTTP Request: GET https://api.testnet.paradex.trade/v1/positions "HTTP/1.1 200 OK"
2026-07-24 07:49:26,342 [INFO] HTTP Request: GET https://api.testnet.paradex.trade/v1/bbo/BTC-USD-PERP "HTTP/1.1 200 OK"
2026-07-24 07:49:26,422 [INFO] HTTP Request: GET https://api.testnet.paradex.trade/v1/account "HTTP/1.1 200 OK"
2026-07-24 07:49:26,501 [INFO] HTTP Request: GET https://api.testnet.paradex.trade/v1/positions "HTTP/1.1 200 OK"
2026-07-24 07:49:28,593 [INFO] HTTP Request: GET https://api.testnet.paradex.trade/v1/bbo/BTC-USD-PERP "HTTP/1.1 200 OK"
2026-07-24 07:49:28,664 [INFO] HTTP Request: GET https://api.testnet.paradex.trade/v1/account "HTTP/1.1 200 OK"
2026-07-24 07:49:28,747 [INFO] HTTP Request: GET https://api.testnet.paradex.trade/v1/positions "HTTP/1.1 200 OK"
2026-07-24 07:49:30,821 [INFO] HTTP Request: GET https://api.testnet.paradex.trade/v1/bbo/BTC-USD-PERP "HTTP/1.1 200 OK"
2026-07-24 07:49:30,971 [INFO] HTTP Request: GET https://api.testnet.paradex.trade/v1/account "HTTP/1.1 200 OK"
2026-07-24 07:49:31,058 [INFO] HTTP Request: GET https://api.testnet.paradex.trade/v1/positions "HTTP/1.1 200 OK"
2026-07-24 07:49:33,134 [INFO] HTTP Request: GET https://api.testnet.paradex.trade/v1/bbo/BTC-USD-PERP "HTTP/1.1 200 OK"
2026-07-24 07:49:33,215 [INFO] HTTP Request: GET https://api.testnet.paradex.trade/v1/account "HTTP/1.1 200 OK"
2026-07-24 07:49:33,298 [INFO] HTTP Request: GET https://api.testnet.paradex.trade/v1/positions "HTTP/1.1 200 OK"
2026-07-24 07:49:35,393 [INFO] HTTP Request: GET https://api.testnet.paradex.trade/v1/bbo/BTC-USD-PERP "HTTP/1.1 200 OK"
2026-07-24 07:49:35,474 [INFO] HTTP Request: GET https://api.testnet.paradex.trade/v1/account "HTTP/1.1 200 OK"
2026-07-24 07:49:35,559 [INFO] HTTP Request: GET https://api.testnet.paradex.trade/v1/positions "HTTP/1.1 200 OK"
2026-07-24 07:49:37,624 [INFO] HTTP Request: GET https://api.testnet.paradex.trade/v1/bbo/BTC-USD-PERP "HTTP/1.1 200 OK"
2026-07-24 07:49:37,700 [INFO] HTTP Request: GET https://api.testnet.paradex.trade/v1/account "HTTP/1.1 200 OK"
2026-07-24 07:49:37,786 [INFO] HTTP Request: GET https://api.testnet.paradex.trade/v1/positions "HTTP/1.1 200 OK"
2026-07-24 07:49:39,867 [INFO] HTTP Request: GET https://api.testnet.paradex.trade/v1/bbo/BTC-USD-PERP "HTTP/1.1 200 OK"
2026-07-24 07:49:39,941 [INFO] HTTP Request: GET https://api.testnet.paradex.trade/v1/account "HTTP/1.1 200 OK"
2026-07-24 07:49:40,039 [INFO] HTTP Request: GET https://api.testnet.paradex.trade/v1/positions "HTTP/1.1 200 OK"
2026-07-24 07:49:42,120 [INFO] HTTP Request: GET https://api.testnet.paradex.trade/v1/bbo/BTC-USD-PERP "HTTP/1.1 200 OK"
2026-07-24 07:49:42,197 [INFO] HTTP Request: GET https://api.testnet.paradex.trade/v1/account "HTTP/1.1 200 OK"
2026-07-24 07:49:42,277 [INFO] HTTP Request: GET https://api.testnet.paradex.trade/v1/positions "HTTP/1.1 200 OK"
2026-07-24 07:49:44,356 [INFO] HTTP Request: GET https://api.testnet.paradex.trade/v1/bbo/BTC-USD-PERP "HTTP/1.1 200 OK"
2026-07-24 07:49:44,430 [INFO] HTTP Request: GET https://api.testnet.paradex.trade/v1/account "HTTP/1.1 200 OK"
2026-07-24 07:49:44,513 [INFO] HTTP Request: GET https://api.testnet.paradex.trade/v1/positions "HTTP/1.1 200 OK"
2026-07-24 07:49:46,605 [INFO] HTTP Request: GET https://api.testnet.paradex.trade/v1/bbo/BTC-USD-PERP "HTTP/1.1 200 OK"
2026-07-24 07:49:46,680 [INFO] HTTP Request: GET https://api.testnet.paradex.trade/v1/account "HTTP/1.1 200 OK"
2026-07-24 07:49:46,764 [INFO] HTTP Request: GET https://api.testnet.paradex.trade/v1/positions "HTTP/1.1 200 OK"
2026-07-24 07:49:48,856 [INFO] HTTP Request: GET https://api.testnet.paradex.trade/v1/bbo/BTC-USD-PERP "HTTP/1.1 200 OK"
2026-07-24 07:49:48,934 [INFO] HTTP Request: GET https://api.testnet.paradex.trade/v1/account "HTTP/1.1 200 OK"
2026-07-24 07:49:49,014 [INFO] HTTP Request: GET https://api.testnet.paradex.trade/v1/positions "HTTP/1.1 200 OK"
2026-07-24 07:49:51,108 [INFO] HTTP Request: GET https://api.testnet.paradex.trade/v1/bbo/BTC-USD-PERP "HTTP/1.1 200 OK"
2026-07-24 07:49:51,183 [INFO] HTTP Request: GET https://api.testnet.paradex.trade/v1/account "HTTP/1.1 200 OK"
2026-07-24 07:49:51,265 [INFO] HTTP Request: GET https://api.testnet.paradex.trade/v1/positions "HTTP/1.1 200 OK"
2026-07-24 07:49:53,359 [INFO] HTTP Request: GET https://api.testnet.paradex.trade/v1/bbo/BTC-USD-PERP "HTTP/1.1 200 OK"
2026-07-24 07:49:53,435 [INFO] HTTP Request: GET https://api.testnet.paradex.trade/v1/account "HTTP/1.1 200 OK"
2026-07-24 07:49:53,513 [INFO] HTTP Request: GET https://api.testnet.paradex.trade/v1/positions "HTTP/1.1 200 OK"
2026-07-24 07:49:55,602 [INFO] HTTP Request: GET https://api.testnet.paradex.trade/v1/bbo/BTC-USD-PERP "HTTP/1.1 200 OK"
2026-07-24 07:49:55,680 [INFO] HTTP Request: GET https://api.testnet.paradex.trade/v1/account "HTTP/1.1 200 OK"
2026-07-24 07:49:55,757 [INFO] HTTP Request: GET https://api.testnet.paradex.trade/v1/positions "HTTP/1.1 200 OK"
2026-07-24 07:49:57,833 [INFO] HTTP Request: GET https://api.testnet.paradex.trade/v1/bbo/BTC-USD-PERP "HTTP/1.1 200 OK"
2026-07-24 07:49:57,911 [INFO] HTTP Request: GET https://api.testnet.paradex.trade/v1/account "HTTP/1.1 200 OK"
2026-07-24 07:49:57,992 [INFO] HTTP Request: GET https://api.testnet.paradex.trade/v1/positions "HTTP/1.1 200 OK"
2026-07-24 07:50:00,088 [INFO] HTTP Request: GET https://api.testnet.paradex.trade/v1/bbo/BTC-USD-PERP "HTTP/1.1 200 OK"
2026-07-24 07:50:00,225 [INFO] HTTP Request: GET https://api.testnet.paradex.trade/v1/account "HTTP/1.1 200 OK"
2026-07-24 07:50:00,333 [INFO] HTTP Request: GET https://api.testnet.paradex.trade/v1/positions "HTTP/1.1 200 OK"
2026-07-24 07:50:02,411 [INFO] HTTP Request: GET https://api.testnet.paradex.trade/v1/bbo/BTC-USD-PERP "HTTP/1.1 200 OK"
2026-07-24 07:50:02,500 [INFO] HTTP Request: GET https://api.testnet.paradex.trade/v1/account "HTTP/1.1 200 OK"
2026-07-24 07:50:02,590 [INFO] HTTP Request: GET https://api.testnet.paradex.trade/v1/positions "HTTP/1.1 200 OK"
2026-07-24 07:50:04,640 [INFO] HTTP Request: GET https://api.testnet.paradex.trade/v1/bbo/BTC-USD-PERP "HTTP/1.1 200 OK"
2026-07-24 07:50:04,715 [INFO] HTTP Request: GET https://api.testnet.paradex.trade/v1/account "HTTP/1.1 200 OK"
2026-07-24 07:50:04,794 [INFO] HTTP Request: GET https://api.testnet.paradex.trade/v1/positions "HTTP/1.1 200 OK"
2026-07-24 07:50:06,891 [INFO] HTTP Request: GET https://api.testnet.paradex.trade/v1/bbo/BTC-USD-PERP "HTTP/1.1 200 OK"
2026-07-24 07:50:06,964 [INFO] HTTP Request: GET https://api.testnet.paradex.trade/v1/account "HTTP/1.1 200 OK"
2026-07-24 07:50:07,055 [INFO] HTTP Request: GET https://api.testnet.paradex.trade/v1/positions "HTTP/1.1 200 OK"
2026-07-24 07:50:09,130 [INFO] HTTP Request: GET https://api.testnet.paradex.trade/v1/bbo/BTC-USD-PERP "HTTP/1.1 200 OK"
2026-07-24 07:50:09,206 [INFO] HTTP Request: GET https://api.testnet.paradex.trade/v1/account "HTTP/1.1 200 OK"
2026-07-24 07:50:09,292 [INFO] HTTP Request: GET https://api.testnet.paradex.trade/v1/positions "HTTP/1.1 200 OK"
2026-07-24 07:50:11,372 [INFO] HTTP Request: GET https://api.testnet.paradex.trade/v1/bbo/BTC-USD-PERP "HTTP/1.1 200 OK"
2026-07-24 07:50:11,454 [INFO] HTTP Request: GET https://api.testnet.paradex.trade/v1/account "HTTP/1.1 200 OK"
2026-07-24 07:50:11,538 [INFO] HTTP Request: GET https://api.testnet.paradex.trade/v1/positions "HTTP/1.1 200 OK"
2026-07-24 07:50:13,634 [INFO] HTTP Request: GET https://api.testnet.paradex.trade/v1/bbo/BTC-USD-PERP "HTTP/1.1 200 OK"
2026-07-24 07:50:13,722 [INFO] HTTP Request: GET https://api.testnet.paradex.trade/v1/account "HTTP/1.1 200 OK"
2026-07-24 07:50:13,810 [INFO] HTTP Request: GET https://api.testnet.paradex.trade/v1/positions "HTTP/1.1 200 OK"
2026-07-24 07:50:15,898 [INFO] HTTP Request: GET https://api.testnet.paradex.trade/v1/bbo/BTC-USD-PERP "HTTP/1.1 200 OK"
2026-07-24 07:50:15,976 [INFO] HTTP Request: GET https://api.testnet.paradex.trade/v1/account "HTTP/1.1 200 OK"
2026-07-24 07:50:16,080 [INFO] HTTP Request: GET https://api.testnet.paradex.trade/v1/positions "HTTP/1.1 200 OK"
2026-07-24 07:50:18,182 [INFO] HTTP Request: GET https://api.testnet.paradex.trade/v1/bbo/BTC-USD-PERP "HTTP/1.1 200 OK"
2026-07-24 07:50:18,260 [INFO] HTTP Request: GET https://api.testnet.paradex.trade/v1/account "HTTP/1.1 200 OK"
2026-07-24 07:50:18,360 [INFO] HTTP Request: GET https://api.testnet.paradex.trade/v1/positions "HTTP/1.1 200 OK"
2026-07-24 07:50:20,450 [INFO] HTTP Request: GET https://api.testnet.paradex.trade/v1/bbo/BTC-USD-PERP "HTTP/1.1 200 OK"
2026-07-24 07:50:20,531 [INFO] HTTP Request: GET https://api.testnet.paradex.trade/v1/account "HTTP/1.1 200 OK"
2026-07-24 07:50:20,616 [INFO] HTTP Request: GET https://api.testnet.paradex.trade/v1/positions "HTTP/1.1 200 OK"
2026-07-24 07:50:22,698 [INFO] HTTP Request: GET https://api.testnet.paradex.trade/v1/bbo/BTC-USD-PERP "HTTP/1.1 200 OK"
2026-07-24 07:50:22,775 [INFO] HTTP Request: GET https://api.testnet.paradex.trade/v1/account "HTTP/1.1 200 OK"
2026-07-24 07:50:22,858 [INFO] HTTP Request: GET https://api.testnet.paradex.trade/v1/positions "HTTP/1.1 200 OK"
2026-07-24 07:50:24,960 [INFO] HTTP Request: GET https://api.testnet.paradex.trade/v1/bbo/BTC-USD-PERP "HTTP/1.1 200 OK"
2026-07-24 07:50:25,043 [INFO] HTTP Request: GET https://api.testnet.paradex.trade/v1/account "HTTP/1.1 200 OK"
2026-07-24 07:50:25,126 [INFO] HTTP Request: GET https://api.testnet.paradex.trade/v1/positions "HTTP/1.1 200 OK"
2026-07-24 07:50:27,225 [INFO] HTTP Request: GET https://api.testnet.paradex.trade/v1/bbo/BTC-USD-PERP "HTTP/1.1 200 OK"
2026-07-24 07:50:27,303 [INFO] HTTP Request: GET https://api.testnet.paradex.trade/v1/account "HTTP/1.1 200 OK"
2026-07-24 07:50:27,382 [INFO] HTTP Request: GET https://api.testnet.paradex.trade/v1/positions "HTTP/1.1 200 OK"
2026-07-24 07:50:29,451 [INFO] HTTP Request: GET https://api.testnet.paradex.trade/v1/bbo/BTC-USD-PERP "HTTP/1.1 200 OK"
2026-07-24 07:50:29,525 [INFO] HTTP Request: GET https://api.testnet.paradex.trade/v1/account "HTTP/1.1 200 OK"
2026-07-24 07:50:29,611 [INFO] HTTP Request: GET https://api.testnet.paradex.trade/v1/positions "HTTP/1.1 200 OK"
2026-07-24 07:50:31,704 [INFO] HTTP Request: GET https://api.testnet.paradex.trade/v1/bbo/BTC-USD-PERP "HTTP/1.1 200 OK"
2026-07-24 07:50:31,785 [INFO] HTTP Request: GET https://api.testnet.paradex.trade/v1/account "HTTP/1.1 200 OK"
2026-07-24 07:50:31,870 [INFO] HTTP Request: GET https://api.testnet.paradex.trade/v1/positions "HTTP/1.1 200 OK"
2026-07-24 07:50:33,964 [INFO] HTTP Request: GET https://api.testnet.paradex.trade/v1/bbo/BTC-USD-PERP "HTTP/1.1 200 OK"
2026-07-24 07:50:34,040 [INFO] HTTP Request: GET https://api.testnet.paradex.trade/v1/account "HTTP/1.1 200 OK"
2026-07-24 07:50:34,125 [INFO] HTTP Request: GET https://api.testnet.paradex.trade/v1/positions "HTTP/1.1 200 OK"
2026-07-24 07:50:36,207 [INFO] HTTP Request: GET https://api.testnet.paradex.trade/v1/bbo/BTC-USD-PERP "HTTP/1.1 200 OK"
2026-07-24 07:50:36,283 [INFO] HTTP Request: GET https://api.testnet.paradex.trade/v1/account "HTTP/1.1 200 OK"
2026-07-24 07:50:36,359 [INFO] HTTP Request: GET https://api.testnet.paradex.trade/v1/positions "HTTP/1.1 200 OK"
2026-07-24 07:50:38,442 [INFO] HTTP Request: GET https://api.testnet.paradex.trade/v1/bbo/BTC-USD-PERP "HTTP/1.1 200 OK"
2026-07-24 07:50:38,520 [INFO] HTTP Request: GET https://api.testnet.paradex.trade/v1/account "HTTP/1.1 200 OK"
2026-07-24 07:50:38,608 [INFO] HTTP Request: GET https://api.testnet.paradex.trade/v1/positions "HTTP/1.1 200 OK"
2026-07-24 07:50:40,708 [INFO] HTTP Request: GET https://api.testnet.paradex.trade/v1/bbo/BTC-USD-PERP "HTTP/1.1 200 OK"
2026-07-24 07:50:40,784 [INFO] HTTP Request: GET https://api.testnet.paradex.trade/v1/account "HTTP/1.1 200 OK"
2026-07-24 07:50:40,871 [INFO] HTTP Request: GET https://api.testnet.paradex.trade/v1/positions "HTTP/1.1 200 OK"
2026-07-24 07:50:42,947 [INFO] HTTP Request: GET https://api.testnet.paradex.trade/v1/bbo/BTC-USD-PERP "HTTP/1.1 200 OK"
2026-07-24 07:50:43,073 [INFO] HTTP Request: POST https://api.testnet.paradex.trade/v1/auth/0x355512bacffd591ee8f52264d0c35a334dc7f659fa23e344a3364e9201a8343 "HTTP/1.1 200 OK"
2026-07-24 07:50:43,169 [INFO] HTTP Request: GET https://api.testnet.paradex.trade/v1/account "HTTP/1.1 200 OK"
2026-07-24 07:50:43,250 [INFO] HTTP Request: GET https://api.testnet.paradex.trade/v1/positions "HTTP/1.1 200 OK"
2026-07-24 07:50:45,349 [INFO] HTTP Request: GET https://api.testnet.paradex.trade/v1/bbo/BTC-USD-PERP "HTTP/1.1 200 OK"
2026-07-24 07:50:45,425 [INFO] HTTP Request: GET https://api.testnet.paradex.trade/v1/account "HTTP/1.1 200 OK"
2026-07-24 07:50:45,508 [INFO] HTTP Request: GET https://api.testnet.paradex.trade/v1/positions "HTTP/1.1 200 OK"
2026-07-24 07:50:47,662 [INFO] HTTP Request: GET https://api.testnet.paradex.trade/v1/bbo/BTC-USD-PERP "HTTP/1.1 200 OK"
2026-07-24 07:50:47,763 [INFO] HTTP Request: GET https://api.testnet.paradex.trade/v1/account "HTTP/1.1 200 OK"
2026-07-24 07:50:47,849 [INFO] HTTP Request: GET https://api.testnet.paradex.trade/v1/positions "HTTP/1.1 200 OK"
2026-07-24 07:50:49,944 [INFO] HTTP Request: GET https://api.testnet.paradex.trade/v1/bbo/BTC-USD-PERP "HTTP/1.1 200 OK"
2026-07-24 07:50:50,077 [INFO] HTTP Request: GET https://api.testnet.paradex.trade/v1/account "HTTP/1.1 200 OK"
2026-07-24 07:50:50,167 [INFO] HTTP Request: GET https://api.testnet.paradex.trade/v1/positions "HTTP/1.1 200 OK"
2026-07-24 07:50:52,227 [INFO] HTTP Request: GET https://api.testnet.paradex.trade/v1/bbo/BTC-USD-PERP "HTTP/1.1 200 OK"
2026-07-24 07:50:52,299 [INFO] HTTP Request: GET https://api.testnet.paradex.trade/v1/account "HTTP/1.1 200 OK"
2026-07-24 07:50:52,382 [INFO] HTTP Request: GET https://api.testnet.paradex.trade/v1/positions "HTTP/1.1 200 OK"
2026-07-24 07:50:54,463 [INFO] HTTP Request: GET https://api.testnet.paradex.trade/v1/bbo/BTC-USD-PERP "HTTP/1.1 200 OK"
2026-07-24 07:50:54,547 [INFO] HTTP Request: GET https://api.testnet.paradex.trade/v1/account "HTTP/1.1 200 OK"
2026-07-24 07:50:54,624 [INFO] HTTP Request: GET https://api.testnet.paradex.trade/v1/positions "HTTP/1.1 200 OK"
2026-07-24 07:50:56,718 [INFO] HTTP Request: GET https://api.testnet.paradex.trade/v1/bbo/BTC-USD-PERP "HTTP/1.1 200 OK"
2026-07-24 07:50:56,792 [INFO] HTTP Request: GET https://api.testnet.paradex.trade/v1/account "HTTP/1.1 200 OK"
2026-07-24 07:50:56,878 [INFO] HTTP Request: GET https://api.testnet.paradex.trade/v1/positions "HTTP/1.1 200 OK"
2026-07-24 07:50:58,958 [INFO] HTTP Request: GET https://api.testnet.paradex.trade/v1/bbo/BTC-USD-PERP "HTTP/1.1 200 OK"
2026-07-24 07:50:59,038 [INFO] HTTP Request: GET https://api.testnet.paradex.trade/v1/account "HTTP/1.1 200 OK"
2026-07-24 07:50:59,117 [INFO] HTTP Request: GET https://api.testnet.paradex.trade/v1/positions "HTTP/1.1 200 OK"
2026-07-24 07:51:01,187 [INFO] HTTP Request: GET https://api.testnet.paradex.trade/v1/bbo/BTC-USD-PERP "HTTP/1.1 200 OK"
2026-07-24 07:51:01,264 [INFO] HTTP Request: GET https://api.testnet.paradex.trade/v1/account "HTTP/1.1 200 OK"
2026-07-24 07:51:01,367 [INFO] HTTP Request: GET https://api.testnet.paradex.trade/v1/positions "HTTP/1.1 200 OK"
2026-07-24 07:51:02,666 [INFO] HTTP Request: GET https://api.testnet.paradex.trade/v1/system/state "HTTP/1.1 200 OK"
2026-07-24 07:51:02,671 [INFO] HTTP Request: GET https://api.testnet.paradex.trade/v1/orders?market=BTC-USD-PERP "HTTP/1.1 200 OK"
2026-07-24 07:51:03,114 [INFO] HTTP Request: GET https://api.testnet.paradex.trade/v1/bbo/BTC-USD-PERP "HTTP/1.1 200 OK"
2026-07-24 07:51:03,191 [INFO] HTTP Request: GET https://api.testnet.paradex.trade/v1/account "HTTP/1.1 200 OK"
2026-07-24 07:51:03,274 [INFO] HTTP Request: GET https://api.testnet.paradex.trade/v1/positions "HTTP/1.1 200 OK"
2026-07-24 07:51:03,281 [INFO] WS client disconnected from BTC-USD-PERP feed
2026-07-24 07:51:03,372 [INFO] HTTP Request: GET https://api.testnet.paradex.trade/v1/bbo/BTC-USD-PERP "HTTP/1.1 200 OK"
2026-07-24 07:51:03,374 [INFO] HTTP Request: GET https://api.testnet.paradex.trade/v1/orders-history?page_size=20&market=BTC-USD-PERP "HTTP/1.1 200 OK"
2026-07-24 07:51:03,604 [INFO] HTTP Request: GET https://api.testnet.paradex.trade/v1/fills?page_size=20&market=BTC-USD-PERP "HTTP/1.1 200 OK"
2026-07-24 07:51:03,679 [INFO] HTTP Request: GET https://api.testnet.paradex.trade/v1/account "HTTP/1.1 200 OK"
2026-07-24 07:51:03,755 [INFO] HTTP Request: GET https://api.testnet.paradex.trade/v1/positions "HTTP/1.1 200 OK"
2026-07-24 07:51:03,836 [INFO] HTTP Request: GET https://api.testnet.paradex.trade/v1/markets/summary?market=BTC-USD-PERP "HTTP/1.1 200 OK"
2026-07-24 07:51:03,840 [INFO] HTTP Request: GET https://api.testnet.paradex.trade/v1/bbo/BTC-USD-PERP "HTTP/1.1 200 OK"
2026-07-24 07:51:03,928 [INFO] HTTP Request: GET https://api.testnet.paradex.trade/v1/account "HTTP/1.1 200 OK"
2026-07-24 07:51:04,005 [INFO] HTTP Request: GET https://api.testnet.paradex.trade/v1/positions "HTTP/1.1 200 OK"
2026-07-24 07:51:04,006 [INFO] WS client disconnected from BTC-USD-PERP feed
2026-07-24 07:51:04,091 [INFO] HTTP Request: GET https://api.testnet.paradex.trade/v1/system/state "HTTP/1.1 200 OK"
2026-07-24 07:51:04,093 [INFO] HTTP Request: GET https://api.testnet.paradex.trade/v1/orders-history?page_size=20&market=BTC-USD-PERP "HTTP/1.1 200 OK"
2026-07-24 07:51:04,093 [INFO] HTTP Request: GET https://api.testnet.paradex.trade/v1/orders?market=BTC-USD-PERP "HTTP/1.1 200 OK"
2026-07-24 07:51:04,093 [INFO] HTTP Request: GET https://api.testnet.paradex.trade/v1/markets/summary?market=BTC-USD-PERP "HTTP/1.1 200 OK"
2026-07-24 07:51:04,098 [INFO] HTTP Request: GET https://api.testnet.paradex.trade/v1/fills?page_size=20&market=BTC-USD-PERP "HTTP/1.1 200 OK"
2026-07-24 07:51:05,839 [INFO] HTTP Request: GET https://api.testnet.paradex.trade/v1/bbo/BTC-USD-PERP "HTTP/1.1 200 OK"
2026-07-24 07:51:05,974 [INFO] HTTP Request: GET https://api.testnet.paradex.trade/v1/account "HTTP/1.1 200 OK"
2026-07-24 07:51:06,121 [INFO] HTTP Request: GET https://api.testnet.paradex.trade/v1/positions "HTTP/1.1 200 OK"
2026-07-24 07:51:08,187 [INFO] HTTP Request: GET https://api.testnet.paradex.trade/v1/bbo/BTC-USD-PERP "HTTP/1.1 200 OK"
2026-07-24 07:51:08,266 [INFO] HTTP Request: GET https://api.testnet.paradex.trade/v1/account "HTTP/1.1 200 OK"
2026-07-24 07:51:08,356 [INFO] HTTP Request: GET https://api.testnet.paradex.trade/v1/positions "HTTP/1.1 200 OK"
2026-07-24 07:51:10,442 [INFO] HTTP Request: GET https://api.testnet.paradex.trade/v1/bbo/BTC-USD-PERP "HTTP/1.1 200 OK"
2026-07-24 07:51:10,574 [INFO] HTTP Request: GET https://api.testnet.paradex.trade/v1/account "HTTP/1.1 200 OK"
2026-07-24 07:51:10,660 [INFO] HTTP Request: GET https://api.testnet.paradex.trade/v1/positions "HTTP/1.1 200 OK"
2026-07-24 07:51:12,739 [INFO] HTTP Request: GET https://api.testnet.paradex.trade/v1/bbo/BTC-USD-PERP "HTTP/1.1 200 OK"
2026-07-24 07:51:12,815 [INFO] HTTP Request: GET https://api.testnet.paradex.trade/v1/account "HTTP/1.1 200 OK"
2026-07-24 07:51:12,896 [INFO] HTTP Request: GET https://api.testnet.paradex.trade/v1/positions "HTTP/1.1 200 OK"
2026-07-24 07:51:14,975 [INFO] HTTP Request: GET https://api.testnet.paradex.trade/v1/bbo/BTC-USD-PERP "HTTP/1.1 200 OK"
2026-07-24 07:51:15,057 [INFO] HTTP Request: GET https://api.testnet.paradex.trade/v1/account "HTTP/1.1 200 OK"
2026-07-24 07:51:15,137 [INFO] HTTP Request: GET https://api.testnet.paradex.trade/v1/positions "HTTP/1.1 200 OK"
2026-07-24 07:51:17,223 [INFO] HTTP Request: GET https://api.testnet.paradex.trade/v1/bbo/BTC-USD-PERP "HTTP/1.1 200 OK"
2026-07-24 07:51:17,298 [INFO] HTTP Request: GET https://api.testnet.paradex.trade/v1/account "HTTP/1.1 200 OK"
2026-07-24 07:51:17,377 [INFO] HTTP Request: GET https://api.testnet.paradex.trade/v1/positions "HTTP/1.1 200 OK"
2026-07-24 07:51:19,457 [INFO] HTTP Request: GET https://api.testnet.paradex.trade/v1/bbo/BTC-USD-PERP "HTTP/1.1 200 OK"
2026-07-24 07:51:19,531 [INFO] HTTP Request: GET https://api.testnet.paradex.trade/v1/account "HTTP/1.1 200 OK"
2026-07-24 07:51:19,608 [INFO] HTTP Request: GET https://api.testnet.paradex.trade/v1/positions "HTTP/1.1 200 OK"
2026-07-24 07:51:21,691 [INFO] HTTP Request: GET https://api.testnet.paradex.trade/v1/bbo/BTC-USD-PERP "HTTP/1.1 200 OK"
2026-07-24 07:51:21,789 [INFO] HTTP Request: GET https://api.testnet.paradex.trade/v1/account "HTTP/1.1 200 OK"
2026-07-24 07:51:21,869 [INFO] HTTP Request: GET https://api.testnet.paradex.trade/v1/positions "HTTP/1.1 200 OK"
2026-07-24 07:51:23,940 [INFO] HTTP Request: GET https://api.testnet.paradex.trade/v1/bbo/BTC-USD-PERP "HTTP/1.1 200 OK"
2026-07-24 07:51:24,024 [INFO] HTTP Request: GET https://api.testnet.paradex.trade/v1/account "HTTP/1.1 200 OK"
2026-07-24 07:51:24,107 [INFO] HTTP Request: GET https://api.testnet.paradex.trade/v1/positions "HTTP/1.1 200 OK"
2026-07-24 07:51:26,189 [INFO] HTTP Request: GET https://api.testnet.paradex.trade/v1/bbo/BTC-USD-PERP "HTTP/1.1 200 OK"
2026-07-24 07:51:26,264 [INFO] HTTP Request: GET https://api.testnet.paradex.trade/v1/account "HTTP/1.1 200 OK"
2026-07-24 07:51:26,343 [INFO] HTTP Request: GET https://api.testnet.paradex.trade/v1/positions "HTTP/1.1 200 OK"
2026-07-24 07:51:28,436 [INFO] HTTP Request: GET https://api.testnet.paradex.trade/v1/bbo/BTC-USD-PERP "HTTP/1.1 200 OK"
2026-07-24 07:51:28,523 [INFO] HTTP Request: GET https://api.testnet.paradex.trade/v1/account "HTTP/1.1 200 OK"
2026-07-24 07:51:28,608 [INFO] HTTP Request: GET https://api.testnet.paradex.trade/v1/positions "HTTP/1.1 200 OK"
2026-07-24 07:51:30,692 [INFO] HTTP Request: GET https://api.testnet.paradex.trade/v1/bbo/BTC-USD-PERP "HTTP/1.1 200 OK"
2026-07-24 07:51:30,768 [INFO] HTTP Request: GET https://api.testnet.paradex.trade/v1/account "HTTP/1.1 200 OK"
2026-07-24 07:51:30,847 [INFO] HTTP Request: GET https://api.testnet.paradex.trade/v1/positions "HTTP/1.1 200 OK"
2026-07-24 07:51:32,925 [INFO] HTTP Request: GET https://api.testnet.paradex.trade/v1/bbo/BTC-USD-PERP "HTTP/1.1 200 OK"
2026-07-24 07:51:33,014 [INFO] HTTP Request: GET https://api.testnet.paradex.trade/v1/account "HTTP/1.1 200 OK"
2026-07-24 07:51:33,092 [INFO] HTTP Request: GET https://api.testnet.paradex.trade/v1/positions "HTTP/1.1 200 OK"
2026-07-24 07:51:35,173 [INFO] HTTP Request: GET https://api.testnet.paradex.trade/v1/bbo/BTC-USD-PERP "HTTP/1.1 200 OK"
2026-07-24 07:51:35,248 [INFO] HTTP Request: GET https://api.testnet.paradex.trade/v1/account "HTTP/1.1 200 OK"
2026-07-24 07:51:35,337 [INFO] HTTP Request: GET https://api.testnet.paradex.trade/v1/positions "HTTP/1.1 200 OK"
2026-07-24 07:51:37,406 [INFO] HTTP Request: GET https://api.testnet.paradex.trade/v1/bbo/BTC-USD-PERP "HTTP/1.1 200 OK"
2026-07-24 07:51:37,480 [INFO] HTTP Request: GET https://api.testnet.paradex.trade/v1/account "HTTP/1.1 200 OK"
2026-07-24 07:51:37,559 [INFO] HTTP Request: GET https://api.testnet.paradex.trade/v1/positions "HTTP/1.1 200 OK"
2026-07-24 07:51:39,639 [INFO] HTTP Request: GET https://api.testnet.paradex.trade/v1/bbo/BTC-USD-PERP "HTTP/1.1 200 OK"
2026-07-24 07:51:39,717 [INFO] HTTP Request: GET https://api.testnet.paradex.trade/v1/account "HTTP/1.1 200 OK"
2026-07-24 07:51:39,798 [INFO] HTTP Request: GET https://api.testnet.paradex.trade/v1/positions "HTTP/1.1 200 OK"
2026-07-24 07:51:41,872 [INFO] HTTP Request: GET https://api.testnet.paradex.trade/v1/bbo/BTC-USD-PERP "HTTP/1.1 200 OK"
2026-07-24 07:51:41,947 [INFO] HTTP Request: GET https://api.testnet.paradex.trade/v1/account "HTTP/1.1 200 OK"
2026-07-24 07:51:42,031 [INFO] HTTP Request: GET https://api.testnet.paradex.trade/v1/positions "HTTP/1.1 200 OK"
2026-07-24 07:51:44,131 [INFO] HTTP Request: GET https://api.testnet.paradex.trade/v1/bbo/BTC-USD-PERP "HTTP/1.1 200 OK"
2026-07-24 07:51:44,209 [INFO] HTTP Request: GET https://api.testnet.paradex.trade/v1/account "HTTP/1.1 200 OK"
2026-07-24 07:51:44,288 [INFO] HTTP Request: GET https://api.testnet.paradex.trade/v1/positions "HTTP/1.1 200 OK"
2026-07-24 07:51:46,344 [INFO] HTTP Request: GET https://api.testnet.paradex.trade/v1/bbo/BTC-USD-PERP "HTTP/1.1 200 OK"
2026-07-24 07:51:46,422 [INFO] HTTP Request: GET https://api.testnet.paradex.trade/v1/account "HTTP/1.1 200 OK"
2026-07-24 07:51:46,500 [INFO] HTTP Request: GET https://api.testnet.paradex.trade/v1/positions "HTTP/1.1 200 OK"
2026-07-24 07:51:48,590 [INFO] HTTP Request: GET https://api.testnet.paradex.trade/v1/bbo/BTC-USD-PERP "HTTP/1.1 200 OK"
2026-07-24 07:51:48,671 [INFO] HTTP Request: GET https://api.testnet.paradex.trade/v1/account "HTTP/1.1 200 OK"
2026-07-24 07:51:48,750 [INFO] HTTP Request: GET https://api.testnet.paradex.trade/v1/positions "HTTP/1.1 200 OK"
2026-07-24 07:51:50,839 [INFO] HTTP Request: GET https://api.testnet.paradex.trade/v1/bbo/BTC-USD-PERP "HTTP/1.1 200 OK"
2026-07-24 07:51:50,913 [INFO] HTTP Request: GET https://api.testnet.paradex.trade/v1/account "HTTP/1.1 200 OK"
2026-07-24 07:51:50,992 [INFO] HTTP Request: GET https://api.testnet.paradex.trade/v1/positions "HTTP/1.1 200 OK"
2026-07-24 07:51:53,073 [INFO] HTTP Request: GET https://api.testnet.paradex.trade/v1/bbo/BTC-USD-PERP "HTTP/1.1 200 OK"
2026-07-24 07:51:53,147 [INFO] HTTP Request: GET https://api.testnet.paradex.trade/v1/account "HTTP/1.1 200 OK"
2026-07-24 07:51:53,227 [INFO] HTTP Request: GET https://api.testnet.paradex.trade/v1/positions "HTTP/1.1 200 OK"
2026-07-24 07:51:55,308 [INFO] HTTP Request: GET https://api.testnet.paradex.trade/v1/bbo/BTC-USD-PERP "HTTP/1.1 200 OK"
2026-07-24 07:51:55,388 [INFO] HTTP Request: GET https://api.testnet.paradex.trade/v1/account "HTTP/1.1 200 OK"
2026-07-24 07:51:55,468 [INFO] HTTP Request: GET https://api.testnet.paradex.trade/v1/positions "HTTP/1.1 200 OK"
2026-07-24 07:51:57,557 [INFO] HTTP Request: GET https://api.testnet.paradex.trade/v1/bbo/BTC-USD-PERP "HTTP/1.1 200 OK"
2026-07-24 07:51:57,636 [INFO] HTTP Request: GET https://api.testnet.paradex.trade/v1/account "HTTP/1.1 200 OK"
2026-07-24 07:51:57,714 [INFO] HTTP Request: GET https://api.testnet.paradex.trade/v1/positions "HTTP/1.1 200 OK"
2026-07-24 07:51:59,791 [INFO] HTTP Request: GET https://api.testnet.paradex.trade/v1/bbo/BTC-USD-PERP "HTTP/1.1 200 OK"
2026-07-24 07:51:59,865 [INFO] HTTP Request: GET https://api.testnet.paradex.trade/v1/account "HTTP/1.1 200 OK"
2026-07-24 07:51:59,948 [INFO] HTTP Request: GET https://api.testnet.paradex.trade/v1/positions "HTTP/1.1 200 OK"
2026-07-24 07:52:02,040 [INFO] HTTP Request: GET https://api.testnet.paradex.trade/v1/bbo/BTC-USD-PERP "HTTP/1.1 200 OK"
2026-07-24 07:52:02,116 [INFO] HTTP Request: GET https://api.testnet.paradex.trade/v1/account "HTTP/1.1 200 OK"
2026-07-24 07:52:02,191 [INFO] HTTP Request: GET https://api.testnet.paradex.trade/v1/positions "HTTP/1.1 200 OK"
2026-07-24 07:52:04,284 [INFO] HTTP Request: GET https://api.testnet.paradex.trade/v1/bbo/BTC-USD-PERP "HTTP/1.1 200 OK"
2026-07-24 07:52:04,358 [INFO] HTTP Request: GET https://api.testnet.paradex.trade/v1/account "HTTP/1.1 200 OK"
2026-07-24 07:52:04,441 [INFO] HTTP Request: GET https://api.testnet.paradex.trade/v1/positions "HTTP/1.1 200 OK"
2026-07-24 07:52:06,523 [INFO] HTTP Request: GET https://api.testnet.paradex.trade/v1/bbo/BTC-USD-PERP "HTTP/1.1 200 OK"
2026-07-24 07:52:06,600 [INFO] HTTP Request: GET https://api.testnet.paradex.trade/v1/account "HTTP/1.1 200 OK"
2026-07-24 07:52:06,680 [INFO] HTTP Request: GET https://api.testnet.paradex.trade/v1/positions "HTTP/1.1 200 OK"
2026-07-24 07:52:08,756 [INFO] HTTP Request: GET https://api.testnet.paradex.trade/v1/bbo/BTC-USD-PERP "HTTP/1.1 200 OK"
2026-07-24 07:52:08,831 [INFO] HTTP Request: GET https://api.testnet.paradex.trade/v1/account "HTTP/1.1 200 OK"
2026-07-24 07:52:08,908 [INFO] HTTP Request: GET https://api.testnet.paradex.trade/v1/positions "HTTP/1.1 200 OK"
2026-07-24 07:52:10,991 [INFO] HTTP Request: GET https://api.testnet.paradex.trade/v1/bbo/BTC-USD-PERP "HTTP/1.1 200 OK"
2026-07-24 07:52:11,069 [INFO] HTTP Request: GET https://api.testnet.paradex.trade/v1/account "HTTP/1.1 200 OK"
2026-07-24 07:52:11,148 [INFO] HTTP Request: GET https://api.testnet.paradex.trade/v1/positions "HTTP/1.1 200 OK"
2026-07-24 07:52:13,223 [INFO] HTTP Request: GET https://api.testnet.paradex.trade/v1/bbo/BTC-USD-PERP "HTTP/1.1 200 OK"
2026-07-24 07:52:13,298 [INFO] HTTP Request: GET https://api.testnet.paradex.trade/v1/account "HTTP/1.1 200 OK"
2026-07-24 07:52:13,394 [INFO] HTTP Request: GET https://api.testnet.paradex.trade/v1/positions "HTTP/1.1 200 OK"
2026-07-24 07:52:15,473 [INFO] HTTP Request: GET https://api.testnet.paradex.trade/v1/bbo/BTC-USD-PERP "HTTP/1.1 200 OK"
2026-07-24 07:52:15,549 [INFO] HTTP Request: GET https://api.testnet.paradex.trade/v1/account "HTTP/1.1 200 OK"
2026-07-24 07:52:15,631 [INFO] HTTP Request: GET https://api.testnet.paradex.trade/v1/positions "HTTP/1.1 200 OK"
2026-07-24 07:52:17,707 [INFO] HTTP Request: GET https://api.testnet.paradex.trade/v1/bbo/BTC-USD-PERP "HTTP/1.1 200 OK"
2026-07-24 07:52:17,782 [INFO] HTTP Request: GET https://api.testnet.paradex.trade/v1/account "HTTP/1.1 200 OK"
2026-07-24 07:52:17,864 [INFO] HTTP Request: GET https://api.testnet.paradex.trade/v1/positions "HTTP/1.1 200 OK"
2026-07-24 07:52:19,941 [INFO] HTTP Request: GET https://api.testnet.paradex.trade/v1/bbo/BTC-USD-PERP "HTTP/1.1 200 OK"
2026-07-24 07:52:20,032 [INFO] HTTP Request: GET https://api.testnet.paradex.trade/v1/account "HTTP/1.1 200 OK"
2026-07-24 07:52:20,114 [INFO] HTTP Request: GET https://api.testnet.paradex.trade/v1/positions "HTTP/1.1 200 OK"
2026-07-24 07:52:22,206 [INFO] HTTP Request: GET https://api.testnet.paradex.trade/v1/bbo/BTC-USD-PERP "HTTP/1.1 200 OK"
2026-07-24 07:52:22,287 [INFO] HTTP Request: GET https://api.testnet.paradex.trade/v1/account "HTTP/1.1 200 OK"
2026-07-24 07:52:22,368 [INFO] HTTP Request: GET https://api.testnet.paradex.trade/v1/positions "HTTP/1.1 200 OK"
2026-07-24 07:52:24,459 [INFO] HTTP Request: GET https://api.testnet.paradex.trade/v1/bbo/BTC-USD-PERP "HTTP/1.1 200 OK"
2026-07-24 07:52:24,538 [INFO] HTTP Request: GET https://api.testnet.paradex.trade/v1/account "HTTP/1.1 200 OK"
2026-07-24 07:52:24,620 [INFO] HTTP Request: GET https://api.testnet.paradex.trade/v1/positions "HTTP/1.1 200 OK"
2026-07-24 07:52:26,697 [INFO] HTTP Request: GET https://api.testnet.paradex.trade/v1/bbo/BTC-USD-PERP "HTTP/1.1 200 OK"
2026-07-24 07:52:26,780 [INFO] HTTP Request: GET https://api.testnet.paradex.trade/v1/account "HTTP/1.1 200 OK"
2026-07-24 07:52:26,863 [INFO] HTTP Request: GET https://api.testnet.paradex.trade/v1/positions "HTTP/1.1 200 OK"
2026-07-24 07:52:28,939 [INFO] HTTP Request: GET https://api.testnet.paradex.trade/v1/bbo/BTC-USD-PERP "HTTP/1.1 200 OK"
2026-07-24 07:52:29,016 [INFO] HTTP Request: GET https://api.testnet.paradex.trade/v1/account "HTTP/1.1 200 OK"
2026-07-24 07:52:29,097 [INFO] HTTP Request: GET https://api.testnet.paradex.trade/v1/positions "HTTP/1.1 200 OK"
2026-07-24 07:52:31,175 [INFO] HTTP Request: GET https://api.testnet.paradex.trade/v1/bbo/BTC-USD-PERP "HTTP/1.1 200 OK"
2026-07-24 07:52:31,251 [INFO] HTTP Request: GET https://api.testnet.paradex.trade/v1/account "HTTP/1.1 200 OK"
2026-07-24 07:52:31,335 [INFO] HTTP Request: GET https://api.testnet.paradex.trade/v1/positions "HTTP/1.1 200 OK"
2026-07-24 07:52:33,391 [INFO] HTTP Request: GET https://api.testnet.paradex.trade/v1/bbo/BTC-USD-PERP "HTTP/1.1 200 OK"
2026-07-24 07:52:33,468 [INFO] HTTP Request: GET https://api.testnet.paradex.trade/v1/account "HTTP/1.1 200 OK"
2026-07-24 07:52:33,551 [INFO] HTTP Request: GET https://api.testnet.paradex.trade/v1/positions "HTTP/1.1 200 OK"
2026-07-24 07:52:35,625 [INFO] HTTP Request: GET https://api.testnet.paradex.trade/v1/bbo/BTC-USD-PERP "HTTP/1.1 200 OK"
2026-07-24 07:52:35,714 [INFO] HTTP Request: GET https://api.testnet.paradex.trade/v1/account "HTTP/1.1 200 OK"
2026-07-24 07:52:35,798 [INFO] HTTP Request: GET https://api.testnet.paradex.trade/v1/positions "HTTP/1.1 200 OK"
2026-07-24 07:52:37,889 [INFO] HTTP Request: GET https://api.testnet.paradex.trade/v1/bbo/BTC-USD-PERP "HTTP/1.1 200 OK"
2026-07-24 07:52:37,968 [INFO] HTTP Request: GET https://api.testnet.paradex.trade/v1/account "HTTP/1.1 200 OK"
2026-07-24 07:52:38,050 [INFO] HTTP Request: GET https://api.testnet.paradex.trade/v1/positions "HTTP/1.1 200 OK"
2026-07-24 07:52:40,139 [INFO] HTTP Request: GET https://api.testnet.paradex.trade/v1/bbo/BTC-USD-PERP "HTTP/1.1 200 OK"
2026-07-24 07:52:40,230 [INFO] HTTP Request: GET https://api.testnet.paradex.trade/v1/account "HTTP/1.1 200 OK"
2026-07-24 07:52:40,308 [INFO] HTTP Request: GET https://api.testnet.paradex.trade/v1/positions "HTTP/1.1 200 OK"
2026-07-24 07:52:42,392 [INFO] HTTP Request: GET https://api.testnet.paradex.trade/v1/bbo/BTC-USD-PERP "HTTP/1.1 200 OK"
2026-07-24 07:52:42,472 [INFO] HTTP Request: GET https://api.testnet.paradex.trade/v1/account "HTTP/1.1 200 OK"
2026-07-24 07:52:42,560 [INFO] HTTP Request: GET https://api.testnet.paradex.trade/v1/positions "HTTP/1.1 200 OK"
2026-07-24 07:52:44,658 [INFO] HTTP Request: GET https://api.testnet.paradex.trade/v1/bbo/BTC-USD-PERP "HTTP/1.1 200 OK"
2026-07-24 07:52:44,740 [INFO] HTTP Request: GET https://api.testnet.paradex.trade/v1/account "HTTP/1.1 200 OK"
2026-07-24 07:52:44,826 [INFO] HTTP Request: GET https://api.testnet.paradex.trade/v1/positions "HTTP/1.1 200 OK"
2026-07-24 07:52:46,891 [INFO] HTTP Request: GET https://api.testnet.paradex.trade/v1/bbo/BTC-USD-PERP "HTTP/1.1 200 OK"
2026-07-24 07:52:46,969 [INFO] HTTP Request: GET https://api.testnet.paradex.trade/v1/account "HTTP/1.1 200 OK"
2026-07-24 07:52:47,049 [INFO] HTTP Request: GET https://api.testnet.paradex.trade/v1/positions "HTTP/1.1 200 OK"
2026-07-24 07:52:49,140 [INFO] HTTP Request: GET https://api.testnet.paradex.trade/v1/bbo/BTC-USD-PERP "HTTP/1.1 200 OK"
2026-07-24 07:52:49,217 [INFO] HTTP Request: GET https://api.testnet.paradex.trade/v1/account "HTTP/1.1 200 OK"
2026-07-24 07:52:49,300 [INFO] HTTP Request: GET https://api.testnet.paradex.trade/v1/positions "HTTP/1.1 200 OK"
2026-07-24 07:52:51,389 [INFO] HTTP Request: GET https://api.testnet.paradex.trade/v1/bbo/BTC-USD-PERP "HTTP/1.1 200 OK"
2026-07-24 07:52:51,469 [INFO] HTTP Request: GET https://api.testnet.paradex.trade/v1/account "HTTP/1.1 200 OK"
2026-07-24 07:52:51,549 [INFO] HTTP Request: GET https://api.testnet.paradex.trade/v1/positions "HTTP/1.1 200 OK"
2026-07-24 07:52:53,632 [INFO] HTTP Request: GET https://api.testnet.paradex.trade/v1/bbo/BTC-USD-PERP "HTTP/1.1 200 OK"
2026-07-24 07:52:53,714 [INFO] HTTP Request: GET https://api.testnet.paradex.trade/v1/account "HTTP/1.1 200 OK"
2026-07-24 07:52:53,797 [INFO] HTTP Request: GET https://api.testnet.paradex.trade/v1/positions "HTTP/1.1 200 OK"
2026-07-24 07:52:55,889 [INFO] HTTP Request: GET https://api.testnet.paradex.trade/v1/bbo/BTC-USD-PERP "HTTP/1.1 200 OK"
2026-07-24 07:52:55,967 [INFO] HTTP Request: GET https://api.testnet.paradex.trade/v1/account "HTTP/1.1 200 OK"
2026-07-24 07:52:56,050 [INFO] HTTP Request: GET https://api.testnet.paradex.trade/v1/positions "HTTP/1.1 200 OK"
2026-07-24 07:52:58,140 [INFO] HTTP Request: GET https://api.testnet.paradex.trade/v1/bbo/BTC-USD-PERP "HTTP/1.1 200 OK"
2026-07-24 07:52:58,223 [INFO] HTTP Request: GET https://api.testnet.paradex.trade/v1/account "HTTP/1.1 200 OK"
2026-07-24 07:52:58,306 [INFO] HTTP Request: GET https://api.testnet.paradex.trade/v1/positions "HTTP/1.1 200 OK"
2026-07-24 07:53:00,389 [INFO] HTTP Request: GET https://api.testnet.paradex.trade/v1/bbo/BTC-USD-PERP "HTTP/1.1 200 OK"
2026-07-24 07:53:00,464 [INFO] HTTP Request: GET https://api.testnet.paradex.trade/v1/account "HTTP/1.1 200 OK"
2026-07-24 07:53:00,542 [INFO] HTTP Request: GET https://api.testnet.paradex.trade/v1/positions "HTTP/1.1 200 OK"
2026-07-24 07:53:02,624 [INFO] HTTP Request: GET https://api.testnet.paradex.trade/v1/bbo/BTC-USD-PERP "HTTP/1.1 200 OK"
2026-07-24 07:53:02,706 [INFO] HTTP Request: GET https://api.testnet.paradex.trade/v1/account "HTTP/1.1 200 OK"
2026-07-24 07:53:02,791 [INFO] HTTP Request: GET https://api.testnet.paradex.trade/v1/positions "HTTP/1.1 200 OK"
2026-07-24 07:53:04,856 [INFO] HTTP Request: GET https://api.testnet.paradex.trade/v1/bbo/BTC-USD-PERP "HTTP/1.1 200 OK"
2026-07-24 07:53:04,934 [INFO] HTTP Request: GET https://api.testnet.paradex.trade/v1/account "HTTP/1.1 200 OK"
2026-07-24 07:53:05,017 [INFO] HTTP Request: GET https://api.testnet.paradex.trade/v1/positions "HTTP/1.1 200 OK"
2026-07-24 07:53:07,106 [INFO] HTTP Request: GET https://api.testnet.paradex.trade/v1/bbo/BTC-USD-PERP "HTTP/1.1 200 OK"
2026-07-24 07:53:07,182 [INFO] HTTP Request: GET https://api.testnet.paradex.trade/v1/account "HTTP/1.1 200 OK"
2026-07-24 07:53:07,261 [INFO] HTTP Request: GET https://api.testnet.paradex.trade/v1/positions "HTTP/1.1 200 OK"
2026-07-24 07:53:09,357 [INFO] HTTP Request: GET https://api.testnet.paradex.trade/v1/bbo/BTC-USD-PERP "HTTP/1.1 200 OK"
2026-07-24 07:53:09,436 [INFO] HTTP Request: GET https://api.testnet.paradex.trade/v1/account "HTTP/1.1 200 OK"
2026-07-24 07:53:09,518 [INFO] HTTP Request: GET https://api.testnet.paradex.trade/v1/positions "HTTP/1.1 200 OK"
2026-07-24 07:53:11,606 [INFO] HTTP Request: GET https://api.testnet.paradex.trade/v1/bbo/BTC-USD-PERP "HTTP/1.1 200 OK"
2026-07-24 07:53:11,698 [INFO] HTTP Request: GET https://api.testnet.paradex.trade/v1/account "HTTP/1.1 200 OK"
2026-07-24 07:53:11,781 [INFO] HTTP Request: GET https://api.testnet.paradex.trade/v1/positions "HTTP/1.1 200 OK"
2026-07-24 07:53:13,871 [INFO] HTTP Request: GET https://api.testnet.paradex.trade/v1/bbo/BTC-USD-PERP "HTTP/1.1 200 OK"
2026-07-24 07:53:13,948 [INFO] HTTP Request: GET https://api.testnet.paradex.trade/v1/account "HTTP/1.1 200 OK"
2026-07-24 07:53:14,030 [INFO] HTTP Request: GET https://api.testnet.paradex.trade/v1/positions "HTTP/1.1 200 OK"
2026-07-24 07:53:16,125 [INFO] HTTP Request: GET https://api.testnet.paradex.trade/v1/bbo/BTC-USD-PERP "HTTP/1.1 200 OK"
2026-07-24 07:53:16,205 [INFO] HTTP Request: GET https://api.testnet.paradex.trade/v1/account "HTTP/1.1 200 OK"
2026-07-24 07:53:16,287 [INFO] HTTP Request: GET https://api.testnet.paradex.trade/v1/positions "HTTP/1.1 200 OK"
2026-07-24 07:53:18,375 [INFO] HTTP Request: GET https://api.testnet.paradex.trade/v1/bbo/BTC-USD-PERP "HTTP/1.1 200 OK"
2026-07-24 07:53:18,458 [INFO] HTTP Request: GET https://api.testnet.paradex.trade/v1/account "HTTP/1.1 200 OK"
2026-07-24 07:53:18,540 [INFO] HTTP Request: GET https://api.testnet.paradex.trade/v1/positions "HTTP/1.1 200 OK"
2026-07-24 07:53:20,618 [INFO] HTTP Request: GET https://api.testnet.paradex.trade/v1/bbo/BTC-USD-PERP "HTTP/1.1 200 OK"
2026-07-24 07:53:20,688 [INFO] HTTP Request: GET https://api.testnet.paradex.trade/v1/account "HTTP/1.1 200 OK"
2026-07-24 07:53:20,782 [INFO] HTTP Request: GET https://api.testnet.paradex.trade/v1/positions "HTTP/1.1 200 OK"
2026-07-24 07:53:22,873 [INFO] HTTP Request: GET https://api.testnet.paradex.trade/v1/bbo/BTC-USD-PERP "HTTP/1.1 200 OK"
2026-07-24 07:53:22,949 [INFO] HTTP Request: GET https://api.testnet.paradex.trade/v1/account "HTTP/1.1 200 OK"
2026-07-24 07:53:23,033 [INFO] HTTP Request: GET https://api.testnet.paradex.trade/v1/positions "HTTP/1.1 200 OK"
2026-07-24 07:53:25,121 [INFO] HTTP Request: GET https://api.testnet.paradex.trade/v1/bbo/BTC-USD-PERP "HTTP/1.1 200 OK"
2026-07-24 07:53:25,204 [INFO] HTTP Request: GET https://api.testnet.paradex.trade/v1/account "HTTP/1.1 200 OK"
2026-07-24 07:53:25,288 [INFO] HTTP Request: GET https://api.testnet.paradex.trade/v1/positions "HTTP/1.1 200 OK"
2026-07-24 07:53:27,373 [INFO] HTTP Request: GET https://api.testnet.paradex.trade/v1/bbo/BTC-USD-PERP "HTTP/1.1 200 OK"
2026-07-24 07:53:27,454 [INFO] HTTP Request: GET https://api.testnet.paradex.trade/v1/account "HTTP/1.1 200 OK"
2026-07-24 07:53:27,536 [INFO] HTTP Request: GET https://api.testnet.paradex.trade/v1/positions "HTTP/1.1 200 OK"
2026-07-24 07:53:29,622 [INFO] HTTP Request: GET https://api.testnet.paradex.trade/v1/bbo/BTC-USD-PERP "HTTP/1.1 200 OK"
2026-07-24 07:53:29,698 [INFO] HTTP Request: GET https://api.testnet.paradex.trade/v1/account "HTTP/1.1 200 OK"
2026-07-24 07:53:29,781 [INFO] HTTP Request: GET https://api.testnet.paradex.trade/v1/positions "HTTP/1.1 200 OK"
2026-07-24 07:53:31,874 [INFO] HTTP Request: GET https://api.testnet.paradex.trade/v1/bbo/BTC-USD-PERP "HTTP/1.1 200 OK"
2026-07-24 07:53:31,954 [INFO] HTTP Request: GET https://api.testnet.paradex.trade/v1/account "HTTP/1.1 200 OK"
2026-07-24 07:53:32,042 [INFO] HTTP Request: GET https://api.testnet.paradex.trade/v1/positions "HTTP/1.1 200 OK"
2026-07-24 07:53:34,121 [INFO] HTTP Request: GET https://api.testnet.paradex.trade/v1/bbo/BTC-USD-PERP "HTTP/1.1 200 OK"
2026-07-24 07:53:34,197 [INFO] HTTP Request: GET https://api.testnet.paradex.trade/v1/account "HTTP/1.1 200 OK"
2026-07-24 07:53:34,284 [INFO] HTTP Request: GET https://api.testnet.paradex.trade/v1/positions "HTTP/1.1 200 OK"
2026-07-24 07:53:36,364 [INFO] HTTP Request: GET https://api.testnet.paradex.trade/v1/bbo/BTC-USD-PERP "HTTP/1.1 200 OK"
2026-07-24 07:53:36,442 [INFO] HTTP Request: GET https://api.testnet.paradex.trade/v1/account "HTTP/1.1 200 OK"
2026-07-24 07:53:36,521 [INFO] HTTP Request: GET https://api.testnet.paradex.trade/v1/positions "HTTP/1.1 200 OK"
2026-07-24 07:53:38,596 [INFO] HTTP Request: GET https://api.testnet.paradex.trade/v1/bbo/BTC-USD-PERP "HTTP/1.1 200 OK"
2026-07-24 07:53:38,671 [INFO] HTTP Request: GET https://api.testnet.paradex.trade/v1/account "HTTP/1.1 200 OK"
2026-07-24 07:53:38,764 [INFO] HTTP Request: GET https://api.testnet.paradex.trade/v1/positions "HTTP/1.1 200 OK"
2026-07-24 07:53:40,864 [INFO] HTTP Request: GET https://api.testnet.paradex.trade/v1/bbo/BTC-USD-PERP "HTTP/1.1 200 OK"
2026-07-24 07:53:40,938 [INFO] HTTP Request: GET https://api.testnet.paradex.trade/v1/account "HTTP/1.1 200 OK"
2026-07-24 07:53:41,021 [INFO] HTTP Request: GET https://api.testnet.paradex.trade/v1/positions "HTTP/1.1 200 OK"
2026-07-24 07:53:43,106 [INFO] HTTP Request: GET https://api.testnet.paradex.trade/v1/bbo/BTC-USD-PERP "HTTP/1.1 200 OK"
2026-07-24 07:53:43,186 [INFO] HTTP Request: GET https://api.testnet.paradex.trade/v1/account "HTTP/1.1 200 OK"
2026-07-24 07:53:43,264 [INFO] HTTP Request: GET https://api.testnet.paradex.trade/v1/positions "HTTP/1.1 200 OK"
2026-07-24 07:53:45,342 [INFO] HTTP Request: GET https://api.testnet.paradex.trade/v1/bbo/BTC-USD-PERP "HTTP/1.1 200 OK"
2026-07-24 07:53:45,420 [INFO] HTTP Request: GET https://api.testnet.paradex.trade/v1/account "HTTP/1.1 200 OK"
2026-07-24 07:53:45,499 [INFO] HTTP Request: GET https://api.testnet.paradex.trade/v1/positions "HTTP/1.1 200 OK"
2026-07-24 07:53:47,591 [INFO] HTTP Request: GET https://api.testnet.paradex.trade/v1/bbo/BTC-USD-PERP "HTTP/1.1 200 OK"
2026-07-24 07:53:47,671 [INFO] HTTP Request: GET https://api.testnet.paradex.trade/v1/account "HTTP/1.1 200 OK"
2026-07-24 07:53:47,759 [INFO] HTTP Request: GET https://api.testnet.paradex.trade/v1/positions "HTTP/1.1 200 OK"
2026-07-24 07:53:49,825 [INFO] HTTP Request: GET https://api.testnet.paradex.trade/v1/bbo/BTC-USD-PERP "HTTP/1.1 200 OK"
2026-07-24 07:53:49,905 [INFO] HTTP Request: GET https://api.testnet.paradex.trade/v1/account "HTTP/1.1 200 OK"
2026-07-24 07:53:49,992 [INFO] HTTP Request: GET https://api.testnet.paradex.trade/v1/positions "HTTP/1.1 200 OK"
2026-07-24 07:53:52,081 [INFO] HTTP Request: GET https://api.testnet.paradex.trade/v1/bbo/BTC-USD-PERP "HTTP/1.1 200 OK"
2026-07-24 07:53:52,158 [INFO] HTTP Request: GET https://api.testnet.paradex.trade/v1/account "HTTP/1.1 200 OK"
2026-07-24 07:53:52,240 [INFO] HTTP Request: GET https://api.testnet.paradex.trade/v1/positions "HTTP/1.1 200 OK"
2026-07-24 07:53:54,325 [INFO] HTTP Request: GET https://api.testnet.paradex.trade/v1/bbo/BTC-USD-PERP "HTTP/1.1 200 OK"
2026-07-24 07:53:54,402 [INFO] HTTP Request: GET https://api.testnet.paradex.trade/v1/account "HTTP/1.1 200 OK"
2026-07-24 07:53:54,482 [INFO] HTTP Request: GET https://api.testnet.paradex.trade/v1/positions "HTTP/1.1 200 OK"
2026-07-24 07:53:56,557 [INFO] HTTP Request: GET https://api.testnet.paradex.trade/v1/bbo/BTC-USD-PERP "HTTP/1.1 200 OK"
2026-07-24 07:53:56,633 [INFO] HTTP Request: GET https://api.testnet.paradex.trade/v1/account "HTTP/1.1 200 OK"
2026-07-24 07:53:56,721 [INFO] HTTP Request: GET https://api.testnet.paradex.trade/v1/positions "HTTP/1.1 200 OK"
2026-07-24 07:53:58,809 [INFO] HTTP Request: GET https://api.testnet.paradex.trade/v1/bbo/BTC-USD-PERP "HTTP/1.1 200 OK"
2026-07-24 07:53:58,891 [INFO] HTTP Request: GET https://api.testnet.paradex.trade/v1/account "HTTP/1.1 200 OK"
2026-07-24 07:53:58,976 [INFO] HTTP Request: GET https://api.testnet.paradex.trade/v1/positions "HTTP/1.1 200 OK"
2026-07-24 07:54:01,057 [INFO] HTTP Request: GET https://api.testnet.paradex.trade/v1/bbo/BTC-USD-PERP "HTTP/1.1 200 OK"
2026-07-24 07:54:01,137 [INFO] HTTP Request: GET https://api.testnet.paradex.trade/v1/account "HTTP/1.1 200 OK"
2026-07-24 07:54:01,216 [INFO] HTTP Request: GET https://api.testnet.paradex.trade/v1/positions "HTTP/1.1 200 OK"
2026-07-24 07:54:03,314 [INFO] HTTP Request: GET https://api.testnet.paradex.trade/v1/bbo/BTC-USD-PERP "HTTP/1.1 200 OK"
2026-07-24 07:54:03,391 [INFO] HTTP Request: GET https://api.testnet.paradex.trade/v1/account "HTTP/1.1 200 OK"
2026-07-24 07:54:03,472 [INFO] HTTP Request: GET https://api.testnet.paradex.trade/v1/positions "HTTP/1.1 200 OK"
2026-07-24 07:54:05,558 [INFO] HTTP Request: GET https://api.testnet.paradex.trade/v1/bbo/BTC-USD-PERP "HTTP/1.1 200 OK"
2026-07-24 07:54:05,642 [INFO] HTTP Request: GET https://api.testnet.paradex.trade/v1/account "HTTP/1.1 200 OK"
2026-07-24 07:54:05,724 [INFO] HTTP Request: GET https://api.testnet.paradex.trade/v1/positions "HTTP/1.1 200 OK"
2026-07-24 07:54:07,806 [INFO] HTTP Request: GET https://api.testnet.paradex.trade/v1/bbo/BTC-USD-PERP "HTTP/1.1 200 OK"
2026-07-24 07:54:07,891 [INFO] HTTP Request: GET https://api.testnet.paradex.trade/v1/account "HTTP/1.1 200 OK"
2026-07-24 07:54:07,972 [INFO] HTTP Request: GET https://api.testnet.paradex.trade/v1/positions "HTTP/1.1 200 OK"
2026-07-24 07:54:10,064 [INFO] HTTP Request: GET https://api.testnet.paradex.trade/v1/bbo/BTC-USD-PERP "HTTP/1.1 200 OK"
2026-07-24 07:54:10,148 [INFO] HTTP Request: GET https://api.testnet.paradex.trade/v1/account "HTTP/1.1 200 OK"
2026-07-24 07:54:10,231 [INFO] HTTP Request: GET https://api.testnet.paradex.trade/v1/positions "HTTP/1.1 200 OK"
2026-07-24 07:54:12,320 [INFO] HTTP Request: GET https://api.testnet.paradex.trade/v1/bbo/BTC-USD-PERP "HTTP/1.1 200 OK"
2026-07-24 07:54:12,409 [INFO] HTTP Request: GET https://api.testnet.paradex.trade/v1/account "HTTP/1.1 200 OK"
2026-07-24 07:54:12,492 [INFO] HTTP Request: GET https://api.testnet.paradex.trade/v1/positions "HTTP/1.1 200 OK"
2026-07-24 07:54:14,575 [INFO] HTTP Request: GET https://api.testnet.paradex.trade/v1/bbo/BTC-USD-PERP "HTTP/1.1 200 OK"
2026-07-24 07:54:14,658 [INFO] HTTP Request: GET https://api.testnet.paradex.trade/v1/account "HTTP/1.1 200 OK"
2026-07-24 07:54:14,738 [INFO] HTTP Request: GET https://api.testnet.paradex.trade/v1/positions "HTTP/1.1 200 OK"
2026-07-24 07:54:16,823 [INFO] HTTP Request: GET https://api.testnet.paradex.trade/v1/bbo/BTC-USD-PERP "HTTP/1.1 200 OK"
2026-07-24 07:54:16,904 [INFO] HTTP Request: GET https://api.testnet.paradex.trade/v1/account "HTTP/1.1 200 OK"
2026-07-24 07:54:16,987 [INFO] HTTP Request: GET https://api.testnet.paradex.trade/v1/positions "HTTP/1.1 200 OK"
2026-07-24 07:54:19,071 [INFO] HTTP Request: GET https://api.testnet.paradex.trade/v1/bbo/BTC-USD-PERP "HTTP/1.1 200 OK"
2026-07-24 07:54:19,147 [INFO] HTTP Request: GET https://api.testnet.paradex.trade/v1/account "HTTP/1.1 200 OK"
2026-07-24 07:54:19,225 [INFO] HTTP Request: GET https://api.testnet.paradex.trade/v1/positions "HTTP/1.1 200 OK"
2026-07-24 07:54:21,306 [INFO] HTTP Request: GET https://api.testnet.paradex.trade/v1/bbo/BTC-USD-PERP "HTTP/1.1 200 OK"
2026-07-24 07:54:21,389 [INFO] HTTP Request: GET https://api.testnet.paradex.trade/v1/account "HTTP/1.1 200 OK"
2026-07-24 07:54:21,474 [INFO] HTTP Request: GET https://api.testnet.paradex.trade/v1/positions "HTTP/1.1 200 OK"
2026-07-24 07:54:23,557 [INFO] HTTP Request: GET https://api.testnet.paradex.trade/v1/bbo/BTC-USD-PERP "HTTP/1.1 200 OK"
2026-07-24 07:54:23,635 [INFO] HTTP Request: GET https://api.testnet.paradex.trade/v1/account "HTTP/1.1 200 OK"
2026-07-24 07:54:23,714 [INFO] HTTP Request: GET https://api.testnet.paradex.trade/v1/positions "HTTP/1.1 200 OK"
2026-07-24 07:54:25,787 [INFO] HTTP Request: GET https://api.testnet.paradex.trade/v1/bbo/BTC-USD-PERP "HTTP/1.1 200 OK"
2026-07-24 07:54:25,867 [INFO] HTTP Request: GET https://api.testnet.paradex.trade/v1/account "HTTP/1.1 200 OK"
2026-07-24 07:54:25,943 [INFO] HTTP Request: GET https://api.testnet.paradex.trade/v1/positions "HTTP/1.1 200 OK"
2026-07-24 07:54:28,025 [INFO] HTTP Request: GET https://api.testnet.paradex.trade/v1/bbo/BTC-USD-PERP "HTTP/1.1 200 OK"
2026-07-24 07:54:28,103 [INFO] HTTP Request: GET https://api.testnet.paradex.trade/v1/account "HTTP/1.1 200 OK"
2026-07-24 07:54:28,183 [INFO] HTTP Request: GET https://api.testnet.paradex.trade/v1/positions "HTTP/1.1 200 OK"
2026-07-24 07:54:30,259 [INFO] HTTP Request: GET https://api.testnet.paradex.trade/v1/bbo/BTC-USD-PERP "HTTP/1.1 200 OK"
2026-07-24 07:54:30,337 [INFO] HTTP Request: GET https://api.testnet.paradex.trade/v1/account "HTTP/1.1 200 OK"
2026-07-24 07:54:30,422 [INFO] HTTP Request: GET https://api.testnet.paradex.trade/v1/positions "HTTP/1.1 200 OK"
2026-07-24 07:54:32,507 [INFO] HTTP Request: GET https://api.testnet.paradex.trade/v1/bbo/BTC-USD-PERP "HTTP/1.1 200 OK"
2026-07-24 07:54:32,589 [INFO] HTTP Request: GET https://api.testnet.paradex.trade/v1/account "HTTP/1.1 200 OK"
2026-07-24 07:54:32,673 [INFO] HTTP Request: GET https://api.testnet.paradex.trade/v1/positions "HTTP/1.1 200 OK"
2026-07-24 07:54:34,756 [INFO] HTTP Request: GET https://api.testnet.paradex.trade/v1/bbo/BTC-USD-PERP "HTTP/1.1 200 OK"
2026-07-24 07:54:34,834 [INFO] HTTP Request: GET https://api.testnet.paradex.trade/v1/account "HTTP/1.1 200 OK"
2026-07-24 07:54:34,921 [INFO] HTTP Request: GET https://api.testnet.paradex.trade/v1/positions "HTTP/1.1 200 OK"
2026-07-24 07:54:37,006 [INFO] HTTP Request: GET https://api.testnet.paradex.trade/v1/bbo/BTC-USD-PERP "HTTP/1.1 200 OK"
2026-07-24 07:54:37,084 [INFO] HTTP Request: GET https://api.testnet.paradex.trade/v1/account "HTTP/1.1 200 OK"
2026-07-24 07:54:37,164 [INFO] HTTP Request: GET https://api.testnet.paradex.trade/v1/positions "HTTP/1.1 200 OK"
2026-07-24 07:54:39,247 [INFO] HTTP Request: GET https://api.testnet.paradex.trade/v1/bbo/BTC-USD-PERP "HTTP/1.1 200 OK"
2026-07-24 07:54:39,334 [INFO] HTTP Request: GET https://api.testnet.paradex.trade/v1/account "HTTP/1.1 200 OK"
2026-07-24 07:54:39,414 [INFO] HTTP Request: GET https://api.testnet.paradex.trade/v1/positions "HTTP/1.1 200 OK"
2026-07-24 07:54:41,490 [INFO] HTTP Request: GET https://api.testnet.paradex.trade/v1/bbo/BTC-USD-PERP "HTTP/1.1 200 OK"
2026-07-24 07:54:41,568 [INFO] HTTP Request: GET https://api.testnet.paradex.trade/v1/account "HTTP/1.1 200 OK"
2026-07-24 07:54:41,643 [INFO] HTTP Request: GET https://api.testnet.paradex.trade/v1/positions "HTTP/1.1 200 OK"
2026-07-24 07:54:43,724 [INFO] HTTP Request: GET https://api.testnet.paradex.trade/v1/bbo/BTC-USD-PERP "HTTP/1.1 200 OK"
2026-07-24 07:54:43,806 [INFO] HTTP Request: GET https://api.testnet.paradex.trade/v1/account "HTTP/1.1 200 OK"
2026-07-24 07:54:43,889 [INFO] HTTP Request: GET https://api.testnet.paradex.trade/v1/positions "HTTP/1.1 200 OK"
2026-07-24 07:54:45,940 [INFO] HTTP Request: GET https://api.testnet.paradex.trade/v1/bbo/BTC-USD-PERP "HTTP/1.1 200 OK"
2026-07-24 07:54:46,017 [INFO] HTTP Request: GET https://api.testnet.paradex.trade/v1/account "HTTP/1.1 200 OK"
2026-07-24 07:54:46,097 [INFO] HTTP Request: GET https://api.testnet.paradex.trade/v1/positions "HTTP/1.1 200 OK"
2026-07-24 07:54:48,182 [INFO] HTTP Request: GET https://api.testnet.paradex.trade/v1/bbo/BTC-USD-PERP "HTTP/1.1 200 OK"
2026-07-24 07:54:48,260 [INFO] HTTP Request: GET https://api.testnet.paradex.trade/v1/account "HTTP/1.1 200 OK"
2026-07-24 07:54:48,347 [INFO] HTTP Request: GET https://api.testnet.paradex.trade/v1/positions "HTTP/1.1 200 OK"
2026-07-24 07:54:50,422 [INFO] HTTP Request: GET https://api.testnet.paradex.trade/v1/bbo/BTC-USD-PERP "HTTP/1.1 200 OK"
2026-07-24 07:54:50,497 [INFO] HTTP Request: GET https://api.testnet.paradex.trade/v1/account "HTTP/1.1 200 OK"
2026-07-24 07:54:50,577 [INFO] HTTP Request: GET https://api.testnet.paradex.trade/v1/positions "HTTP/1.1 200 OK"
2026-07-24 07:54:52,674 [INFO] HTTP Request: GET https://api.testnet.paradex.trade/v1/bbo/BTC-USD-PERP "HTTP/1.1 200 OK"
2026-07-24 07:54:52,749 [INFO] HTTP Request: GET https://api.testnet.paradex.trade/v1/account "HTTP/1.1 200 OK"
2026-07-24 07:54:52,842 [INFO] HTTP Request: GET https://api.testnet.paradex.trade/v1/positions "HTTP/1.1 200 OK"
2026-07-24 07:54:54,892 [INFO] HTTP Request: GET https://api.testnet.paradex.trade/v1/bbo/BTC-USD-PERP "HTTP/1.1 200 OK"
2026-07-24 07:54:54,968 [INFO] HTTP Request: GET https://api.testnet.paradex.trade/v1/account "HTTP/1.1 200 OK"
2026-07-24 07:54:55,047 [INFO] HTTP Request: GET https://api.testnet.paradex.trade/v1/positions "HTTP/1.1 200 OK"
2026-07-24 07:54:57,141 [INFO] HTTP Request: GET https://api.testnet.paradex.trade/v1/bbo/BTC-USD-PERP "HTTP/1.1 200 OK"
2026-07-24 07:54:57,218 [INFO] HTTP Request: GET https://api.testnet.paradex.trade/v1/account "HTTP/1.1 200 OK"
2026-07-24 07:54:57,303 [INFO] HTTP Request: GET https://api.testnet.paradex.trade/v1/positions "HTTP/1.1 200 OK"
2026-07-24 07:54:59,392 [INFO] HTTP Request: GET https://api.testnet.paradex.trade/v1/bbo/BTC-USD-PERP "HTTP/1.1 200 OK"
2026-07-24 07:54:59,472 [INFO] HTTP Request: GET https://api.testnet.paradex.trade/v1/account "HTTP/1.1 200 OK"
2026-07-24 07:54:59,556 [INFO] HTTP Request: GET https://api.testnet.paradex.trade/v1/positions "HTTP/1.1 200 OK"
2026-07-24 07:55:01,642 [INFO] HTTP Request: GET https://api.testnet.paradex.trade/v1/bbo/BTC-USD-PERP "HTTP/1.1 200 OK"
2026-07-24 07:55:01,723 [INFO] HTTP Request: GET https://api.testnet.paradex.trade/v1/account "HTTP/1.1 200 OK"
2026-07-24 07:55:01,814 [INFO] HTTP Request: GET https://api.testnet.paradex.trade/v1/positions "HTTP/1.1 200 OK"
2026-07-24 07:55:03,892 [INFO] HTTP Request: GET https://api.testnet.paradex.trade/v1/bbo/BTC-USD-PERP "HTTP/1.1 200 OK"
2026-07-24 07:55:03,974 [INFO] HTTP Request: GET https://api.testnet.paradex.trade/v1/account "HTTP/1.1 200 OK"
2026-07-24 07:55:04,057 [INFO] HTTP Request: GET https://api.testnet.paradex.trade/v1/positions "HTTP/1.1 200 OK"
2026-07-24 07:55:06,125 [INFO] HTTP Request: GET https://api.testnet.paradex.trade/v1/bbo/BTC-USD-PERP "HTTP/1.1 200 OK"
2026-07-24 07:55:06,204 [INFO] HTTP Request: GET https://api.testnet.paradex.trade/v1/account "HTTP/1.1 200 OK"
2026-07-24 07:55:06,284 [INFO] HTTP Request: GET https://api.testnet.paradex.trade/v1/positions "HTTP/1.1 200 OK"
2026-07-24 07:55:08,372 [INFO] HTTP Request: GET https://api.testnet.paradex.trade/v1/bbo/BTC-USD-PERP "HTTP/1.1 200 OK"
2026-07-24 07:55:08,450 [INFO] HTTP Request: GET https://api.testnet.paradex.trade/v1/account "HTTP/1.1 200 OK"
2026-07-24 07:55:08,530 [INFO] HTTP Request: GET https://api.testnet.paradex.trade/v1/positions "HTTP/1.1 200 OK"
2026-07-24 07:55:10,622 [INFO] HTTP Request: GET https://api.testnet.paradex.trade/v1/bbo/BTC-USD-PERP "HTTP/1.1 200 OK"
2026-07-24 07:55:10,699 [INFO] HTTP Request: GET https://api.testnet.paradex.trade/v1/account "HTTP/1.1 200 OK"
2026-07-24 07:55:10,780 [INFO] HTTP Request: GET https://api.testnet.paradex.trade/v1/positions "HTTP/1.1 200 OK"
2026-07-24 07:55:12,841 [INFO] HTTP Request: GET https://api.testnet.paradex.trade/v1/bbo/BTC-USD-PERP "HTTP/1.1 200 OK"
2026-07-24 07:55:12,922 [INFO] HTTP Request: GET https://api.testnet.paradex.trade/v1/account "HTTP/1.1 200 OK"
2026-07-24 07:55:13,004 [INFO] HTTP Request: GET https://api.testnet.paradex.trade/v1/positions "HTTP/1.1 200 OK"
2026-07-24 07:55:15,088 [INFO] HTTP Request: GET https://api.testnet.paradex.trade/v1/bbo/BTC-USD-PERP "HTTP/1.1 200 OK"
2026-07-24 07:55:15,175 [INFO] HTTP Request: POST https://api.testnet.paradex.trade/v1/auth/0x355512bacffd591ee8f52264d0c35a334dc7f659fa23e344a3364e9201a8343 "HTTP/1.1 200 OK"
2026-07-24 07:55:15,255 [INFO] HTTP Request: GET https://api.testnet.paradex.trade/v1/account "HTTP/1.1 200 OK"
2026-07-24 07:55:15,336 [INFO] HTTP Request: GET https://api.testnet.paradex.trade/v1/positions "HTTP/1.1 200 OK"
2026-07-24 07:55:17,403 [INFO] HTTP Request: GET https://api.testnet.paradex.trade/v1/bbo/BTC-USD-PERP "HTTP/1.1 200 OK"
2026-07-24 07:55:17,492 [INFO] HTTP Request: GET https://api.testnet.paradex.trade/v1/account "HTTP/1.1 200 OK"
2026-07-24 07:55:17,573 [INFO] HTTP Request: GET https://api.testnet.paradex.trade/v1/positions "HTTP/1.1 200 OK"
2026-07-24 07:55:19,638 [INFO] HTTP Request: GET https://api.testnet.paradex.trade/v1/bbo/BTC-USD-PERP "HTTP/1.1 200 OK"
2026-07-24 07:55:19,719 [INFO] HTTP Request: GET https://api.testnet.paradex.trade/v1/account "HTTP/1.1 200 OK"
2026-07-24 07:55:19,802 [INFO] HTTP Request: GET https://api.testnet.paradex.trade/v1/positions "HTTP/1.1 200 OK"
2026-07-24 07:55:21,888 [INFO] HTTP Request: GET https://api.testnet.paradex.trade/v1/bbo/BTC-USD-PERP "HTTP/1.1 200 OK"
2026-07-24 07:55:21,965 [INFO] HTTP Request: GET https://api.testnet.paradex.trade/v1/account "HTTP/1.1 200 OK"
2026-07-24 07:55:22,047 [INFO] HTTP Request: GET https://api.testnet.paradex.trade/v1/positions "HTTP/1.1 200 OK"
2026-07-24 07:55:24,139 [INFO] HTTP Request: GET https://api.testnet.paradex.trade/v1/bbo/BTC-USD-PERP "HTTP/1.1 200 OK"
2026-07-24 07:55:24,215 [INFO] HTTP Request: GET https://api.testnet.paradex.trade/v1/account "HTTP/1.1 200 OK"
2026-07-24 07:55:24,294 [INFO] HTTP Request: GET https://api.testnet.paradex.trade/v1/positions "HTTP/1.1 200 OK"
2026-07-24 07:55:26,391 [INFO] HTTP Request: GET https://api.testnet.paradex.trade/v1/bbo/BTC-USD-PERP "HTTP/1.1 200 OK"
2026-07-24 07:55:26,469 [INFO] HTTP Request: GET https://api.testnet.paradex.trade/v1/account "HTTP/1.1 200 OK"
2026-07-24 07:55:26,549 [INFO] HTTP Request: GET https://api.testnet.paradex.trade/v1/positions "HTTP/1.1 200 OK"
2026-07-24 07:55:28,624 [INFO] HTTP Request: GET https://api.testnet.paradex.trade/v1/bbo/BTC-USD-PERP "HTTP/1.1 200 OK"
2026-07-24 07:55:28,701 [INFO] HTTP Request: GET https://api.testnet.paradex.trade/v1/account "HTTP/1.1 200 OK"
2026-07-24 07:55:28,775 [INFO] HTTP Request: GET https://api.testnet.paradex.trade/v1/positions "HTTP/1.1 200 OK"
2026-07-24 07:55:30,843 [INFO] HTTP Request: GET https://api.testnet.paradex.trade/v1/bbo/BTC-USD-PERP "HTTP/1.1 200 OK"
2026-07-24 07:55:30,923 [INFO] HTTP Request: GET https://api.testnet.paradex.trade/v1/account "HTTP/1.1 200 OK"
2026-07-24 07:55:31,001 [INFO] HTTP Request: GET https://api.testnet.paradex.trade/v1/positions "HTTP/1.1 200 OK"
2026-07-24 07:55:33,089 [INFO] HTTP Request: GET https://api.testnet.paradex.trade/v1/bbo/BTC-USD-PERP "HTTP/1.1 200 OK"
2026-07-24 07:55:33,182 [INFO] HTTP Request: GET https://api.testnet.paradex.trade/v1/account "HTTP/1.1 200 OK"
2026-07-24 07:55:33,265 [INFO] HTTP Request: GET https://api.testnet.paradex.trade/v1/positions "HTTP/1.1 200 OK"
2026-07-24 07:55:35,369 [INFO] HTTP Request: GET https://api.testnet.paradex.trade/v1/bbo/BTC-USD-PERP "HTTP/1.1 200 OK"
2026-07-24 07:55:35,451 [INFO] HTTP Request: GET https://api.testnet.paradex.trade/v1/account "HTTP/1.1 200 OK"
2026-07-24 07:55:35,526 [INFO] HTTP Request: GET https://api.testnet.paradex.trade/v1/positions "HTTP/1.1 200 OK"
2026-07-24 07:55:37,624 [INFO] HTTP Request: GET https://api.testnet.paradex.trade/v1/bbo/BTC-USD-PERP "HTTP/1.1 200 OK"
2026-07-24 07:55:37,703 [INFO] HTTP Request: GET https://api.testnet.paradex.trade/v1/account "HTTP/1.1 200 OK"
2026-07-24 07:55:37,789 [INFO] HTTP Request: GET https://api.testnet.paradex.trade/v1/positions "HTTP/1.1 200 OK"
2026-07-24 07:55:39,874 [INFO] HTTP Request: GET https://api.testnet.paradex.trade/v1/bbo/BTC-USD-PERP "HTTP/1.1 200 OK"
2026-07-24 07:55:39,950 [INFO] HTTP Request: GET https://api.testnet.paradex.trade/v1/account "HTTP/1.1 200 OK"
2026-07-24 07:55:40,034 [INFO] HTTP Request: GET https://api.testnet.paradex.trade/v1/positions "HTTP/1.1 200 OK"
2026-07-24 07:55:42,131 [INFO] HTTP Request: GET https://api.testnet.paradex.trade/v1/bbo/BTC-USD-PERP "HTTP/1.1 200 OK"
2026-07-24 07:55:42,206 [INFO] HTTP Request: GET https://api.testnet.paradex.trade/v1/account "HTTP/1.1 200 OK"
2026-07-24 07:55:42,287 [INFO] HTTP Request: GET https://api.testnet.paradex.trade/v1/positions "HTTP/1.1 200 OK"
2026-07-24 07:55:44,374 [INFO] HTTP Request: GET https://api.testnet.paradex.trade/v1/bbo/BTC-USD-PERP "HTTP/1.1 200 OK"
2026-07-24 07:55:44,455 [INFO] HTTP Request: GET https://api.testnet.paradex.trade/v1/account "HTTP/1.1 200 OK"
2026-07-24 07:55:44,536 [INFO] HTTP Request: GET https://api.testnet.paradex.trade/v1/positions "HTTP/1.1 200 OK"
2026-07-24 07:55:46,609 [INFO] HTTP Request: GET https://api.testnet.paradex.trade/v1/bbo/BTC-USD-PERP "HTTP/1.1 200 OK"
2026-07-24 07:55:46,684 [INFO] HTTP Request: GET https://api.testnet.paradex.trade/v1/account "HTTP/1.1 200 OK"
2026-07-24 07:55:46,765 [INFO] HTTP Request: GET https://api.testnet.paradex.trade/v1/positions "HTTP/1.1 200 OK"
2026-07-24 07:55:48,858 [INFO] HTTP Request: GET https://api.testnet.paradex.trade/v1/bbo/BTC-USD-PERP "HTTP/1.1 200 OK"
2026-07-24 07:55:48,933 [INFO] HTTP Request: GET https://api.testnet.paradex.trade/v1/account "HTTP/1.1 200 OK"
2026-07-24 07:55:49,016 [INFO] HTTP Request: GET https://api.testnet.paradex.trade/v1/positions "HTTP/1.1 200 OK"
2026-07-24 07:55:51,114 [INFO] HTTP Request: GET https://api.testnet.paradex.trade/v1/bbo/BTC-USD-PERP "HTTP/1.1 200 OK"
2026-07-24 07:55:51,192 [INFO] HTTP Request: GET https://api.testnet.paradex.trade/v1/account "HTTP/1.1 200 OK"
2026-07-24 07:55:51,277 [INFO] HTTP Request: GET https://api.testnet.paradex.trade/v1/positions "HTTP/1.1 200 OK"
2026-07-24 07:55:53,357 [INFO] HTTP Request: GET https://api.testnet.paradex.trade/v1/bbo/BTC-USD-PERP "HTTP/1.1 200 OK"
2026-07-24 07:55:53,438 [INFO] HTTP Request: GET https://api.testnet.paradex.trade/v1/account "HTTP/1.1 200 OK"
2026-07-24 07:55:53,520 [INFO] HTTP Request: GET https://api.testnet.paradex.trade/v1/positions "HTTP/1.1 200 OK"
2026-07-24 07:55:55,605 [INFO] HTTP Request: GET https://api.testnet.paradex.trade/v1/bbo/BTC-USD-PERP "HTTP/1.1 200 OK"
2026-07-24 07:55:55,684 [INFO] HTTP Request: GET https://api.testnet.paradex.trade/v1/account "HTTP/1.1 200 OK"
2026-07-24 07:55:55,767 [INFO] HTTP Request: GET https://api.testnet.paradex.trade/v1/positions "HTTP/1.1 200 OK"
2026-07-24 07:55:57,858 [INFO] HTTP Request: GET https://api.testnet.paradex.trade/v1/bbo/BTC-USD-PERP "HTTP/1.1 200 OK"
2026-07-24 07:55:57,937 [INFO] HTTP Request: GET https://api.testnet.paradex.trade/v1/account "HTTP/1.1 200 OK"
2026-07-24 07:55:58,016 [INFO] HTTP Request: GET https://api.testnet.paradex.trade/v1/positions "HTTP/1.1 200 OK"
2026-07-24 07:56:00,159 [INFO] HTTP Request: GET https://api.testnet.paradex.trade/v1/bbo/BTC-USD-PERP "HTTP/1.1 200 OK"
2026-07-24 07:56:00,241 [INFO] HTTP Request: GET https://api.testnet.paradex.trade/v1/account "HTTP/1.1 200 OK"
2026-07-24 07:56:00,336 [INFO] HTTP Request: GET https://api.testnet.paradex.trade/v1/positions "HTTP/1.1 200 OK"
2026-07-24 07:56:02,408 [INFO] HTTP Request: GET https://api.testnet.paradex.trade/v1/bbo/BTC-USD-PERP "HTTP/1.1 200 OK"
2026-07-24 07:56:02,498 [INFO] HTTP Request: GET https://api.testnet.paradex.trade/v1/account "HTTP/1.1 200 OK"
2026-07-24 07:56:02,588 [INFO] HTTP Request: GET https://api.testnet.paradex.trade/v1/positions "HTTP/1.1 200 OK"
2026-07-24 07:56:04,661 [INFO] HTTP Request: GET https://api.testnet.paradex.trade/v1/bbo/BTC-USD-PERP "HTTP/1.1 200 OK"
2026-07-24 07:56:04,742 [INFO] HTTP Request: GET https://api.testnet.paradex.trade/v1/account "HTTP/1.1 200 OK"
2026-07-24 07:56:04,825 [INFO] HTTP Request: GET https://api.testnet.paradex.trade/v1/positions "HTTP/1.1 200 OK"
2026-07-24 07:56:06,906 [INFO] HTTP Request: GET https://api.testnet.paradex.trade/v1/bbo/BTC-USD-PERP "HTTP/1.1 200 OK"
2026-07-24 07:56:06,985 [INFO] HTTP Request: GET https://api.testnet.paradex.trade/v1/account "HTTP/1.1 200 OK"
2026-07-24 07:56:07,067 [INFO] HTTP Request: GET https://api.testnet.paradex.trade/v1/positions "HTTP/1.1 200 OK"
2026-07-24 07:56:09,157 [INFO] HTTP Request: GET https://api.testnet.paradex.trade/v1/bbo/BTC-USD-PERP "HTTP/1.1 200 OK"
2026-07-24 07:56:09,239 [INFO] HTTP Request: GET https://api.testnet.paradex.trade/v1/account "HTTP/1.1 200 OK"
2026-07-24 07:56:09,324 [INFO] HTTP Request: GET https://api.testnet.paradex.trade/v1/positions "HTTP/1.1 200 OK"
2026-07-24 07:56:11,407 [INFO] HTTP Request: GET https://api.testnet.paradex.trade/v1/bbo/BTC-USD-PERP "HTTP/1.1 200 OK"
2026-07-24 07:56:11,485 [INFO] HTTP Request: GET https://api.testnet.paradex.trade/v1/account "HTTP/1.1 200 OK"
2026-07-24 07:56:11,564 [INFO] HTTP Request: GET https://api.testnet.paradex.trade/v1/positions "HTTP/1.1 200 OK"
2026-07-24 07:56:13,639 [INFO] HTTP Request: GET https://api.testnet.paradex.trade/v1/bbo/BTC-USD-PERP "HTTP/1.1 200 OK"
2026-07-24 07:56:13,718 [INFO] HTTP Request: GET https://api.testnet.paradex.trade/v1/account "HTTP/1.1 200 OK"
2026-07-24 07:56:13,798 [INFO] HTTP Request: GET https://api.testnet.paradex.trade/v1/positions "HTTP/1.1 200 OK"
2026-07-24 07:56:15,898 [INFO] HTTP Request: GET https://api.testnet.paradex.trade/v1/bbo/BTC-USD-PERP "HTTP/1.1 200 OK"
2026-07-24 07:56:15,974 [INFO] HTTP Request: GET https://api.testnet.paradex.trade/v1/account "HTTP/1.1 200 OK"
2026-07-24 07:56:16,054 [INFO] HTTP Request: GET https://api.testnet.paradex.trade/v1/positions "HTTP/1.1 200 OK"
2026-07-24 07:56:18,208 [INFO] HTTP Request: GET https://api.testnet.paradex.trade/v1/bbo/BTC-USD-PERP "HTTP/1.1 200 OK"
2026-07-24 07:56:18,304 [INFO] HTTP Request: GET https://api.testnet.paradex.trade/v1/account "HTTP/1.1 200 OK"
2026-07-24 07:56:18,418 [INFO] HTTP Request: GET https://api.testnet.paradex.trade/v1/positions "HTTP/1.1 200 OK"
2026-07-24 07:56:20,487 [INFO] HTTP Request: GET https://api.testnet.paradex.trade/v1/bbo/BTC-USD-PERP "HTTP/1.1 200 OK"
2026-07-24 07:56:20,570 [INFO] HTTP Request: GET https://api.testnet.paradex.trade/v1/account "HTTP/1.1 200 OK"
2026-07-24 07:56:20,649 [INFO] HTTP Request: GET https://api.testnet.paradex.trade/v1/positions "HTTP/1.1 200 OK"
2026-07-24 07:56:22,731 [INFO] HTTP Request: GET https://api.testnet.paradex.trade/v1/bbo/BTC-USD-PERP "HTTP/1.1 200 OK"
2026-07-24 07:56:22,807 [INFO] HTTP Request: GET https://api.testnet.paradex.trade/v1/account "HTTP/1.1 200 OK"
2026-07-24 07:56:22,891 [INFO] HTTP Request: GET https://api.testnet.paradex.trade/v1/positions "HTTP/1.1 200 OK"
2026-07-24 07:56:24,975 [INFO] HTTP Request: GET https://api.testnet.paradex.trade/v1/bbo/BTC-USD-PERP "HTTP/1.1 200 OK"
2026-07-24 07:56:25,051 [INFO] HTTP Request: GET https://api.testnet.paradex.trade/v1/account "HTTP/1.1 200 OK"
2026-07-24 07:56:25,134 [INFO] HTTP Request: GET https://api.testnet.paradex.trade/v1/positions "HTTP/1.1 200 OK"
2026-07-24 07:56:27,206 [INFO] HTTP Request: GET https://api.testnet.paradex.trade/v1/bbo/BTC-USD-PERP "HTTP/1.1 200 OK"
2026-07-24 07:56:27,285 [INFO] HTTP Request: GET https://api.testnet.paradex.trade/v1/account "HTTP/1.1 200 OK"
2026-07-24 07:56:27,367 [INFO] HTTP Request: GET https://api.testnet.paradex.trade/v1/positions "HTTP/1.1 200 OK"
2026-07-24 07:56:29,440 [INFO] HTTP Request: GET https://api.testnet.paradex.trade/v1/bbo/BTC-USD-PERP "HTTP/1.1 200 OK"
2026-07-24 07:56:29,520 [INFO] HTTP Request: GET https://api.testnet.paradex.trade/v1/account "HTTP/1.1 200 OK"
2026-07-24 07:56:29,600 [INFO] HTTP Request: GET https://api.testnet.paradex.trade/v1/positions "HTTP/1.1 200 OK"
2026-07-24 07:56:31,673 [INFO] HTTP Request: GET https://api.testnet.paradex.trade/v1/bbo/BTC-USD-PERP "HTTP/1.1 200 OK"
2026-07-24 07:56:31,753 [INFO] HTTP Request: GET https://api.testnet.paradex.trade/v1/account "HTTP/1.1 200 OK"
2026-07-24 07:56:31,837 [INFO] HTTP Request: GET https://api.testnet.paradex.trade/v1/positions "HTTP/1.1 200 OK"
2026-07-24 07:56:33,908 [INFO] HTTP Request: GET https://api.testnet.paradex.trade/v1/bbo/BTC-USD-PERP "HTTP/1.1 200 OK"
2026-07-24 07:56:33,989 [INFO] HTTP Request: GET https://api.testnet.paradex.trade/v1/account "HTTP/1.1 200 OK"
2026-07-24 07:56:34,073 [INFO] HTTP Request: GET https://api.testnet.paradex.trade/v1/positions "HTTP/1.1 200 OK"
2026-07-24 07:56:36,164 [INFO] HTTP Request: GET https://api.testnet.paradex.trade/v1/bbo/BTC-USD-PERP "HTTP/1.1 200 OK"
2026-07-24 07:56:36,242 [INFO] HTTP Request: GET https://api.testnet.paradex.trade/v1/account "HTTP/1.1 200 OK"
2026-07-24 07:56:36,331 [INFO] HTTP Request: GET https://api.testnet.paradex.trade/v1/positions "HTTP/1.1 200 OK"
2026-07-24 07:56:38,407 [INFO] HTTP Request: GET https://api.testnet.paradex.trade/v1/bbo/BTC-USD-PERP "HTTP/1.1 200 OK"
2026-07-24 07:56:38,485 [INFO] HTTP Request: GET https://api.testnet.paradex.trade/v1/account "HTTP/1.1 200 OK"
2026-07-24 07:56:38,568 [INFO] HTTP Request: GET https://api.testnet.paradex.trade/v1/positions "HTTP/1.1 200 OK"
2026-07-24 07:56:40,639 [INFO] HTTP Request: GET https://api.testnet.paradex.trade/v1/bbo/BTC-USD-PERP "HTTP/1.1 200 OK"
2026-07-24 07:56:40,715 [INFO] HTTP Request: GET https://api.testnet.paradex.trade/v1/account "HTTP/1.1 200 OK"
2026-07-24 07:56:40,799 [INFO] HTTP Request: GET https://api.testnet.paradex.trade/v1/positions "HTTP/1.1 200 OK"
2026-07-24 07:56:42,873 [INFO] HTTP Request: GET https://api.testnet.paradex.trade/v1/bbo/BTC-USD-PERP "HTTP/1.1 200 OK"
2026-07-24 07:56:42,950 [INFO] HTTP Request: GET https://api.testnet.paradex.trade/v1/account "HTTP/1.1 200 OK"
2026-07-24 07:56:43,031 [INFO] HTTP Request: GET https://api.testnet.paradex.trade/v1/positions "HTTP/1.1 200 OK"
2026-07-24 07:56:45,091 [INFO] HTTP Request: GET https://api.testnet.paradex.trade/v1/bbo/BTC-USD-PERP "HTTP/1.1 200 OK"
2026-07-24 07:56:45,168 [INFO] HTTP Request: GET https://api.testnet.paradex.trade/v1/account "HTTP/1.1 200 OK"
2026-07-24 07:56:45,256 [INFO] HTTP Request: GET https://api.testnet.paradex.trade/v1/positions "HTTP/1.1 200 OK"
2026-07-24 07:56:47,348 [INFO] HTTP Request: GET https://api.testnet.paradex.trade/v1/bbo/BTC-USD-PERP "HTTP/1.1 200 OK"
2026-07-24 07:56:47,425 [INFO] HTTP Request: GET https://api.testnet.paradex.trade/v1/account "HTTP/1.1 200 OK"
2026-07-24 07:56:47,538 [INFO] HTTP Request: GET https://api.testnet.paradex.trade/v1/positions "HTTP/1.1 200 OK"
2026-07-24 07:56:49,606 [INFO] HTTP Request: GET https://api.testnet.paradex.trade/v1/bbo/BTC-USD-PERP "HTTP/1.1 200 OK"
2026-07-24 07:56:49,687 [INFO] HTTP Request: GET https://api.testnet.paradex.trade/v1/account "HTTP/1.1 200 OK"
2026-07-24 07:56:49,781 [INFO] HTTP Request: GET https://api.testnet.paradex.trade/v1/positions "HTTP/1.1 200 OK"
2026-07-24 07:56:51,875 [INFO] HTTP Request: GET https://api.testnet.paradex.trade/v1/bbo/BTC-USD-PERP "HTTP/1.1 200 OK"
2026-07-24 07:56:51,952 [INFO] HTTP Request: GET https://api.testnet.paradex.trade/v1/account "HTTP/1.1 200 OK"
2026-07-24 07:56:52,032 [INFO] HTTP Request: GET https://api.testnet.paradex.trade/v1/positions "HTTP/1.1 200 OK"
2026-07-24 07:56:54,122 [INFO] HTTP Request: GET https://api.testnet.paradex.trade/v1/bbo/BTC-USD-PERP "HTTP/1.1 200 OK"
2026-07-24 07:56:54,197 [INFO] HTTP Request: GET https://api.testnet.paradex.trade/v1/account "HTTP/1.1 200 OK"
2026-07-24 07:56:54,275 [INFO] HTTP Request: GET https://api.testnet.paradex.trade/v1/positions "HTTP/1.1 200 OK"
2026-07-24 07:56:56,348 [INFO] HTTP Request: GET https://api.testnet.paradex.trade/v1/bbo/BTC-USD-PERP "HTTP/1.1 200 OK"
2026-07-24 07:56:56,425 [INFO] HTTP Request: GET https://api.testnet.paradex.trade/v1/account "HTTP/1.1 200 OK"
2026-07-24 07:56:56,509 [INFO] HTTP Request: GET https://api.testnet.paradex.trade/v1/positions "HTTP/1.1 200 OK"
2026-07-24 07:56:58,594 [INFO] HTTP Request: GET https://api.testnet.paradex.trade/v1/bbo/BTC-USD-PERP "HTTP/1.1 200 OK"
2026-07-24 07:56:58,670 [INFO] HTTP Request: GET https://api.testnet.paradex.trade/v1/account "HTTP/1.1 200 OK"
2026-07-24 07:56:58,754 [INFO] HTTP Request: GET https://api.testnet.paradex.trade/v1/positions "HTTP/1.1 200 OK"
2026-07-24 07:57:00,839 [INFO] HTTP Request: GET https://api.testnet.paradex.trade/v1/bbo/BTC-USD-PERP "HTTP/1.1 200 OK"
2026-07-24 07:57:00,920 [INFO] HTTP Request: GET https://api.testnet.paradex.trade/v1/account "HTTP/1.1 200 OK"
2026-07-24 07:57:01,000 [INFO] HTTP Request: GET https://api.testnet.paradex.trade/v1/positions "HTTP/1.1 200 OK"
2026-07-24 07:57:03,090 [INFO] HTTP Request: GET https://api.testnet.paradex.trade/v1/bbo/BTC-USD-PERP "HTTP/1.1 200 OK"
2026-07-24 07:57:03,166 [INFO] HTTP Request: GET https://api.testnet.paradex.trade/v1/account "HTTP/1.1 200 OK"
2026-07-24 07:57:03,248 [INFO] HTTP Request: GET https://api.testnet.paradex.trade/v1/positions "HTTP/1.1 200 OK"
2026-07-24 07:57:05,323 [INFO] HTTP Request: GET https://api.testnet.paradex.trade/v1/bbo/BTC-USD-PERP "HTTP/1.1 200 OK"
2026-07-24 07:57:05,398 [INFO] HTTP Request: GET https://api.testnet.paradex.trade/v1/account "HTTP/1.1 200 OK"
2026-07-24 07:57:05,482 [INFO] HTTP Request: GET https://api.testnet.paradex.trade/v1/positions "HTTP/1.1 200 OK"
2026-07-24 07:57:07,550 [INFO] HTTP Request: GET https://api.testnet.paradex.trade/v1/bbo/BTC-USD-PERP "HTTP/1.1 200 OK"
2026-07-24 07:57:07,625 [INFO] HTTP Request: GET https://api.testnet.paradex.trade/v1/account "HTTP/1.1 200 OK"
2026-07-24 07:57:07,708 [INFO] HTTP Request: GET https://api.testnet.paradex.trade/v1/positions "HTTP/1.1 200 OK"
2026-07-24 07:57:09,789 [INFO] HTTP Request: GET https://api.testnet.paradex.trade/v1/bbo/BTC-USD-PERP "HTTP/1.1 200 OK"
2026-07-24 07:57:09,909 [INFO] HTTP Request: GET https://api.testnet.paradex.trade/v1/account "HTTP/1.1 200 OK"
2026-07-24 07:57:09,991 [INFO] HTTP Request: GET https://api.testnet.paradex.trade/v1/positions "HTTP/1.1 200 OK"
2026-07-24 07:57:12,073 [INFO] HTTP Request: GET https://api.testnet.paradex.trade/v1/bbo/BTC-USD-PERP "HTTP/1.1 200 OK"
2026-07-24 07:57:12,149 [INFO] HTTP Request: GET https://api.testnet.paradex.trade/v1/account "HTTP/1.1 200 OK"
2026-07-24 07:57:12,228 [INFO] HTTP Request: GET https://api.testnet.paradex.trade/v1/positions "HTTP/1.1 200 OK"
2026-07-24 07:57:14,307 [INFO] HTTP Request: GET https://api.testnet.paradex.trade/v1/bbo/BTC-USD-PERP "HTTP/1.1 200 OK"
2026-07-24 07:57:14,382 [INFO] HTTP Request: GET https://api.testnet.paradex.trade/v1/account "HTTP/1.1 200 OK"
2026-07-24 07:57:14,466 [INFO] HTTP Request: GET https://api.testnet.paradex.trade/v1/positions "HTTP/1.1 200 OK"
2026-07-24 07:57:16,539 [INFO] HTTP Request: GET https://api.testnet.paradex.trade/v1/bbo/BTC-USD-PERP "HTTP/1.1 200 OK"
2026-07-24 07:57:16,619 [INFO] HTTP Request: GET https://api.testnet.paradex.trade/v1/account "HTTP/1.1 200 OK"
2026-07-24 07:57:16,698 [INFO] HTTP Request: GET https://api.testnet.paradex.trade/v1/positions "HTTP/1.1 200 OK"
2026-07-24 07:57:18,772 [INFO] HTTP Request: GET https://api.testnet.paradex.trade/v1/bbo/BTC-USD-PERP "HTTP/1.1 200 OK"
2026-07-24 07:57:18,848 [INFO] HTTP Request: GET https://api.testnet.paradex.trade/v1/account "HTTP/1.1 200 OK"
2026-07-24 07:57:18,969 [INFO] HTTP Request: GET https://api.testnet.paradex.trade/v1/positions "HTTP/1.1 200 OK"
2026-07-24 07:57:21,057 [INFO] HTTP Request: GET https://api.testnet.paradex.trade/v1/bbo/BTC-USD-PERP "HTTP/1.1 200 OK"
2026-07-24 07:57:21,132 [INFO] HTTP Request: GET https://api.testnet.paradex.trade/v1/account "HTTP/1.1 200 OK"
2026-07-24 07:57:21,214 [INFO] HTTP Request: GET https://api.testnet.paradex.trade/v1/positions "HTTP/1.1 200 OK"
2026-07-24 07:57:23,289 [INFO] HTTP Request: GET https://api.testnet.paradex.trade/v1/bbo/BTC-USD-PERP "HTTP/1.1 200 OK"
2026-07-24 07:57:23,365 [INFO] HTTP Request: GET https://api.testnet.paradex.trade/v1/account "HTTP/1.1 200 OK"
2026-07-24 07:57:23,448 [INFO] HTTP Request: GET https://api.testnet.paradex.trade/v1/positions "HTTP/1.1 200 OK"
2026-07-24 07:57:25,525 [INFO] HTTP Request: GET https://api.testnet.paradex.trade/v1/bbo/BTC-USD-PERP "HTTP/1.1 200 OK"
2026-07-24 07:57:25,602 [INFO] HTTP Request: GET https://api.testnet.paradex.trade/v1/account "HTTP/1.1 200 OK"
2026-07-24 07:57:25,681 [INFO] HTTP Request: GET https://api.testnet.paradex.trade/v1/positions "HTTP/1.1 200 OK"
2026-07-24 07:57:27,757 [INFO] HTTP Request: GET https://api.testnet.paradex.trade/v1/bbo/BTC-USD-PERP "HTTP/1.1 200 OK"
2026-07-24 07:57:27,835 [INFO] HTTP Request: GET https://api.testnet.paradex.trade/v1/account "HTTP/1.1 200 OK"
2026-07-24 07:57:27,926 [INFO] HTTP Request: GET https://api.testnet.paradex.trade/v1/positions "HTTP/1.1 200 OK"
2026-07-24 07:57:30,034 [INFO] HTTP Request: GET https://api.testnet.paradex.trade/v1/bbo/BTC-USD-PERP "HTTP/1.1 200 OK"
2026-07-24 07:57:30,113 [INFO] HTTP Request: GET https://api.testnet.paradex.trade/v1/account "HTTP/1.1 200 OK"
2026-07-24 07:57:30,192 [INFO] HTTP Request: GET https://api.testnet.paradex.trade/v1/positions "HTTP/1.1 200 OK"
2026-07-24 07:57:32,273 [INFO] HTTP Request: GET https://api.testnet.paradex.trade/v1/bbo/BTC-USD-PERP "HTTP/1.1 200 OK"
2026-07-24 07:57:32,351 [INFO] HTTP Request: GET https://api.testnet.paradex.trade/v1/account "HTTP/1.1 200 OK"
2026-07-24 07:57:32,435 [INFO] HTTP Request: GET https://api.testnet.paradex.trade/v1/positions "HTTP/1.1 200 OK"
2026-07-24 07:57:34,508 [INFO] HTTP Request: GET https://api.testnet.paradex.trade/v1/bbo/BTC-USD-PERP "HTTP/1.1 200 OK"
2026-07-24 07:57:34,587 [INFO] HTTP Request: GET https://api.testnet.paradex.trade/v1/account "HTTP/1.1 200 OK"
2026-07-24 07:57:34,681 [INFO] HTTP Request: GET https://api.testnet.paradex.trade/v1/positions "HTTP/1.1 200 OK"
2026-07-24 07:57:36,764 [INFO] HTTP Request: GET https://api.testnet.paradex.trade/v1/bbo/BTC-USD-PERP "HTTP/1.1 200 OK"
2026-07-24 07:57:36,840 [INFO] HTTP Request: GET https://api.testnet.paradex.trade/v1/account "HTTP/1.1 200 OK"
2026-07-24 07:57:36,922 [INFO] HTTP Request: GET https://api.testnet.paradex.trade/v1/positions "HTTP/1.1 200 OK"
2026-07-24 07:57:39,005 [INFO] HTTP Request: GET https://api.testnet.paradex.trade/v1/bbo/BTC-USD-PERP "HTTP/1.1 200 OK"
2026-07-24 07:57:39,082 [INFO] HTTP Request: GET https://api.testnet.paradex.trade/v1/account "HTTP/1.1 200 OK"
2026-07-24 07:57:39,159 [INFO] HTTP Request: GET https://api.testnet.paradex.trade/v1/positions "HTTP/1.1 200 OK"
2026-07-24 07:57:41,222 [INFO] HTTP Request: GET https://api.testnet.paradex.trade/v1/bbo/BTC-USD-PERP "HTTP/1.1 200 OK"
2026-07-24 07:57:41,299 [INFO] HTTP Request: GET https://api.testnet.paradex.trade/v1/account "HTTP/1.1 200 OK"
2026-07-24 07:57:41,376 [INFO] HTTP Request: GET https://api.testnet.paradex.trade/v1/positions "HTTP/1.1 200 OK"
2026-07-24 07:57:43,448 [INFO] HTTP Request: GET https://api.testnet.paradex.trade/v1/bbo/BTC-USD-PERP "HTTP/1.1 200 OK"
2026-07-24 07:57:43,525 [INFO] HTTP Request: GET https://api.testnet.paradex.trade/v1/account "HTTP/1.1 200 OK"
2026-07-24 07:57:43,607 [INFO] HTTP Request: GET https://api.testnet.paradex.trade/v1/positions "HTTP/1.1 200 OK"
2026-07-24 07:57:45,698 [INFO] HTTP Request: GET https://api.testnet.paradex.trade/v1/bbo/BTC-USD-PERP "HTTP/1.1 200 OK"
2026-07-24 07:57:45,772 [INFO] HTTP Request: GET https://api.testnet.paradex.trade/v1/account "HTTP/1.1 200 OK"
2026-07-24 07:57:45,859 [INFO] HTTP Request: GET https://api.testnet.paradex.trade/v1/positions "HTTP/1.1 200 OK"
2026-07-24 07:57:47,959 [INFO] HTTP Request: GET https://api.testnet.paradex.trade/v1/bbo/BTC-USD-PERP "HTTP/1.1 200 OK"
2026-07-24 07:57:48,037 [INFO] HTTP Request: GET https://api.testnet.paradex.trade/v1/account "HTTP/1.1 200 OK"
2026-07-24 07:57:48,120 [INFO] HTTP Request: GET https://api.testnet.paradex.trade/v1/positions "HTTP/1.1 200 OK"
2026-07-24 07:57:50,231 [INFO] HTTP Request: GET https://api.testnet.paradex.trade/v1/bbo/BTC-USD-PERP "HTTP/1.1 200 OK"
2026-07-24 07:57:50,305 [INFO] HTTP Request: GET https://api.testnet.paradex.trade/v1/account "HTTP/1.1 200 OK"
2026-07-24 07:57:50,390 [INFO] HTTP Request: GET https://api.testnet.paradex.trade/v1/positions "HTTP/1.1 200 OK"
2026-07-24 07:57:52,474 [INFO] HTTP Request: GET https://api.testnet.paradex.trade/v1/bbo/BTC-USD-PERP "HTTP/1.1 200 OK"
2026-07-24 07:57:52,551 [INFO] HTTP Request: GET https://api.testnet.paradex.trade/v1/account "HTTP/1.1 200 OK"
2026-07-24 07:57:52,630 [INFO] HTTP Request: GET https://api.testnet.paradex.trade/v1/positions "HTTP/1.1 200 OK"
2026-07-24 07:57:54,706 [INFO] HTTP Request: GET https://api.testnet.paradex.trade/v1/bbo/BTC-USD-PERP "HTTP/1.1 200 OK"
2026-07-24 07:57:54,783 [INFO] HTTP Request: GET https://api.testnet.paradex.trade/v1/account "HTTP/1.1 200 OK"
2026-07-24 07:57:54,873 [INFO] HTTP Request: GET https://api.testnet.paradex.trade/v1/positions "HTTP/1.1 200 OK"
2026-07-24 07:57:56,945 [INFO] HTTP Request: GET https://api.testnet.paradex.trade/v1/bbo/BTC-USD-PERP "HTTP/1.1 200 OK"
2026-07-24 07:57:57,022 [INFO] HTTP Request: GET https://api.testnet.paradex.trade/v1/account "HTTP/1.1 200 OK"
2026-07-24 07:57:57,103 [INFO] HTTP Request: GET https://api.testnet.paradex.trade/v1/positions "HTTP/1.1 200 OK"
2026-07-24 07:57:59,174 [INFO] HTTP Request: GET https://api.testnet.paradex.trade/v1/bbo/BTC-USD-PERP "HTTP/1.1 200 OK"
2026-07-24 07:57:59,257 [INFO] HTTP Request: GET https://api.testnet.paradex.trade/v1/account "HTTP/1.1 200 OK"
2026-07-24 07:57:59,339 [INFO] HTTP Request: GET https://api.testnet.paradex.trade/v1/positions "HTTP/1.1 200 OK"
2026-07-24 07:58:01,426 [INFO] HTTP Request: GET https://api.testnet.paradex.trade/v1/bbo/BTC-USD-PERP "HTTP/1.1 200 OK"
2026-07-24 07:58:01,503 [INFO] HTTP Request: GET https://api.testnet.paradex.trade/v1/account "HTTP/1.1 200 OK"
2026-07-24 07:58:01,585 [INFO] HTTP Request: GET https://api.testnet.paradex.trade/v1/positions "HTTP/1.1 200 OK"
2026-07-24 07:58:03,657 [INFO] HTTP Request: GET https://api.testnet.paradex.trade/v1/bbo/BTC-USD-PERP "HTTP/1.1 200 OK"
2026-07-24 07:58:03,747 [INFO] HTTP Request: GET https://api.testnet.paradex.trade/v1/account "HTTP/1.1 200 OK"
2026-07-24 07:58:03,831 [INFO] HTTP Request: GET https://api.testnet.paradex.trade/v1/positions "HTTP/1.1 200 OK"
2026-07-24 07:58:05,920 [INFO] HTTP Request: GET https://api.testnet.paradex.trade/v1/bbo/BTC-USD-PERP "HTTP/1.1 200 OK"
2026-07-24 07:58:05,998 [INFO] HTTP Request: GET https://api.testnet.paradex.trade/v1/account "HTTP/1.1 200 OK"
2026-07-24 07:58:06,084 [INFO] HTTP Request: GET https://api.testnet.paradex.trade/v1/positions "HTTP/1.1 200 OK"
2026-07-24 07:58:08,164 [INFO] HTTP Request: GET https://api.testnet.paradex.trade/v1/bbo/BTC-USD-PERP "HTTP/1.1 200 OK"
2026-07-24 07:58:08,245 [INFO] HTTP Request: GET https://api.testnet.paradex.trade/v1/account "HTTP/1.1 200 OK"
2026-07-24 07:58:08,328 [INFO] HTTP Request: GET https://api.testnet.paradex.trade/v1/positions "HTTP/1.1 200 OK"
2026-07-24 07:58:10,390 [INFO] HTTP Request: GET https://api.testnet.paradex.trade/v1/bbo/BTC-USD-PERP "HTTP/1.1 200 OK"
2026-07-24 07:58:10,469 [INFO] HTTP Request: GET https://api.testnet.paradex.trade/v1/account "HTTP/1.1 200 OK"
2026-07-24 07:58:10,551 [INFO] HTTP Request: GET https://api.testnet.paradex.trade/v1/positions "HTTP/1.1 200 OK"
2026-07-24 07:58:12,641 [INFO] HTTP Request: GET https://api.testnet.paradex.trade/v1/bbo/BTC-USD-PERP "HTTP/1.1 200 OK"
2026-07-24 07:58:12,717 [INFO] HTTP Request: GET https://api.testnet.paradex.trade/v1/account "HTTP/1.1 200 OK"
2026-07-24 07:58:12,799 [INFO] HTTP Request: GET https://api.testnet.paradex.trade/v1/positions "HTTP/1.1 200 OK"
2026-07-24 07:58:14,875 [INFO] HTTP Request: GET https://api.testnet.paradex.trade/v1/bbo/BTC-USD-PERP "HTTP/1.1 200 OK"
2026-07-24 07:58:14,952 [INFO] HTTP Request: GET https://api.testnet.paradex.trade/v1/account "HTTP/1.1 200 OK"
2026-07-24 07:58:15,033 [INFO] HTTP Request: GET https://api.testnet.paradex.trade/v1/positions "HTTP/1.1 200 OK"
2026-07-24 07:58:17,138 [INFO] HTTP Request: GET https://api.testnet.paradex.trade/v1/bbo/BTC-USD-PERP "HTTP/1.1 200 OK"
2026-07-24 07:58:17,214 [INFO] HTTP Request: GET https://api.testnet.paradex.trade/v1/account "HTTP/1.1 200 OK"
2026-07-24 07:58:17,298 [INFO] HTTP Request: GET https://api.testnet.paradex.trade/v1/positions "HTTP/1.1 200 OK"
2026-07-24 07:58:19,390 [INFO] HTTP Request: GET https://api.testnet.paradex.trade/v1/bbo/BTC-USD-PERP "HTTP/1.1 200 OK"
2026-07-24 07:58:19,466 [INFO] HTTP Request: GET https://api.testnet.paradex.trade/v1/account "HTTP/1.1 200 OK"
2026-07-24 07:58:19,547 [INFO] HTTP Request: GET https://api.testnet.paradex.trade/v1/positions "HTTP/1.1 200 OK"
2026-07-24 07:58:21,641 [INFO] HTTP Request: GET https://api.testnet.paradex.trade/v1/bbo/BTC-USD-PERP "HTTP/1.1 200 OK"
2026-07-24 07:58:21,743 [INFO] HTTP Request: GET https://api.testnet.paradex.trade/v1/account "HTTP/1.1 200 OK"
2026-07-24 07:58:21,824 [INFO] HTTP Request: GET https://api.testnet.paradex.trade/v1/positions "HTTP/1.1 200 OK"
2026-07-24 07:58:23,909 [INFO] HTTP Request: GET https://api.testnet.paradex.trade/v1/bbo/BTC-USD-PERP "HTTP/1.1 200 OK"
2026-07-24 07:58:23,986 [INFO] HTTP Request: GET https://api.testnet.paradex.trade/v1/account "HTTP/1.1 200 OK"
2026-07-24 07:58:24,070 [INFO] HTTP Request: GET https://api.testnet.paradex.trade/v1/positions "HTTP/1.1 200 OK"
2026-07-24 07:58:26,141 [INFO] HTTP Request: GET https://api.testnet.paradex.trade/v1/bbo/BTC-USD-PERP "HTTP/1.1 200 OK"
2026-07-24 07:58:26,221 [INFO] HTTP Request: GET https://api.testnet.paradex.trade/v1/account "HTTP/1.1 200 OK"
2026-07-24 07:58:26,302 [INFO] HTTP Request: GET https://api.testnet.paradex.trade/v1/positions "HTTP/1.1 200 OK"
2026-07-24 07:58:28,374 [INFO] HTTP Request: GET https://api.testnet.paradex.trade/v1/bbo/BTC-USD-PERP "HTTP/1.1 200 OK"
2026-07-24 07:58:28,465 [INFO] HTTP Request: GET https://api.testnet.paradex.trade/v1/account "HTTP/1.1 200 OK"
2026-07-24 07:58:28,542 [INFO] HTTP Request: GET https://api.testnet.paradex.trade/v1/positions "HTTP/1.1 200 OK"
2026-07-24 07:58:30,624 [INFO] HTTP Request: GET https://api.testnet.paradex.trade/v1/bbo/BTC-USD-PERP "HTTP/1.1 200 OK"
2026-07-24 07:58:30,719 [INFO] HTTP Request: GET https://api.testnet.paradex.trade/v1/account "HTTP/1.1 200 OK"
2026-07-24 07:58:30,803 [INFO] HTTP Request: GET https://api.testnet.paradex.trade/v1/positions "HTTP/1.1 200 OK"
2026-07-24 07:58:32,877 [INFO] HTTP Request: GET https://api.testnet.paradex.trade/v1/bbo/BTC-USD-PERP "HTTP/1.1 200 OK"
2026-07-24 07:58:32,955 [INFO] HTTP Request: GET https://api.testnet.paradex.trade/v1/account "HTTP/1.1 200 OK"
2026-07-24 07:58:33,038 [INFO] HTTP Request: GET https://api.testnet.paradex.trade/v1/positions "HTTP/1.1 200 OK"
2026-07-24 07:58:35,125 [INFO] HTTP Request: GET https://api.testnet.paradex.trade/v1/bbo/BTC-USD-PERP "HTTP/1.1 200 OK"
2026-07-24 07:58:35,207 [INFO] HTTP Request: GET https://api.testnet.paradex.trade/v1/account "HTTP/1.1 200 OK"
2026-07-24 07:58:35,290 [INFO] HTTP Request: GET https://api.testnet.paradex.trade/v1/positions "HTTP/1.1 200 OK"
2026-07-24 07:58:37,375 [INFO] HTTP Request: GET https://api.testnet.paradex.trade/v1/bbo/BTC-USD-PERP "HTTP/1.1 200 OK"
2026-07-24 07:58:37,453 [INFO] HTTP Request: GET https://api.testnet.paradex.trade/v1/account "HTTP/1.1 200 OK"
2026-07-24 07:58:37,540 [INFO] HTTP Request: GET https://api.testnet.paradex.trade/v1/positions "HTTP/1.1 200 OK"
2026-07-24 07:58:39,625 [INFO] HTTP Request: GET https://api.testnet.paradex.trade/v1/bbo/BTC-USD-PERP "HTTP/1.1 200 OK"
2026-07-24 07:58:39,724 [INFO] HTTP Request: GET https://api.testnet.paradex.trade/v1/account "HTTP/1.1 200 OK"
2026-07-24 07:58:39,808 [INFO] HTTP Request: GET https://api.testnet.paradex.trade/v1/positions "HTTP/1.1 200 OK"
2026-07-24 07:58:41,874 [INFO] HTTP Request: GET https://api.testnet.paradex.trade/v1/bbo/BTC-USD-PERP "HTTP/1.1 200 OK"
2026-07-24 07:58:41,952 [INFO] HTTP Request: GET https://api.testnet.paradex.trade/v1/account "HTTP/1.1 200 OK"
2026-07-24 07:58:42,039 [INFO] HTTP Request: GET https://api.testnet.paradex.trade/v1/positions "HTTP/1.1 200 OK"
2026-07-24 07:58:44,108 [INFO] HTTP Request: GET https://api.testnet.paradex.trade/v1/bbo/BTC-USD-PERP "HTTP/1.1 200 OK"
2026-07-24 07:58:44,198 [INFO] HTTP Request: GET https://api.testnet.paradex.trade/v1/account "HTTP/1.1 200 OK"
2026-07-24 07:58:44,277 [INFO] HTTP Request: GET https://api.testnet.paradex.trade/v1/positions "HTTP/1.1 200 OK"
2026-07-24 07:58:46,373 [INFO] HTTP Request: GET https://api.testnet.paradex.trade/v1/bbo/BTC-USD-PERP "HTTP/1.1 200 OK"
2026-07-24 07:58:46,449 [INFO] HTTP Request: GET https://api.testnet.paradex.trade/v1/account "HTTP/1.1 200 OK"
2026-07-24 07:58:46,531 [INFO] HTTP Request: GET https://api.testnet.paradex.trade/v1/positions "HTTP/1.1 200 OK"
2026-07-24 07:58:48,637 [INFO] HTTP Request: GET https://api.testnet.paradex.trade/v1/bbo/BTC-USD-PERP "HTTP/1.1 200 OK"
2026-07-24 07:58:48,722 [INFO] HTTP Request: GET https://api.testnet.paradex.trade/v1/account "HTTP/1.1 200 OK"
2026-07-24 07:58:48,804 [INFO] HTTP Request: GET https://api.testnet.paradex.trade/v1/positions "HTTP/1.1 200 OK"
2026-07-24 07:58:50,882 [INFO] HTTP Request: GET https://api.testnet.paradex.trade/v1/bbo/BTC-USD-PERP "HTTP/1.1 200 OK"
2026-07-24 07:58:50,958 [INFO] HTTP Request: GET https://api.testnet.paradex.trade/v1/account "HTTP/1.1 200 OK"
2026-07-24 07:58:51,041 [INFO] HTTP Request: GET https://api.testnet.paradex.trade/v1/positions "HTTP/1.1 200 OK"
2026-07-24 07:58:53,123 [INFO] HTTP Request: GET https://api.testnet.paradex.trade/v1/bbo/BTC-USD-PERP "HTTP/1.1 200 OK"
2026-07-24 07:58:53,199 [INFO] HTTP Request: GET https://api.testnet.paradex.trade/v1/account "HTTP/1.1 200 OK"
2026-07-24 07:58:53,285 [INFO] HTTP Request: GET https://api.testnet.paradex.trade/v1/positions "HTTP/1.1 200 OK"
2026-07-24 07:58:55,372 [INFO] HTTP Request: GET https://api.testnet.paradex.trade/v1/bbo/BTC-USD-PERP "HTTP/1.1 200 OK"
2026-07-24 07:58:55,442 [INFO] HTTP Request: GET https://api.testnet.paradex.trade/v1/account "HTTP/1.1 200 OK"
2026-07-24 07:58:55,530 [INFO] HTTP Request: GET https://api.testnet.paradex.trade/v1/positions "HTTP/1.1 200 OK"
2026-07-24 07:58:57,630 [INFO] HTTP Request: GET https://api.testnet.paradex.trade/v1/bbo/BTC-USD-PERP "HTTP/1.1 200 OK"
2026-07-24 07:58:57,709 [INFO] HTTP Request: GET https://api.testnet.paradex.trade/v1/account "HTTP/1.1 200 OK"
2026-07-24 07:58:57,787 [INFO] HTTP Request: GET https://api.testnet.paradex.trade/v1/positions "HTTP/1.1 200 OK"
2026-07-24 07:58:59,872 [INFO] HTTP Request: GET https://api.testnet.paradex.trade/v1/bbo/BTC-USD-PERP "HTTP/1.1 200 OK"
2026-07-24 07:58:59,949 [INFO] HTTP Request: GET https://api.testnet.paradex.trade/v1/account "HTTP/1.1 200 OK"
2026-07-24 07:59:00,108 [INFO] HTTP Request: GET https://api.testnet.paradex.trade/v1/positions "HTTP/1.1 200 OK"
2026-07-24 07:59:02,193 [INFO] HTTP Request: GET https://api.testnet.paradex.trade/v1/bbo/BTC-USD-PERP "HTTP/1.1 200 OK"
2026-07-24 07:59:02,269 [INFO] HTTP Request: GET https://api.testnet.paradex.trade/v1/account "HTTP/1.1 200 OK"
2026-07-24 07:59:02,354 [INFO] HTTP Request: GET https://api.testnet.paradex.trade/v1/positions "HTTP/1.1 200 OK"
2026-07-24 07:59:04,442 [INFO] HTTP Request: GET https://api.testnet.paradex.trade/v1/bbo/BTC-USD-PERP "HTTP/1.1 200 OK"
2026-07-24 07:59:04,517 [INFO] HTTP Request: GET https://api.testnet.paradex.trade/v1/account "HTTP/1.1 200 OK"
2026-07-24 07:59:04,597 [INFO] HTTP Request: GET https://api.testnet.paradex.trade/v1/positions "HTTP/1.1 200 OK"
2026-07-24 07:59:06,687 [INFO] HTTP Request: GET https://api.testnet.paradex.trade/v1/bbo/BTC-USD-PERP "HTTP/1.1 200 OK"
2026-07-24 07:59:06,767 [INFO] HTTP Request: GET https://api.testnet.paradex.trade/v1/account "HTTP/1.1 200 OK"
2026-07-24 07:59:06,851 [INFO] HTTP Request: GET https://api.testnet.paradex.trade/v1/positions "HTTP/1.1 200 OK"
2026-07-24 07:59:08,936 [INFO] HTTP Request: GET https://api.testnet.paradex.trade/v1/bbo/BTC-USD-PERP "HTTP/1.1 200 OK"
2026-07-24 07:59:09,014 [INFO] HTTP Request: GET https://api.testnet.paradex.trade/v1/account "HTTP/1.1 200 OK"
2026-07-24 07:59:09,091 [INFO] HTTP Request: GET https://api.testnet.paradex.trade/v1/positions "HTTP/1.1 200 OK"
2026-07-24 07:59:11,154 [INFO] HTTP Request: GET https://api.testnet.paradex.trade/v1/bbo/BTC-USD-PERP "HTTP/1.1 200 OK"
2026-07-24 07:59:11,232 [INFO] HTTP Request: GET https://api.testnet.paradex.trade/v1/account "HTTP/1.1 200 OK"
2026-07-24 07:59:11,317 [INFO] HTTP Request: GET https://api.testnet.paradex.trade/v1/positions "HTTP/1.1 200 OK"
2026-07-24 07:59:13,389 [INFO] HTTP Request: GET https://api.testnet.paradex.trade/v1/bbo/BTC-USD-PERP "HTTP/1.1 200 OK"
2026-07-24 07:59:13,469 [INFO] HTTP Request: GET https://api.testnet.paradex.trade/v1/account "HTTP/1.1 200 OK"
2026-07-24 07:59:13,550 [INFO] HTTP Request: GET https://api.testnet.paradex.trade/v1/positions "HTTP/1.1 200 OK"
2026-07-24 07:59:15,642 [INFO] HTTP Request: GET https://api.testnet.paradex.trade/v1/bbo/BTC-USD-PERP "HTTP/1.1 200 OK"
2026-07-24 07:59:15,720 [INFO] HTTP Request: GET https://api.testnet.paradex.trade/v1/account "HTTP/1.1 200 OK"
2026-07-24 07:59:15,804 [INFO] HTTP Request: GET https://api.testnet.paradex.trade/v1/positions "HTTP/1.1 200 OK"
2026-07-24 07:59:17,892 [INFO] HTTP Request: GET https://api.testnet.paradex.trade/v1/bbo/BTC-USD-PERP "HTTP/1.1 200 OK"
2026-07-24 07:59:17,968 [INFO] HTTP Request: GET https://api.testnet.paradex.trade/v1/account "HTTP/1.1 200 OK"
2026-07-24 07:59:18,056 [INFO] HTTP Request: GET https://api.testnet.paradex.trade/v1/positions "HTTP/1.1 200 OK"
2026-07-24 07:59:20,140 [INFO] HTTP Request: GET https://api.testnet.paradex.trade/v1/bbo/BTC-USD-PERP "HTTP/1.1 200 OK"
2026-07-24 07:59:20,226 [INFO] HTTP Request: GET https://api.testnet.paradex.trade/v1/account "HTTP/1.1 200 OK"
2026-07-24 07:59:20,308 [INFO] HTTP Request: GET https://api.testnet.paradex.trade/v1/positions "HTTP/1.1 200 OK"
2026-07-24 07:59:22,388 [INFO] HTTP Request: GET https://api.testnet.paradex.trade/v1/bbo/BTC-USD-PERP "HTTP/1.1 200 OK"
2026-07-24 07:59:22,464 [INFO] HTTP Request: GET https://api.testnet.paradex.trade/v1/account "HTTP/1.1 200 OK"
2026-07-24 07:59:22,552 [INFO] HTTP Request: GET https://api.testnet.paradex.trade/v1/positions "HTTP/1.1 200 OK"
2026-07-24 07:59:24,639 [INFO] HTTP Request: GET https://api.testnet.paradex.trade/v1/bbo/BTC-USD-PERP "HTTP/1.1 200 OK"
2026-07-24 07:59:24,714 [INFO] HTTP Request: GET https://api.testnet.paradex.trade/v1/account "HTTP/1.1 200 OK"
2026-07-24 07:59:24,795 [INFO] HTTP Request: GET https://api.testnet.paradex.trade/v1/positions "HTTP/1.1 200 OK"
2026-07-24 07:59:26,872 [INFO] HTTP Request: GET https://api.testnet.paradex.trade/v1/bbo/BTC-USD-PERP "HTTP/1.1 200 OK"
2026-07-24 07:59:26,950 [INFO] HTTP Request: GET https://api.testnet.paradex.trade/v1/account "HTTP/1.1 200 OK"
2026-07-24 07:59:27,032 [INFO] HTTP Request: GET https://api.testnet.paradex.trade/v1/positions "HTTP/1.1 200 OK"
2026-07-24 07:59:29,123 [INFO] HTTP Request: GET https://api.testnet.paradex.trade/v1/bbo/BTC-USD-PERP "HTTP/1.1 200 OK"
2026-07-24 07:59:29,200 [INFO] HTTP Request: GET https://api.testnet.paradex.trade/v1/account "HTTP/1.1 200 OK"
2026-07-24 07:59:29,285 [INFO] HTTP Request: GET https://api.testnet.paradex.trade/v1/positions "HTTP/1.1 200 OK"
2026-07-24 07:59:31,374 [INFO] HTTP Request: GET https://api.testnet.paradex.trade/v1/bbo/BTC-USD-PERP "HTTP/1.1 200 OK"
2026-07-24 07:59:31,453 [INFO] HTTP Request: GET https://api.testnet.paradex.trade/v1/account "HTTP/1.1 200 OK"
2026-07-24 07:59:31,537 [INFO] HTTP Request: GET https://api.testnet.paradex.trade/v1/positions "HTTP/1.1 200 OK"
2026-07-24 07:59:33,625 [INFO] HTTP Request: GET https://api.testnet.paradex.trade/v1/bbo/BTC-USD-PERP "HTTP/1.1 200 OK"
2026-07-24 07:59:33,709 [INFO] HTTP Request: GET https://api.testnet.paradex.trade/v1/account "HTTP/1.1 200 OK"
2026-07-24 07:59:33,790 [INFO] HTTP Request: GET https://api.testnet.paradex.trade/v1/positions "HTTP/1.1 200 OK"
2026-07-24 07:59:35,872 [INFO] HTTP Request: GET https://api.testnet.paradex.trade/v1/bbo/BTC-USD-PERP "HTTP/1.1 200 OK"
2026-07-24 07:59:35,948 [INFO] HTTP Request: GET https://api.testnet.paradex.trade/v1/account "HTTP/1.1 200 OK"
2026-07-24 07:59:36,037 [INFO] HTTP Request: GET https://api.testnet.paradex.trade/v1/positions "HTTP/1.1 200 OK"
2026-07-24 07:59:38,130 [INFO] HTTP Request: GET https://api.testnet.paradex.trade/v1/bbo/BTC-USD-PERP "HTTP/1.1 200 OK"
2026-07-24 07:59:38,207 [INFO] HTTP Request: GET https://api.testnet.paradex.trade/v1/account "HTTP/1.1 200 OK"
2026-07-24 07:59:38,288 [INFO] HTTP Request: GET https://api.testnet.paradex.trade/v1/positions "HTTP/1.1 200 OK"
2026-07-24 07:59:40,381 [INFO] HTTP Request: GET https://api.testnet.paradex.trade/v1/bbo/BTC-USD-PERP "HTTP/1.1 200 OK"
2026-07-24 07:59:40,464 [INFO] HTTP Request: GET https://api.testnet.paradex.trade/v1/account "HTTP/1.1 200 OK"
2026-07-24 07:59:40,542 [INFO] HTTP Request: GET https://api.testnet.paradex.trade/v1/positions "HTTP/1.1 200 OK"
2026-07-24 07:59:42,623 [INFO] HTTP Request: GET https://api.testnet.paradex.trade/v1/bbo/BTC-USD-PERP "HTTP/1.1 200 OK"
2026-07-24 07:59:42,699 [INFO] HTTP Request: GET https://api.testnet.paradex.trade/v1/account "HTTP/1.1 200 OK"
2026-07-24 07:59:42,781 [INFO] HTTP Request: GET https://api.testnet.paradex.trade/v1/positions "HTTP/1.1 200 OK"
2026-07-24 07:59:44,856 [INFO] HTTP Request: GET https://api.testnet.paradex.trade/v1/bbo/BTC-USD-PERP "HTTP/1.1 200 OK"
2026-07-24 07:59:44,935 [INFO] HTTP Request: GET https://api.testnet.paradex.trade/v1/account "HTTP/1.1 200 OK"
2026-07-24 07:59:45,038 [INFO] HTTP Request: GET https://api.testnet.paradex.trade/v1/positions "HTTP/1.1 200 OK"
2026-07-24 07:59:47,124 [INFO] HTTP Request: GET https://api.testnet.paradex.trade/v1/bbo/BTC-USD-PERP "HTTP/1.1 200 OK"
2026-07-24 07:59:47,242 [INFO] HTTP Request: POST https://api.testnet.paradex.trade/v1/auth/0x355512bacffd591ee8f52264d0c35a334dc7f659fa23e344a3364e9201a8343 "HTTP/1.1 200 OK"
2026-07-24 07:59:47,324 [INFO] HTTP Request: GET https://api.testnet.paradex.trade/v1/account "HTTP/1.1 200 OK"
2026-07-24 07:59:47,409 [INFO] HTTP Request: GET https://api.testnet.paradex.trade/v1/positions "HTTP/1.1 200 OK"
2026-07-24 07:59:49,490 [INFO] HTTP Request: GET https://api.testnet.paradex.trade/v1/bbo/BTC-USD-PERP "HTTP/1.1 200 OK"
2026-07-24 07:59:49,566 [INFO] HTTP Request: GET https://api.testnet.paradex.trade/v1/account "HTTP/1.1 200 OK"
2026-07-24 07:59:49,642 [INFO] HTTP Request: GET https://api.testnet.paradex.trade/v1/positions "HTTP/1.1 200 OK"
2026-07-24 07:59:51,722 [INFO] HTTP Request: GET https://api.testnet.paradex.trade/v1/bbo/BTC-USD-PERP "HTTP/1.1 200 OK"
2026-07-24 07:59:51,798 [INFO] HTTP Request: GET https://api.testnet.paradex.trade/v1/account "HTTP/1.1 200 OK"
2026-07-24 07:59:51,875 [INFO] HTTP Request: GET https://api.testnet.paradex.trade/v1/positions "HTTP/1.1 200 OK"
2026-07-24 07:59:53,956 [INFO] HTTP Request: GET https://api.testnet.paradex.trade/v1/bbo/BTC-USD-PERP "HTTP/1.1 200 OK"
2026-07-24 07:59:54,033 [INFO] HTTP Request: GET https://api.testnet.paradex.trade/v1/account "HTTP/1.1 200 OK"
2026-07-24 07:59:54,116 [INFO] HTTP Request: GET https://api.testnet.paradex.trade/v1/positions "HTTP/1.1 200 OK"
2026-07-24 07:59:56,202 [INFO] HTTP Request: GET https://api.testnet.paradex.trade/v1/bbo/BTC-USD-PERP "HTTP/1.1 200 OK"
2026-07-24 07:59:56,281 [INFO] HTTP Request: GET https://api.testnet.paradex.trade/v1/account "HTTP/1.1 200 OK"
2026-07-24 07:59:56,364 [INFO] HTTP Request: GET https://api.testnet.paradex.trade/v1/positions "HTTP/1.1 200 OK"
2026-07-24 07:59:58,442 [INFO] HTTP Request: GET https://api.testnet.paradex.trade/v1/bbo/BTC-USD-PERP "HTTP/1.1 200 OK"
2026-07-24 07:59:58,524 [INFO] HTTP Request: GET https://api.testnet.paradex.trade/v1/account "HTTP/1.1 200 OK"
2026-07-24 07:59:58,604 [INFO] HTTP Request: GET https://api.testnet.paradex.trade/v1/positions "HTTP/1.1 200 OK"
2026-07-24 08:00:00,694 [INFO] HTTP Request: GET https://api.testnet.paradex.trade/v1/bbo/BTC-USD-PERP "HTTP/1.1 200 OK"
2026-07-24 08:00:00,776 [INFO] HTTP Request: GET https://api.testnet.paradex.trade/v1/account "HTTP/1.1 200 OK"
2026-07-24 08:00:00,913 [INFO] HTTP Request: GET https://api.testnet.paradex.trade/v1/positions "HTTP/1.1 200 OK"
2026-07-24 08:00:02,981 [INFO] HTTP Request: GET https://api.testnet.paradex.trade/v1/bbo/BTC-USD-PERP "HTTP/1.1 200 OK"
2026-07-24 08:00:03,073 [INFO] HTTP Request: GET https://api.testnet.paradex.trade/v1/account "HTTP/1.1 200 OK"
2026-07-24 08:00:03,159 [INFO] HTTP Request: GET https://api.testnet.paradex.trade/v1/positions "HTTP/1.1 200 OK"
2026-07-24 08:00:05,228 [INFO] HTTP Request: GET https://api.testnet.paradex.trade/v1/bbo/BTC-USD-PERP "HTTP/1.1 200 OK"
2026-07-24 08:00:05,309 [INFO] HTTP Request: GET https://api.testnet.paradex.trade/v1/account "HTTP/1.1 200 OK"
2026-07-24 08:00:05,394 [INFO] HTTP Request: GET https://api.testnet.paradex.trade/v1/positions "HTTP/1.1 200 OK"
2026-07-24 08:00:07,476 [INFO] HTTP Request: GET https://api.testnet.paradex.trade/v1/bbo/BTC-USD-PERP "HTTP/1.1 200 OK"
2026-07-24 08:00:07,573 [INFO] HTTP Request: GET https://api.testnet.paradex.trade/v1/account "HTTP/1.1 200 OK"
2026-07-24 08:00:07,654 [INFO] HTTP Request: GET https://api.testnet.paradex.trade/v1/positions "HTTP/1.1 200 OK"
2026-07-24 08:00:09,722 [INFO] HTTP Request: GET https://api.testnet.paradex.trade/v1/bbo/BTC-USD-PERP "HTTP/1.1 200 OK"
2026-07-24 08:00:09,799 [INFO] HTTP Request: GET https://api.testnet.paradex.trade/v1/account "HTTP/1.1 200 OK"
2026-07-24 08:00:09,897 [INFO] HTTP Request: GET https://api.testnet.paradex.trade/v1/positions "HTTP/1.1 200 OK"
2026-07-24 08:00:11,977 [INFO] HTTP Request: GET https://api.testnet.paradex.trade/v1/bbo/BTC-USD-PERP "HTTP/1.1 200 OK"
2026-07-24 08:00:12,056 [INFO] HTTP Request: GET https://api.testnet.paradex.trade/v1/account "HTTP/1.1 200 OK"
2026-07-24 08:00:12,138 [INFO] HTTP Request: GET https://api.testnet.paradex.trade/v1/positions "HTTP/1.1 200 OK"
2026-07-24 08:00:14,225 [INFO] HTTP Request: GET https://api.testnet.paradex.trade/v1/bbo/BTC-USD-PERP "HTTP/1.1 200 OK"
2026-07-24 08:00:14,302 [INFO] HTTP Request: GET https://api.testnet.paradex.trade/v1/account "HTTP/1.1 200 OK"
2026-07-24 08:00:14,386 [INFO] HTTP Request: GET https://api.testnet.paradex.trade/v1/positions "HTTP/1.1 200 OK"
2026-07-24 08:00:16,457 [INFO] HTTP Request: GET https://api.testnet.paradex.trade/v1/bbo/BTC-USD-PERP "HTTP/1.1 200 OK"
2026-07-24 08:00:16,536 [INFO] HTTP Request: GET https://api.testnet.paradex.trade/v1/account "HTTP/1.1 200 OK"
2026-07-24 08:00:16,617 [INFO] HTTP Request: GET https://api.testnet.paradex.trade/v1/positions "HTTP/1.1 200 OK"
2026-07-24 08:00:18,695 [INFO] HTTP Request: GET https://api.testnet.paradex.trade/v1/bbo/BTC-USD-PERP "HTTP/1.1 200 OK"
2026-07-24 08:00:18,770 [INFO] HTTP Request: GET https://api.testnet.paradex.trade/v1/account "HTTP/1.1 200 OK"
2026-07-24 08:00:18,852 [INFO] HTTP Request: GET https://api.testnet.paradex.trade/v1/positions "HTTP/1.1 200 OK"
2026-07-24 08:00:20,924 [INFO] HTTP Request: GET https://api.testnet.paradex.trade/v1/bbo/BTC-USD-PERP "HTTP/1.1 200 OK"
2026-07-24 08:00:21,005 [INFO] HTTP Request: GET https://api.testnet.paradex.trade/v1/account "HTTP/1.1 200 OK"
2026-07-24 08:00:21,091 [INFO] HTTP Request: GET https://api.testnet.paradex.trade/v1/positions "HTTP/1.1 200 OK"
2026-07-24 08:00:23,173 [INFO] HTTP Request: GET https://api.testnet.paradex.trade/v1/bbo/BTC-USD-PERP "HTTP/1.1 200 OK"
2026-07-24 08:00:23,248 [INFO] HTTP Request: GET https://api.testnet.paradex.trade/v1/account "HTTP/1.1 200 OK"
2026-07-24 08:00:23,325 [INFO] HTTP Request: GET https://api.testnet.paradex.trade/v1/positions "HTTP/1.1 200 OK"
2026-07-24 08:00:25,408 [INFO] HTTP Request: GET https://api.testnet.paradex.trade/v1/bbo/BTC-USD-PERP "HTTP/1.1 200 OK"
2026-07-24 08:00:25,488 [INFO] HTTP Request: GET https://api.testnet.paradex.trade/v1/account "HTTP/1.1 200 OK"
2026-07-24 08:00:25,570 [INFO] HTTP Request: GET https://api.testnet.paradex.trade/v1/positions "HTTP/1.1 200 OK"
2026-07-24 08:00:27,656 [INFO] HTTP Request: GET https://api.testnet.paradex.trade/v1/bbo/BTC-USD-PERP "HTTP/1.1 200 OK"
2026-07-24 08:00:27,733 [INFO] HTTP Request: GET https://api.testnet.paradex.trade/v1/account "HTTP/1.1 200 OK"
2026-07-24 08:00:27,815 [INFO] HTTP Request: GET https://api.testnet.paradex.trade/v1/positions "HTTP/1.1 200 OK"
2026-07-24 08:00:29,907 [INFO] HTTP Request: GET https://api.testnet.paradex.trade/v1/bbo/BTC-USD-PERP "HTTP/1.1 200 OK"
2026-07-24 08:00:29,982 [INFO] HTTP Request: GET https://api.testnet.paradex.trade/v1/account "HTTP/1.1 200 OK"
2026-07-24 08:00:30,076 [INFO] HTTP Request: GET https://api.testnet.paradex.trade/v1/positions "HTTP/1.1 200 OK"
2026-07-24 08:00:32,154 [INFO] HTTP Request: GET https://api.testnet.paradex.trade/v1/bbo/BTC-USD-PERP "HTTP/1.1 200 OK"
2026-07-24 08:00:32,235 [INFO] HTTP Request: GET https://api.testnet.paradex.trade/v1/account "HTTP/1.1 200 OK"
2026-07-24 08:00:32,322 [INFO] HTTP Request: GET https://api.testnet.paradex.trade/v1/positions "HTTP/1.1 200 OK"
2026-07-24 08:00:34,405 [INFO] HTTP Request: GET https://api.testnet.paradex.trade/v1/bbo/BTC-USD-PERP "HTTP/1.1 200 OK"
2026-07-24 08:00:34,475 [INFO] HTTP Request: GET https://api.testnet.paradex.trade/v1/account "HTTP/1.1 200 OK"
2026-07-24 08:00:34,564 [INFO] HTTP Request: GET https://api.testnet.paradex.trade/v1/positions "HTTP/1.1 200 OK"
2026-07-24 08:00:36,658 [INFO] HTTP Request: GET https://api.testnet.paradex.trade/v1/bbo/BTC-USD-PERP "HTTP/1.1 200 OK"
2026-07-24 08:00:36,741 [INFO] HTTP Request: GET https://api.testnet.paradex.trade/v1/account "HTTP/1.1 200 OK"
2026-07-24 08:00:36,825 [INFO] HTTP Request: GET https://api.testnet.paradex.trade/v1/positions "HTTP/1.1 200 OK"
2026-07-24 08:00:38,889 [INFO] HTTP Request: GET https://api.testnet.paradex.trade/v1/bbo/BTC-USD-PERP "HTTP/1.1 200 OK"
2026-07-24 08:00:38,968 [INFO] HTTP Request: GET https://api.testnet.paradex.trade/v1/account "HTTP/1.1 200 OK"
2026-07-24 08:00:39,048 [INFO] HTTP Request: GET https://api.testnet.paradex.trade/v1/positions "HTTP/1.1 200 OK"
2026-07-24 08:00:41,138 [INFO] HTTP Request: GET https://api.testnet.paradex.trade/v1/bbo/BTC-USD-PERP "HTTP/1.1 200 OK"
2026-07-24 08:00:41,214 [INFO] HTTP Request: GET https://api.testnet.paradex.trade/v1/account "HTTP/1.1 200 OK"
2026-07-24 08:00:41,295 [INFO] HTTP Request: GET https://api.testnet.paradex.trade/v1/positions "HTTP/1.1 200 OK"
2026-07-24 08:00:43,342 [INFO] HTTP Request: GET https://api.testnet.paradex.trade/v1/bbo/BTC-USD-PERP "HTTP/1.1 200 OK"
2026-07-24 08:00:43,419 [INFO] HTTP Request: GET https://api.testnet.paradex.trade/v1/account "HTTP/1.1 200 OK"
2026-07-24 08:00:43,510 [INFO] HTTP Request: GET https://api.testnet.paradex.trade/v1/positions "HTTP/1.1 200 OK"
2026-07-24 08:00:45,591 [INFO] HTTP Request: GET https://api.testnet.paradex.trade/v1/bbo/BTC-USD-PERP "HTTP/1.1 200 OK"
2026-07-24 08:00:45,670 [INFO] HTTP Request: GET https://api.testnet.paradex.trade/v1/account "HTTP/1.1 200 OK"
2026-07-24 08:00:45,752 [INFO] HTTP Request: GET https://api.testnet.paradex.trade/v1/positions "HTTP/1.1 200 OK"
2026-07-24 08:00:47,842 [INFO] HTTP Request: GET https://api.testnet.paradex.trade/v1/bbo/BTC-USD-PERP "HTTP/1.1 200 OK"
2026-07-24 08:00:47,919 [INFO] HTTP Request: GET https://api.testnet.paradex.trade/v1/account "HTTP/1.1 200 OK"
2026-07-24 08:00:48,003 [INFO] HTTP Request: GET https://api.testnet.paradex.trade/v1/positions "HTTP/1.1 200 OK"
2026-07-24 08:00:50,093 [INFO] HTTP Request: GET https://api.testnet.paradex.trade/v1/bbo/BTC-USD-PERP "HTTP/1.1 200 OK"
2026-07-24 08:00:50,169 [INFO] HTTP Request: GET https://api.testnet.paradex.trade/v1/account "HTTP/1.1 200 OK"
2026-07-24 08:00:50,253 [INFO] HTTP Request: GET https://api.testnet.paradex.trade/v1/positions "HTTP/1.1 200 OK"
2026-07-24 08:00:52,347 [INFO] HTTP Request: GET https://api.testnet.paradex.trade/v1/bbo/BTC-USD-PERP "HTTP/1.1 200 OK"
2026-07-24 08:00:52,421 [INFO] HTTP Request: GET https://api.testnet.paradex.trade/v1/account "HTTP/1.1 200 OK"
2026-07-24 08:00:52,505 [INFO] HTTP Request: GET https://api.testnet.paradex.trade/v1/positions "HTTP/1.1 200 OK"
2026-07-24 08:00:54,580 [INFO] HTTP Request: GET https://api.testnet.paradex.trade/v1/bbo/BTC-USD-PERP "HTTP/1.1 200 OK"
2026-07-24 08:00:54,657 [INFO] HTTP Request: GET https://api.testnet.paradex.trade/v1/account "HTTP/1.1 200 OK"
2026-07-24 08:00:54,739 [INFO] HTTP Request: GET https://api.testnet.paradex.trade/v1/positions "HTTP/1.1 200 OK"
2026-07-24 08:00:56,818 [INFO] HTTP Request: GET https://api.testnet.paradex.trade/v1/bbo/BTC-USD-PERP "HTTP/1.1 200 OK"
2026-07-24 08:00:56,895 [INFO] HTTP Request: GET https://api.testnet.paradex.trade/v1/account "HTTP/1.1 200 OK"
2026-07-24 08:00:56,981 [INFO] HTTP Request: GET https://api.testnet.paradex.trade/v1/positions "HTTP/1.1 200 OK"
2026-07-24 08:00:59,056 [INFO] HTTP Request: GET https://api.testnet.paradex.trade/v1/bbo/BTC-USD-PERP "HTTP/1.1 200 OK"
2026-07-24 08:00:59,134 [INFO] HTTP Request: GET https://api.testnet.paradex.trade/v1/account "HTTP/1.1 200 OK"
2026-07-24 08:00:59,219 [INFO] HTTP Request: GET https://api.testnet.paradex.trade/v1/positions "HTTP/1.1 200 OK"
2026-07-24 08:01:01,311 [INFO] HTTP Request: GET https://api.testnet.paradex.trade/v1/bbo/BTC-USD-PERP "HTTP/1.1 200 OK"
2026-07-24 08:01:01,440 [INFO] HTTP Request: GET https://api.testnet.paradex.trade/v1/account "HTTP/1.1 200 OK"
2026-07-24 08:01:01,520 [INFO] HTTP Request: GET https://api.testnet.paradex.trade/v1/positions "HTTP/1.1 200 OK"
2026-07-24 08:01:03,606 [INFO] HTTP Request: GET https://api.testnet.paradex.trade/v1/bbo/BTC-USD-PERP "HTTP/1.1 200 OK"
2026-07-24 08:01:03,685 [INFO] HTTP Request: GET https://api.testnet.paradex.trade/v1/account "HTTP/1.1 200 OK"
2026-07-24 08:01:03,768 [INFO] HTTP Request: GET https://api.testnet.paradex.trade/v1/positions "HTTP/1.1 200 OK"
2026-07-24 08:01:05,842 [INFO] HTTP Request: GET https://api.testnet.paradex.trade/v1/bbo/BTC-USD-PERP "HTTP/1.1 200 OK"
2026-07-24 08:01:05,923 [INFO] HTTP Request: GET https://api.testnet.paradex.trade/v1/account "HTTP/1.1 200 OK"
2026-07-24 08:01:06,010 [INFO] HTTP Request: GET https://api.testnet.paradex.trade/v1/positions "HTTP/1.1 200 OK"
2026-07-24 08:01:08,092 [INFO] HTTP Request: GET https://api.testnet.paradex.trade/v1/bbo/BTC-USD-PERP "HTTP/1.1 200 OK"
2026-07-24 08:01:08,170 [INFO] HTTP Request: GET https://api.testnet.paradex.trade/v1/account "HTTP/1.1 200 OK"
2026-07-24 08:01:08,256 [INFO] HTTP Request: GET https://api.testnet.paradex.trade/v1/positions "HTTP/1.1 200 OK"
2026-07-24 08:01:10,341 [INFO] HTTP Request: GET https://api.testnet.paradex.trade/v1/bbo/BTC-USD-PERP "HTTP/1.1 200 OK"
2026-07-24 08:01:10,417 [INFO] HTTP Request: GET https://api.testnet.paradex.trade/v1/account "HTTP/1.1 200 OK"
2026-07-24 08:01:10,503 [INFO] HTTP Request: GET https://api.testnet.paradex.trade/v1/positions "HTTP/1.1 200 OK"
2026-07-24 08:01:12,589 [INFO] HTTP Request: GET https://api.testnet.paradex.trade/v1/bbo/BTC-USD-PERP "HTTP/1.1 200 OK"
2026-07-24 08:01:12,668 [INFO] HTTP Request: GET https://api.testnet.paradex.trade/v1/account "HTTP/1.1 200 OK"
2026-07-24 08:01:12,748 [INFO] HTTP Request: GET https://api.testnet.paradex.trade/v1/positions "HTTP/1.1 200 OK"
2026-07-24 08:01:14,825 [INFO] HTTP Request: GET https://api.testnet.paradex.trade/v1/bbo/BTC-USD-PERP "HTTP/1.1 200 OK"
2026-07-24 08:01:14,909 [INFO] HTTP Request: GET https://api.testnet.paradex.trade/v1/account "HTTP/1.1 200 OK"
2026-07-24 08:01:14,990 [INFO] HTTP Request: GET https://api.testnet.paradex.trade/v1/positions "HTTP/1.1 200 OK"
2026-07-24 08:01:17,073 [INFO] HTTP Request: GET https://api.testnet.paradex.trade/v1/bbo/BTC-USD-PERP "HTTP/1.1 200 OK"
2026-07-24 08:01:17,152 [INFO] HTTP Request: GET https://api.testnet.paradex.trade/v1/account "HTTP/1.1 200 OK"
2026-07-24 08:01:17,238 [INFO] HTTP Request: GET https://api.testnet.paradex.trade/v1/positions "HTTP/1.1 200 OK"
2026-07-24 08:01:19,323 [INFO] HTTP Request: GET https://api.testnet.paradex.trade/v1/bbo/BTC-USD-PERP "HTTP/1.1 200 OK"
2026-07-24 08:01:19,403 [INFO] HTTP Request: GET https://api.testnet.paradex.trade/v1/account "HTTP/1.1 200 OK"
2026-07-24 08:01:19,482 [INFO] HTTP Request: GET https://api.testnet.paradex.trade/v1/positions "HTTP/1.1 200 OK"
2026-07-24 08:01:21,557 [INFO] HTTP Request: GET https://api.testnet.paradex.trade/v1/bbo/BTC-USD-PERP "HTTP/1.1 200 OK"
2026-07-24 08:01:21,648 [INFO] HTTP Request: GET https://api.testnet.paradex.trade/v1/account "HTTP/1.1 200 OK"
2026-07-24 08:01:21,746 [INFO] HTTP Request: GET https://api.testnet.paradex.trade/v1/positions "HTTP/1.1 200 OK"
2026-07-24 08:01:23,824 [INFO] HTTP Request: GET https://api.testnet.paradex.trade/v1/bbo/BTC-USD-PERP "HTTP/1.1 200 OK"
2026-07-24 08:01:23,903 [INFO] HTTP Request: GET https://api.testnet.paradex.trade/v1/account "HTTP/1.1 200 OK"
2026-07-24 08:01:23,983 [INFO] HTTP Request: GET https://api.testnet.paradex.trade/v1/positions "HTTP/1.1 200 OK"
2026-07-24 08:01:26,075 [INFO] HTTP Request: GET https://api.testnet.paradex.trade/v1/bbo/BTC-USD-PERP "HTTP/1.1 200 OK"
2026-07-24 08:01:26,155 [INFO] HTTP Request: GET https://api.testnet.paradex.trade/v1/account "HTTP/1.1 200 OK"
2026-07-24 08:01:26,238 [INFO] HTTP Request: GET https://api.testnet.paradex.trade/v1/positions "HTTP/1.1 200 OK"
2026-07-24 08:01:28,325 [INFO] HTTP Request: GET https://api.testnet.paradex.trade/v1/bbo/BTC-USD-PERP "HTTP/1.1 200 OK"
2026-07-24 08:01:28,403 [INFO] HTTP Request: GET https://api.testnet.paradex.trade/v1/account "HTTP/1.1 200 OK"
2026-07-24 08:01:28,492 [INFO] HTTP Request: GET https://api.testnet.paradex.trade/v1/positions "HTTP/1.1 200 OK"
2026-07-24 08:01:30,574 [INFO] HTTP Request: GET https://api.testnet.paradex.trade/v1/bbo/BTC-USD-PERP "HTTP/1.1 200 OK"
2026-07-24 08:01:30,651 [INFO] HTTP Request: GET https://api.testnet.paradex.trade/v1/account "HTTP/1.1 200 OK"
2026-07-24 08:01:30,731 [INFO] HTTP Request: GET https://api.testnet.paradex.trade/v1/positions "HTTP/1.1 200 OK"
2026-07-24 08:01:32,805 [INFO] HTTP Request: GET https://api.testnet.paradex.trade/v1/bbo/BTC-USD-PERP "HTTP/1.1 200 OK"
2026-07-24 08:01:32,881 [INFO] HTTP Request: GET https://api.testnet.paradex.trade/v1/account "HTTP/1.1 200 OK"
2026-07-24 08:01:32,959 [INFO] HTTP Request: GET https://api.testnet.paradex.trade/v1/positions "HTTP/1.1 200 OK"
2026-07-24 08:01:35,039 [INFO] HTTP Request: GET https://api.testnet.paradex.trade/v1/bbo/BTC-USD-PERP "HTTP/1.1 200 OK"
2026-07-24 08:01:35,115 [INFO] HTTP Request: GET https://api.testnet.paradex.trade/v1/account "HTTP/1.1 200 OK"
2026-07-24 08:01:35,198 [INFO] HTTP Request: GET https://api.testnet.paradex.trade/v1/positions "HTTP/1.1 200 OK"
2026-07-24 08:01:37,272 [INFO] HTTP Request: GET https://api.testnet.paradex.trade/v1/bbo/BTC-USD-PERP "HTTP/1.1 200 OK"
2026-07-24 08:01:37,348 [INFO] HTTP Request: GET https://api.testnet.paradex.trade/v1/account "HTTP/1.1 200 OK"
2026-07-24 08:01:37,426 [INFO] HTTP Request: GET https://api.testnet.paradex.trade/v1/positions "HTTP/1.1 200 OK"
2026-07-24 08:01:39,507 [INFO] HTTP Request: GET https://api.testnet.paradex.trade/v1/bbo/BTC-USD-PERP "HTTP/1.1 200 OK"
2026-07-24 08:01:39,591 [INFO] HTTP Request: GET https://api.testnet.paradex.trade/v1/account "HTTP/1.1 200 OK"
2026-07-24 08:01:39,670 [INFO] HTTP Request: GET https://api.testnet.paradex.trade/v1/positions "HTTP/1.1 200 OK"
2026-07-24 08:01:41,740 [INFO] HTTP Request: GET https://api.testnet.paradex.trade/v1/bbo/BTC-USD-PERP "HTTP/1.1 200 OK"
2026-07-24 08:01:41,818 [INFO] HTTP Request: GET https://api.testnet.paradex.trade/v1/account "HTTP/1.1 200 OK"
2026-07-24 08:01:41,898 [INFO] HTTP Request: GET https://api.testnet.paradex.trade/v1/positions "HTTP/1.1 200 OK"
2026-07-24 08:01:43,973 [INFO] HTTP Request: GET https://api.testnet.paradex.trade/v1/bbo/BTC-USD-PERP "HTTP/1.1 200 OK"
2026-07-24 08:01:44,050 [INFO] HTTP Request: GET https://api.testnet.paradex.trade/v1/account "HTTP/1.1 200 OK"
2026-07-24 08:01:44,134 [INFO] HTTP Request: GET https://api.testnet.paradex.trade/v1/positions "HTTP/1.1 200 OK"
2026-07-24 08:01:46,208 [INFO] HTTP Request: GET https://api.testnet.paradex.trade/v1/bbo/BTC-USD-PERP "HTTP/1.1 200 OK"
2026-07-24 08:01:46,285 [INFO] HTTP Request: GET https://api.testnet.paradex.trade/v1/account "HTTP/1.1 200 OK"
2026-07-24 08:01:46,364 [INFO] HTTP Request: GET https://api.testnet.paradex.trade/v1/positions "HTTP/1.1 200 OK"
2026-07-24 08:01:48,448 [INFO] HTTP Request: GET https://api.testnet.paradex.trade/v1/bbo/BTC-USD-PERP "HTTP/1.1 200 OK"
2026-07-24 08:01:48,524 [INFO] HTTP Request: GET https://api.testnet.paradex.trade/v1/account "HTTP/1.1 200 OK"
2026-07-24 08:01:48,614 [INFO] HTTP Request: GET https://api.testnet.paradex.trade/v1/positions "HTTP/1.1 200 OK"
2026-07-24 08:01:50,690 [INFO] HTTP Request: GET https://api.testnet.paradex.trade/v1/bbo/BTC-USD-PERP "HTTP/1.1 200 OK"
2026-07-24 08:01:50,766 [INFO] HTTP Request: GET https://api.testnet.paradex.trade/v1/account "HTTP/1.1 200 OK"
2026-07-24 08:01:50,856 [INFO] HTTP Request: GET https://api.testnet.paradex.trade/v1/positions "HTTP/1.1 200 OK"
2026-07-24 08:01:52,925 [INFO] HTTP Request: GET https://api.testnet.paradex.trade/v1/bbo/BTC-USD-PERP "HTTP/1.1 200 OK"
2026-07-24 08:01:53,002 [INFO] HTTP Request: GET https://api.testnet.paradex.trade/v1/account "HTTP/1.1 200 OK"
2026-07-24 08:01:53,082 [INFO] HTTP Request: GET https://api.testnet.paradex.trade/v1/positions "HTTP/1.1 200 OK"
2026-07-24 08:01:55,142 [INFO] HTTP Request: GET https://api.testnet.paradex.trade/v1/bbo/BTC-USD-PERP "HTTP/1.1 200 OK"
2026-07-24 08:01:55,222 [INFO] HTTP Request: GET https://api.testnet.paradex.trade/v1/account "HTTP/1.1 200 OK"
2026-07-24 08:01:55,307 [INFO] HTTP Request: GET https://api.testnet.paradex.trade/v1/positions "HTTP/1.1 200 OK"
2026-07-24 08:01:57,387 [INFO] HTTP Request: GET https://api.testnet.paradex.trade/v1/bbo/BTC-USD-PERP "HTTP/1.1 200 OK"
2026-07-24 08:01:57,464 [INFO] HTTP Request: GET https://api.testnet.paradex.trade/v1/account "HTTP/1.1 200 OK"
2026-07-24 08:01:57,543 [INFO] HTTP Request: GET https://api.testnet.paradex.trade/v1/positions "HTTP/1.1 200 OK"
2026-07-24 08:01:59,625 [INFO] HTTP Request: GET https://api.testnet.paradex.trade/v1/bbo/BTC-USD-PERP "HTTP/1.1 200 OK"
2026-07-24 08:01:59,706 [INFO] HTTP Request: GET https://api.testnet.paradex.trade/v1/account "HTTP/1.1 200 OK"
2026-07-24 08:01:59,788 [INFO] HTTP Request: GET https://api.testnet.paradex.trade/v1/positions "HTTP/1.1 200 OK"
2026-07-24 08:02:01,853 [INFO] HTTP Request: GET https://api.testnet.paradex.trade/v1/bbo/BTC-USD-PERP "HTTP/1.1 200 OK"
2026-07-24 08:02:01,942 [INFO] HTTP Request: GET https://api.testnet.paradex.trade/v1/account "HTTP/1.1 200 OK"
2026-07-24 08:02:02,054 [INFO] HTTP Request: GET https://api.testnet.paradex.trade/v1/positions "HTTP/1.1 200 OK"
2026-07-24 08:02:04,141 [INFO] HTTP Request: GET https://api.testnet.paradex.trade/v1/bbo/BTC-USD-PERP "HTTP/1.1 200 OK"
2026-07-24 08:02:04,224 [INFO] HTTP Request: GET https://api.testnet.paradex.trade/v1/account "HTTP/1.1 200 OK"
2026-07-24 08:02:04,305 [INFO] HTTP Request: GET https://api.testnet.paradex.trade/v1/positions "HTTP/1.1 200 OK"
2026-07-24 08:02:06,381 [INFO] HTTP Request: GET https://api.testnet.paradex.trade/v1/bbo/BTC-USD-PERP "HTTP/1.1 200 OK"
2026-07-24 08:02:06,457 [INFO] HTTP Request: GET https://api.testnet.paradex.trade/v1/account "HTTP/1.1 200 OK"
2026-07-24 08:02:06,540 [INFO] HTTP Request: GET https://api.testnet.paradex.trade/v1/positions "HTTP/1.1 200 OK"
2026-07-24 08:02:08,624 [INFO] HTTP Request: GET https://api.testnet.paradex.trade/v1/bbo/BTC-USD-PERP "HTTP/1.1 200 OK"
2026-07-24 08:02:08,699 [INFO] HTTP Request: GET https://api.testnet.paradex.trade/v1/account "HTTP/1.1 200 OK"
2026-07-24 08:02:08,776 [INFO] HTTP Request: GET https://api.testnet.paradex.trade/v1/positions "HTTP/1.1 200 OK"
2026-07-24 08:02:10,872 [INFO] HTTP Request: GET https://api.testnet.paradex.trade/v1/bbo/BTC-USD-PERP "HTTP/1.1 200 OK"
2026-07-24 08:02:10,951 [INFO] HTTP Request: GET https://api.testnet.paradex.trade/v1/account "HTTP/1.1 200 OK"
2026-07-24 08:02:11,035 [INFO] HTTP Request: GET https://api.testnet.paradex.trade/v1/positions "HTTP/1.1 200 OK"
2026-07-24 08:02:13,123 [INFO] HTTP Request: GET https://api.testnet.paradex.trade/v1/bbo/BTC-USD-PERP "HTTP/1.1 200 OK"
2026-07-24 08:02:13,206 [INFO] HTTP Request: GET https://api.testnet.paradex.trade/v1/account "HTTP/1.1 200 OK"
2026-07-24 08:02:13,297 [INFO] HTTP Request: GET https://api.testnet.paradex.trade/v1/positions "HTTP/1.1 200 OK"
2026-07-24 08:02:15,373 [INFO] HTTP Request: GET https://api.testnet.paradex.trade/v1/bbo/BTC-USD-PERP "HTTP/1.1 200 OK"
2026-07-24 08:02:15,451 [INFO] HTTP Request: GET https://api.testnet.paradex.trade/v1/account "HTTP/1.1 200 OK"
2026-07-24 08:02:15,535 [INFO] HTTP Request: GET https://api.testnet.paradex.trade/v1/positions "HTTP/1.1 200 OK"
2026-07-24 08:02:17,623 [INFO] HTTP Request: GET https://api.testnet.paradex.trade/v1/bbo/BTC-USD-PERP "HTTP/1.1 200 OK"
2026-07-24 08:02:17,695 [INFO] HTTP Request: GET https://api.testnet.paradex.trade/v1/account "HTTP/1.1 200 OK"
2026-07-24 08:02:17,776 [INFO] HTTP Request: GET https://api.testnet.paradex.trade/v1/positions "HTTP/1.1 200 OK"
2026-07-24 08:02:19,864 [INFO] HTTP Request: GET https://api.testnet.paradex.trade/v1/bbo/BTC-USD-PERP "HTTP/1.1 200 OK"
2026-07-24 08:02:19,941 [INFO] HTTP Request: GET https://api.testnet.paradex.trade/v1/account "HTTP/1.1 200 OK"
2026-07-24 08:02:20,031 [INFO] HTTP Request: GET https://api.testnet.paradex.trade/v1/positions "HTTP/1.1 200 OK"
2026-07-24 08:02:22,124 [INFO] HTTP Request: GET https://api.testnet.paradex.trade/v1/bbo/BTC-USD-PERP "HTTP/1.1 200 OK"
2026-07-24 08:02:22,200 [INFO] HTTP Request: GET https://api.testnet.paradex.trade/v1/account "HTTP/1.1 200 OK"
2026-07-24 08:02:22,283 [INFO] HTTP Request: GET https://api.testnet.paradex.trade/v1/positions "HTTP/1.1 200 OK"
2026-07-24 08:02:24,376 [INFO] HTTP Request: GET https://api.testnet.paradex.trade/v1/bbo/BTC-USD-PERP "HTTP/1.1 200 OK"
2026-07-24 08:02:24,453 [INFO] HTTP Request: GET https://api.testnet.paradex.trade/v1/account "HTTP/1.1 200 OK"
2026-07-24 08:02:24,532 [INFO] HTTP Request: GET https://api.testnet.paradex.trade/v1/positions "HTTP/1.1 200 OK"
2026-07-24 08:02:26,624 [INFO] HTTP Request: GET https://api.testnet.paradex.trade/v1/bbo/BTC-USD-PERP "HTTP/1.1 200 OK"
2026-07-24 08:02:26,706 [INFO] HTTP Request: GET https://api.testnet.paradex.trade/v1/account "HTTP/1.1 200 OK"
2026-07-24 08:02:26,881 [INFO] HTTP Request: GET https://api.testnet.paradex.trade/v1/positions "HTTP/1.1 200 OK"
2026-07-24 08:02:28,958 [INFO] HTTP Request: GET https://api.testnet.paradex.trade/v1/bbo/BTC-USD-PERP "HTTP/1.1 200 OK"
2026-07-24 08:02:29,037 [INFO] HTTP Request: GET https://api.testnet.paradex.trade/v1/account "HTTP/1.1 200 OK"
2026-07-24 08:02:29,117 [INFO] HTTP Request: GET https://api.testnet.paradex.trade/v1/positions "HTTP/1.1 200 OK"
2026-07-24 08:02:31,192 [INFO] HTTP Request: GET https://api.testnet.paradex.trade/v1/bbo/BTC-USD-PERP "HTTP/1.1 200 OK"
2026-07-24 08:02:31,273 [INFO] HTTP Request: GET https://api.testnet.paradex.trade/v1/account "HTTP/1.1 200 OK"
2026-07-24 08:02:31,355 [INFO] HTTP Request: GET https://api.testnet.paradex.trade/v1/positions "HTTP/1.1 200 OK"
2026-07-24 08:02:33,439 [INFO] HTTP Request: GET https://api.testnet.paradex.trade/v1/bbo/BTC-USD-PERP "HTTP/1.1 200 OK"
2026-07-24 08:02:33,519 [INFO] HTTP Request: GET https://api.testnet.paradex.trade/v1/account "HTTP/1.1 200 OK"
2026-07-24 08:02:33,602 [INFO] HTTP Request: GET https://api.testnet.paradex.trade/v1/positions "HTTP/1.1 200 OK"
2026-07-24 08:02:35,688 [INFO] HTTP Request: GET https://api.testnet.paradex.trade/v1/bbo/BTC-USD-PERP "HTTP/1.1 200 OK"
2026-07-24 08:02:35,760 [INFO] HTTP Request: GET https://api.testnet.paradex.trade/v1/account "HTTP/1.1 200 OK"
2026-07-24 08:02:35,841 [INFO] HTTP Request: GET https://api.testnet.paradex.trade/v1/positions "HTTP/1.1 200 OK"
2026-07-24 08:02:37,906 [INFO] HTTP Request: GET https://api.testnet.paradex.trade/v1/bbo/BTC-USD-PERP "HTTP/1.1 200 OK"
2026-07-24 08:02:37,998 [INFO] HTTP Request: GET https://api.testnet.paradex.trade/v1/account "HTTP/1.1 200 OK"
2026-07-24 08:02:38,088 [INFO] HTTP Request: GET https://api.testnet.paradex.trade/v1/positions "HTTP/1.1 200 OK"
2026-07-24 08:02:40,138 [INFO] HTTP Request: GET https://api.testnet.paradex.trade/v1/bbo/BTC-USD-PERP "HTTP/1.1 200 OK"
2026-07-24 08:02:40,214 [INFO] HTTP Request: GET https://api.testnet.paradex.trade/v1/account "HTTP/1.1 200 OK"
2026-07-24 08:02:40,295 [INFO] HTTP Request: GET https://api.testnet.paradex.trade/v1/positions "HTTP/1.1 200 OK"
2026-07-24 08:02:42,373 [INFO] HTTP Request: GET https://api.testnet.paradex.trade/v1/bbo/BTC-USD-PERP "HTTP/1.1 200 OK"
2026-07-24 08:02:42,452 [INFO] HTTP Request: GET https://api.testnet.paradex.trade/v1/account "HTTP/1.1 200 OK"
2026-07-24 08:02:42,533 [INFO] HTTP Request: GET https://api.testnet.paradex.trade/v1/positions "HTTP/1.1 200 OK"
2026-07-24 08:02:44,620 [INFO] HTTP Request: GET https://api.testnet.paradex.trade/v1/bbo/BTC-USD-PERP "HTTP/1.1 200 OK"
2026-07-24 08:02:44,697 [INFO] HTTP Request: GET https://api.testnet.paradex.trade/v1/account "HTTP/1.1 200 OK"
2026-07-24 08:02:44,775 [INFO] HTTP Request: GET https://api.testnet.paradex.trade/v1/positions "HTTP/1.1 200 OK"
2026-07-24 08:02:46,854 [INFO] HTTP Request: GET https://api.testnet.paradex.trade/v1/bbo/BTC-USD-PERP "HTTP/1.1 200 OK"
2026-07-24 08:02:46,931 [INFO] HTTP Request: GET https://api.testnet.paradex.trade/v1/account "HTTP/1.1 200 OK"
2026-07-24 08:02:47,014 [INFO] HTTP Request: GET https://api.testnet.paradex.trade/v1/positions "HTTP/1.1 200 OK"
2026-07-24 08:02:49,092 [INFO] HTTP Request: GET https://api.testnet.paradex.trade/v1/bbo/BTC-USD-PERP "HTTP/1.1 200 OK"
2026-07-24 08:02:49,165 [INFO] HTTP Request: GET https://api.testnet.paradex.trade/v1/account "HTTP/1.1 200 OK"
2026-07-24 08:02:49,242 [INFO] HTTP Request: GET https://api.testnet.paradex.trade/v1/positions "HTTP/1.1 200 OK"
2026-07-24 08:02:51,321 [INFO] HTTP Request: GET https://api.testnet.paradex.trade/v1/bbo/BTC-USD-PERP "HTTP/1.1 200 OK"
2026-07-24 08:02:51,397 [INFO] HTTP Request: GET https://api.testnet.paradex.trade/v1/account "HTTP/1.1 200 OK"
2026-07-24 08:02:51,478 [INFO] HTTP Request: GET https://api.testnet.paradex.trade/v1/positions "HTTP/1.1 200 OK"
2026-07-24 08:02:53,557 [INFO] HTTP Request: GET https://api.testnet.paradex.trade/v1/bbo/BTC-USD-PERP "HTTP/1.1 200 OK"
2026-07-24 08:02:53,636 [INFO] HTTP Request: GET https://api.testnet.paradex.trade/v1/account "HTTP/1.1 200 OK"
2026-07-24 08:02:53,716 [INFO] HTTP Request: GET https://api.testnet.paradex.trade/v1/positions "HTTP/1.1 200 OK"
2026-07-24 08:02:55,797 [INFO] HTTP Request: GET https://api.testnet.paradex.trade/v1/bbo/BTC-USD-PERP "HTTP/1.1 200 OK"
2026-07-24 08:02:55,875 [INFO] HTTP Request: GET https://api.testnet.paradex.trade/v1/account "HTTP/1.1 200 OK"
2026-07-24 08:02:55,955 [INFO] HTTP Request: GET https://api.testnet.paradex.trade/v1/positions "HTTP/1.1 200 OK"
2026-07-24 08:02:58,037 [INFO] HTTP Request: GET https://api.testnet.paradex.trade/v1/bbo/BTC-USD-PERP "HTTP/1.1 200 OK"
2026-07-24 08:02:58,114 [INFO] HTTP Request: GET https://api.testnet.paradex.trade/v1/account "HTTP/1.1 200 OK"
2026-07-24 08:02:58,192 [INFO] HTTP Request: GET https://api.testnet.paradex.trade/v1/positions "HTTP/1.1 200 OK"
2026-07-24 08:03:00,309 [INFO] HTTP Request: GET https://api.testnet.paradex.trade/v1/bbo/BTC-USD-PERP "HTTP/1.1 200 OK"
2026-07-24 08:03:00,399 [INFO] HTTP Request: GET https://api.testnet.paradex.trade/v1/account "HTTP/1.1 200 OK"
2026-07-24 08:03:00,492 [INFO] HTTP Request: GET https://api.testnet.paradex.trade/v1/positions "HTTP/1.1 200 OK"
2026-07-24 08:03:02,576 [INFO] HTTP Request: GET https://api.testnet.paradex.trade/v1/bbo/BTC-USD-PERP "HTTP/1.1 200 OK"
2026-07-24 08:03:02,657 [INFO] HTTP Request: GET https://api.testnet.paradex.trade/v1/account "HTTP/1.1 200 OK"
2026-07-24 08:03:02,740 [INFO] HTTP Request: GET https://api.testnet.paradex.trade/v1/positions "HTTP/1.1 200 OK"
2026-07-24 08:03:04,825 [INFO] HTTP Request: GET https://api.testnet.paradex.trade/v1/bbo/BTC-USD-PERP "HTTP/1.1 200 OK"
2026-07-24 08:03:04,905 [INFO] HTTP Request: GET https://api.testnet.paradex.trade/v1/account "HTTP/1.1 200 OK"
2026-07-24 08:03:04,985 [INFO] HTTP Request: GET https://api.testnet.paradex.trade/v1/positions "HTTP/1.1 200 OK"
2026-07-24 08:03:07,073 [INFO] HTTP Request: GET https://api.testnet.paradex.trade/v1/bbo/BTC-USD-PERP "HTTP/1.1 200 OK"
2026-07-24 08:03:07,151 [INFO] HTTP Request: GET https://api.testnet.paradex.trade/v1/account "HTTP/1.1 200 OK"
2026-07-24 08:03:07,231 [INFO] HTTP Request: GET https://api.testnet.paradex.trade/v1/positions "HTTP/1.1 200 OK"
2026-07-24 08:03:09,305 [INFO] HTTP Request: GET https://api.testnet.paradex.trade/v1/bbo/BTC-USD-PERP "HTTP/1.1 200 OK"
2026-07-24 08:03:09,381 [INFO] HTTP Request: GET https://api.testnet.paradex.trade/v1/account "HTTP/1.1 200 OK"
2026-07-24 08:03:09,459 [INFO] HTTP Request: GET https://api.testnet.paradex.trade/v1/positions "HTTP/1.1 200 OK"
2026-07-24 08:03:11,539 [INFO] HTTP Request: GET https://api.testnet.paradex.trade/v1/bbo/BTC-USD-PERP "HTTP/1.1 200 OK"
2026-07-24 08:03:11,615 [INFO] HTTP Request: GET https://api.testnet.paradex.trade/v1/account "HTTP/1.1 200 OK"
2026-07-24 08:03:11,694 [INFO] HTTP Request: GET https://api.testnet.paradex.trade/v1/positions "HTTP/1.1 200 OK"
2026-07-24 08:03:13,772 [INFO] HTTP Request: GET https://api.testnet.paradex.trade/v1/bbo/BTC-USD-PERP "HTTP/1.1 200 OK"
2026-07-24 08:03:13,848 [INFO] HTTP Request: GET https://api.testnet.paradex.trade/v1/account "HTTP/1.1 200 OK"
2026-07-24 08:03:13,931 [INFO] HTTP Request: GET https://api.testnet.paradex.trade/v1/positions "HTTP/1.1 200 OK"
2026-07-24 08:03:16,023 [INFO] HTTP Request: GET https://api.testnet.paradex.trade/v1/bbo/BTC-USD-PERP "HTTP/1.1 200 OK"
2026-07-24 08:03:16,100 [INFO] HTTP Request: GET https://api.testnet.paradex.trade/v1/account "HTTP/1.1 200 OK"
2026-07-24 08:03:16,176 [INFO] HTTP Request: GET https://api.testnet.paradex.trade/v1/positions "HTTP/1.1 200 OK"
2026-07-24 08:03:18,260 [INFO] HTTP Request: GET https://api.testnet.paradex.trade/v1/bbo/BTC-USD-PERP "HTTP/1.1 200 OK"
2026-07-24 08:03:18,347 [INFO] HTTP Request: GET https://api.testnet.paradex.trade/v1/account "HTTP/1.1 200 OK"
2026-07-24 08:03:18,425 [INFO] HTTP Request: GET https://api.testnet.paradex.trade/v1/positions "HTTP/1.1 200 OK"
2026-07-24 08:03:20,506 [INFO] HTTP Request: GET https://api.testnet.paradex.trade/v1/bbo/BTC-USD-PERP "HTTP/1.1 200 OK"
2026-07-24 08:03:20,580 [INFO] HTTP Request: GET https://api.testnet.paradex.trade/v1/account "HTTP/1.1 200 OK"
2026-07-24 08:03:20,659 [INFO] HTTP Request: GET https://api.testnet.paradex.trade/v1/positions "HTTP/1.1 200 OK"
2026-07-24 08:03:22,722 [INFO] HTTP Request: GET https://api.testnet.paradex.trade/v1/bbo/BTC-USD-PERP "HTTP/1.1 200 OK"
2026-07-24 08:03:22,803 [INFO] HTTP Request: GET https://api.testnet.paradex.trade/v1/account "HTTP/1.1 200 OK"
2026-07-24 08:03:22,882 [INFO] HTTP Request: GET https://api.testnet.paradex.trade/v1/positions "HTTP/1.1 200 OK"
2026-07-24 08:03:24,955 [INFO] HTTP Request: GET https://api.testnet.paradex.trade/v1/bbo/BTC-USD-PERP "HTTP/1.1 200 OK"
2026-07-24 08:03:25,036 [INFO] HTTP Request: GET https://api.testnet.paradex.trade/v1/account "HTTP/1.1 200 OK"
2026-07-24 08:03:25,114 [INFO] HTTP Request: GET https://api.testnet.paradex.trade/v1/positions "HTTP/1.1 200 OK"
2026-07-24 08:03:27,189 [INFO] HTTP Request: GET https://api.testnet.paradex.trade/v1/bbo/BTC-USD-PERP "HTTP/1.1 200 OK"
2026-07-24 08:03:27,266 [INFO] HTTP Request: GET https://api.testnet.paradex.trade/v1/account "HTTP/1.1 200 OK"
2026-07-24 08:03:27,342 [INFO] HTTP Request: GET https://api.testnet.paradex.trade/v1/positions "HTTP/1.1 200 OK"
2026-07-24 08:03:29,422 [INFO] HTTP Request: GET https://api.testnet.paradex.trade/v1/bbo/BTC-USD-PERP "HTTP/1.1 200 OK"
2026-07-24 08:03:29,498 [INFO] HTTP Request: GET https://api.testnet.paradex.trade/v1/account "HTTP/1.1 200 OK"
2026-07-24 08:03:29,575 [INFO] HTTP Request: GET https://api.testnet.paradex.trade/v1/positions "HTTP/1.1 200 OK"
2026-07-24 08:03:31,658 [INFO] HTTP Request: GET https://api.testnet.paradex.trade/v1/bbo/BTC-USD-PERP "HTTP/1.1 200 OK"
2026-07-24 08:03:31,738 [INFO] HTTP Request: GET https://api.testnet.paradex.trade/v1/account "HTTP/1.1 200 OK"
2026-07-24 08:03:31,823 [INFO] HTTP Request: GET https://api.testnet.paradex.trade/v1/positions "HTTP/1.1 200 OK"
2026-07-24 08:03:33,906 [INFO] HTTP Request: GET https://api.testnet.paradex.trade/v1/bbo/BTC-USD-PERP "HTTP/1.1 200 OK"
2026-07-24 08:03:33,984 [INFO] HTTP Request: GET https://api.testnet.paradex.trade/v1/account "HTTP/1.1 200 OK"
2026-07-24 08:03:34,065 [INFO] HTTP Request: GET https://api.testnet.paradex.trade/v1/positions "HTTP/1.1 200 OK"
2026-07-24 08:03:36,162 [INFO] HTTP Request: GET https://api.testnet.paradex.trade/v1/bbo/BTC-USD-PERP "HTTP/1.1 200 OK"
2026-07-24 08:03:36,239 [INFO] HTTP Request: GET https://api.testnet.paradex.trade/v1/account "HTTP/1.1 200 OK"
2026-07-24 08:03:36,325 [INFO] HTTP Request: GET https://api.testnet.paradex.trade/v1/positions "HTTP/1.1 200 OK"
2026-07-24 08:03:38,388 [INFO] HTTP Request: GET https://api.testnet.paradex.trade/v1/bbo/BTC-USD-PERP "HTTP/1.1 200 OK"
2026-07-24 08:03:38,465 [INFO] HTTP Request: GET https://api.testnet.paradex.trade/v1/account "HTTP/1.1 200 OK"
2026-07-24 08:03:38,542 [INFO] HTTP Request: GET https://api.testnet.paradex.trade/v1/positions "HTTP/1.1 200 OK"
2026-07-24 08:03:40,606 [INFO] HTTP Request: GET https://api.testnet.paradex.trade/v1/bbo/BTC-USD-PERP "HTTP/1.1 200 OK"
2026-07-24 08:03:40,685 [INFO] HTTP Request: GET https://api.testnet.paradex.trade/v1/account "HTTP/1.1 200 OK"
2026-07-24 08:03:40,771 [INFO] HTTP Request: GET https://api.testnet.paradex.trade/v1/positions "HTTP/1.1 200 OK"
2026-07-24 08:03:42,855 [INFO] HTTP Request: GET https://api.testnet.paradex.trade/v1/bbo/BTC-USD-PERP "HTTP/1.1 200 OK"
2026-07-24 08:03:42,931 [INFO] HTTP Request: GET https://api.testnet.paradex.trade/v1/account "HTTP/1.1 200 OK"
2026-07-24 08:03:43,009 [INFO] HTTP Request: GET https://api.testnet.paradex.trade/v1/positions "HTTP/1.1 200 OK"
2026-07-24 08:03:45,089 [INFO] HTTP Request: GET https://api.testnet.paradex.trade/v1/bbo/BTC-USD-PERP "HTTP/1.1 200 OK"
2026-07-24 08:03:45,168 [INFO] HTTP Request: GET https://api.testnet.paradex.trade/v1/account "HTTP/1.1 200 OK"
2026-07-24 08:03:45,252 [INFO] HTTP Request: GET https://api.testnet.paradex.trade/v1/positions "HTTP/1.1 200 OK"
2026-07-24 08:03:47,339 [INFO] HTTP Request: GET https://api.testnet.paradex.trade/v1/bbo/BTC-USD-PERP "HTTP/1.1 200 OK"
2026-07-24 08:03:47,416 [INFO] HTTP Request: GET https://api.testnet.paradex.trade/v1/account "HTTP/1.1 200 OK"
2026-07-24 08:03:47,511 [INFO] HTTP Request: GET https://api.testnet.paradex.trade/v1/positions "HTTP/1.1 200 OK"
2026-07-24 08:03:49,591 [INFO] HTTP Request: GET https://api.testnet.paradex.trade/v1/bbo/BTC-USD-PERP "HTTP/1.1 200 OK"
2026-07-24 08:03:49,671 [INFO] HTTP Request: GET https://api.testnet.paradex.trade/v1/account "HTTP/1.1 200 OK"
2026-07-24 08:03:49,749 [INFO] HTTP Request: GET https://api.testnet.paradex.trade/v1/positions "HTTP/1.1 200 OK"
2026-07-24 08:03:51,834 [INFO] HTTP Request: GET https://api.testnet.paradex.trade/v1/bbo/BTC-USD-PERP "HTTP/1.1 200 OK"
2026-07-24 08:03:51,909 [INFO] HTTP Request: GET https://api.testnet.paradex.trade/v1/account "HTTP/1.1 200 OK"
2026-07-24 08:03:51,991 [INFO] HTTP Request: GET https://api.testnet.paradex.trade/v1/positions "HTTP/1.1 200 OK"
2026-07-24 08:03:54,076 [INFO] HTTP Request: GET https://api.testnet.paradex.trade/v1/bbo/BTC-USD-PERP "HTTP/1.1 200 OK"
2026-07-24 08:03:54,154 [INFO] HTTP Request: GET https://api.testnet.paradex.trade/v1/account "HTTP/1.1 200 OK"
2026-07-24 08:03:54,233 [INFO] HTTP Request: GET https://api.testnet.paradex.trade/v1/positions "HTTP/1.1 200 OK"
2026-07-24 08:03:56,324 [INFO] HTTP Request: GET https://api.testnet.paradex.trade/v1/bbo/BTC-USD-PERP "HTTP/1.1 200 OK"
2026-07-24 08:03:56,401 [INFO] HTTP Request: GET https://api.testnet.paradex.trade/v1/account "HTTP/1.1 200 OK"
2026-07-24 08:03:56,481 [INFO] HTTP Request: GET https://api.testnet.paradex.trade/v1/positions "HTTP/1.1 200 OK"
2026-07-24 08:03:58,574 [INFO] HTTP Request: GET https://api.testnet.paradex.trade/v1/bbo/BTC-USD-PERP "HTTP/1.1 200 OK"
2026-07-24 08:03:58,651 [INFO] HTTP Request: GET https://api.testnet.paradex.trade/v1/account "HTTP/1.1 200 OK"
2026-07-24 08:03:58,731 [INFO] HTTP Request: GET https://api.testnet.paradex.trade/v1/positions "HTTP/1.1 200 OK"
2026-07-24 08:04:00,809 [INFO] HTTP Request: GET https://api.testnet.paradex.trade/v1/bbo/BTC-USD-PERP "HTTP/1.1 200 OK"
2026-07-24 08:04:00,894 [INFO] HTTP Request: GET https://api.testnet.paradex.trade/v1/account "HTTP/1.1 200 OK"
2026-07-24 08:04:00,978 [INFO] HTTP Request: GET https://api.testnet.paradex.trade/v1/positions "HTTP/1.1 200 OK"
2026-07-24 08:04:03,056 [INFO] HTTP Request: GET https://api.testnet.paradex.trade/v1/bbo/BTC-USD-PERP "HTTP/1.1 200 OK"
2026-07-24 08:04:03,133 [INFO] HTTP Request: GET https://api.testnet.paradex.trade/v1/account "HTTP/1.1 200 OK"
2026-07-24 08:04:03,215 [INFO] HTTP Request: GET https://api.testnet.paradex.trade/v1/positions "HTTP/1.1 200 OK"
2026-07-24 08:04:05,290 [INFO] HTTP Request: GET https://api.testnet.paradex.trade/v1/bbo/BTC-USD-PERP "HTTP/1.1 200 OK"
2026-07-24 08:04:05,371 [INFO] HTTP Request: GET https://api.testnet.paradex.trade/v1/account "HTTP/1.1 200 OK"
2026-07-24 08:04:05,457 [INFO] HTTP Request: GET https://api.testnet.paradex.trade/v1/positions "HTTP/1.1 200 OK"
2026-07-24 08:04:07,539 [INFO] HTTP Request: GET https://api.testnet.paradex.trade/v1/bbo/BTC-USD-PERP "HTTP/1.1 200 OK"
2026-07-24 08:04:07,616 [INFO] HTTP Request: GET https://api.testnet.paradex.trade/v1/account "HTTP/1.1 200 OK"
2026-07-24 08:04:07,703 [INFO] HTTP Request: GET https://api.testnet.paradex.trade/v1/positions "HTTP/1.1 200 OK"
2026-07-24 08:04:09,797 [INFO] HTTP Request: GET https://api.testnet.paradex.trade/v1/bbo/BTC-USD-PERP "HTTP/1.1 200 OK"
2026-07-24 08:04:09,879 [INFO] HTTP Request: GET https://api.testnet.paradex.trade/v1/account "HTTP/1.1 200 OK"
2026-07-24 08:04:09,965 [INFO] HTTP Request: GET https://api.testnet.paradex.trade/v1/positions "HTTP/1.1 200 OK"
2026-07-24 08:04:12,023 [INFO] HTTP Request: GET https://api.testnet.paradex.trade/v1/bbo/BTC-USD-PERP "HTTP/1.1 200 OK"
2026-07-24 08:04:12,103 [INFO] HTTP Request: GET https://api.testnet.paradex.trade/v1/account "HTTP/1.1 200 OK"
2026-07-24 08:04:12,182 [INFO] HTTP Request: GET https://api.testnet.paradex.trade/v1/positions "HTTP/1.1 200 OK"
2026-07-24 08:04:14,256 [INFO] HTTP Request: GET https://api.testnet.paradex.trade/v1/bbo/BTC-USD-PERP "HTTP/1.1 200 OK"
2026-07-24 08:04:14,334 [INFO] HTTP Request: GET https://api.testnet.paradex.trade/v1/account "HTTP/1.1 200 OK"
2026-07-24 08:04:14,432 [INFO] HTTP Request: GET https://api.testnet.paradex.trade/v1/positions "HTTP/1.1 200 OK"
2026-07-24 08:04:16,506 [INFO] HTTP Request: GET https://api.testnet.paradex.trade/v1/bbo/BTC-USD-PERP "HTTP/1.1 200 OK"
2026-07-24 08:04:16,587 [INFO] HTTP Request: GET https://api.testnet.paradex.trade/v1/account "HTTP/1.1 200 OK"
2026-07-24 08:04:16,667 [INFO] HTTP Request: GET https://api.testnet.paradex.trade/v1/positions "HTTP/1.1 200 OK"
2026-07-24 08:04:18,739 [INFO] HTTP Request: GET https://api.testnet.paradex.trade/v1/bbo/BTC-USD-PERP "HTTP/1.1 200 OK"
2026-07-24 08:04:18,842 [INFO] HTTP Request: POST https://api.testnet.paradex.trade/v1/auth/0x355512bacffd591ee8f52264d0c35a334dc7f659fa23e344a3364e9201a8343 "HTTP/1.1 200 OK"
2026-07-24 08:04:18,919 [INFO] HTTP Request: GET https://api.testnet.paradex.trade/v1/account "HTTP/1.1 200 OK"
2026-07-24 08:04:19,005 [INFO] HTTP Request: GET https://api.testnet.paradex.trade/v1/positions "HTTP/1.1 200 OK"
2026-07-24 08:04:21,090 [INFO] HTTP Request: GET https://api.testnet.paradex.trade/v1/bbo/BTC-USD-PERP "HTTP/1.1 200 OK"
2026-07-24 08:04:21,185 [INFO] HTTP Request: GET https://api.testnet.paradex.trade/v1/account "HTTP/1.1 200 OK"
2026-07-24 08:04:21,265 [INFO] HTTP Request: GET https://api.testnet.paradex.trade/v1/positions "HTTP/1.1 200 OK"
2026-07-24 08:04:23,339 [INFO] HTTP Request: GET https://api.testnet.paradex.trade/v1/bbo/BTC-USD-PERP "HTTP/1.1 200 OK"
2026-07-24 08:04:23,415 [INFO] HTTP Request: GET https://api.testnet.paradex.trade/v1/account "HTTP/1.1 200 OK"
2026-07-24 08:04:23,497 [INFO] HTTP Request: GET https://api.testnet.paradex.trade/v1/positions "HTTP/1.1 200 OK"
2026-07-24 08:04:25,592 [INFO] HTTP Request: GET https://api.testnet.paradex.trade/v1/bbo/BTC-USD-PERP "HTTP/1.1 200 OK"
2026-07-24 08:04:25,670 [INFO] HTTP Request: GET https://api.testnet.paradex.trade/v1/account "HTTP/1.1 200 OK"
2026-07-24 08:04:25,751 [INFO] HTTP Request: GET https://api.testnet.paradex.trade/v1/positions "HTTP/1.1 200 OK"
2026-07-24 08:04:27,838 [INFO] HTTP Request: GET https://api.testnet.paradex.trade/v1/bbo/BTC-USD-PERP "HTTP/1.1 200 OK"
2026-07-24 08:04:27,914 [INFO] HTTP Request: GET https://api.testnet.paradex.trade/v1/account "HTTP/1.1 200 OK"
2026-07-24 08:04:27,992 [INFO] HTTP Request: GET https://api.testnet.paradex.trade/v1/positions "HTTP/1.1 200 OK"
2026-07-24 08:04:30,074 [INFO] HTTP Request: GET https://api.testnet.paradex.trade/v1/bbo/BTC-USD-PERP "HTTP/1.1 200 OK"
2026-07-24 08:04:30,164 [INFO] HTTP Request: GET https://api.testnet.paradex.trade/v1/account "HTTP/1.1 200 OK"
2026-07-24 08:04:30,242 [INFO] HTTP Request: GET https://api.testnet.paradex.trade/v1/positions "HTTP/1.1 200 OK"
2026-07-24 08:04:32,324 [INFO] HTTP Request: GET https://api.testnet.paradex.trade/v1/bbo/BTC-USD-PERP "HTTP/1.1 200 OK"
2026-07-24 08:04:32,400 [INFO] HTTP Request: GET https://api.testnet.paradex.trade/v1/account "HTTP/1.1 200 OK"
2026-07-24 08:04:32,485 [INFO] HTTP Request: GET https://api.testnet.paradex.trade/v1/positions "HTTP/1.1 200 OK"
2026-07-24 08:04:34,572 [INFO] HTTP Request: GET https://api.testnet.paradex.trade/v1/bbo/BTC-USD-PERP "HTTP/1.1 200 OK"
2026-07-24 08:04:34,650 [INFO] HTTP Request: GET https://api.testnet.paradex.trade/v1/account "HTTP/1.1 200 OK"
2026-07-24 08:04:34,732 [INFO] HTTP Request: GET https://api.testnet.paradex.trade/v1/positions "HTTP/1.1 200 OK"
2026-07-24 08:04:36,806 [INFO] HTTP Request: GET https://api.testnet.paradex.trade/v1/bbo/BTC-USD-PERP "HTTP/1.1 200 OK"
2026-07-24 08:04:36,885 [INFO] HTTP Request: GET https://api.testnet.paradex.trade/v1/account "HTTP/1.1 200 OK"
2026-07-24 08:04:36,964 [INFO] HTTP Request: GET https://api.testnet.paradex.trade/v1/positions "HTTP/1.1 200 OK"
2026-07-24 08:04:39,045 [INFO] HTTP Request: GET https://api.testnet.paradex.trade/v1/bbo/BTC-USD-PERP "HTTP/1.1 200 OK"
2026-07-24 08:04:39,118 [INFO] HTTP Request: GET https://api.testnet.paradex.trade/v1/account "HTTP/1.1 200 OK"
2026-07-24 08:04:39,202 [INFO] HTTP Request: GET https://api.testnet.paradex.trade/v1/positions "HTTP/1.1 200 OK"
2026-07-24 08:04:41,289 [INFO] HTTP Request: GET https://api.testnet.paradex.trade/v1/bbo/BTC-USD-PERP "HTTP/1.1 200 OK"
2026-07-24 08:04:41,365 [INFO] HTTP Request: GET https://api.testnet.paradex.trade/v1/account "HTTP/1.1 200 OK"
2026-07-24 08:04:41,447 [INFO] HTTP Request: GET https://api.testnet.paradex.trade/v1/positions "HTTP/1.1 200 OK"
2026-07-24 08:04:43,529 [INFO] HTTP Request: GET https://api.testnet.paradex.trade/v1/bbo/BTC-USD-PERP "HTTP/1.1 200 OK"
2026-07-24 08:04:43,608 [INFO] HTTP Request: GET https://api.testnet.paradex.trade/v1/account "HTTP/1.1 200 OK"
2026-07-24 08:04:43,691 [INFO] HTTP Request: GET https://api.testnet.paradex.trade/v1/positions "HTTP/1.1 200 OK"
2026-07-24 08:04:45,781 [INFO] HTTP Request: GET https://api.testnet.paradex.trade/v1/bbo/BTC-USD-PERP "HTTP/1.1 200 OK"
2026-07-24 08:04:45,856 [INFO] HTTP Request: GET https://api.testnet.paradex.trade/v1/account "HTTP/1.1 200 OK"
2026-07-24 08:04:45,939 [INFO] HTTP Request: GET https://api.testnet.paradex.trade/v1/positions "HTTP/1.1 200 OK"
2026-07-24 08:04:48,024 [INFO] HTTP Request: GET https://api.testnet.paradex.trade/v1/bbo/BTC-USD-PERP "HTTP/1.1 200 OK"
2026-07-24 08:04:48,097 [INFO] HTTP Request: GET https://api.testnet.paradex.trade/v1/account "HTTP/1.1 200 OK"
2026-07-24 08:04:48,179 [INFO] HTTP Request: GET https://api.testnet.paradex.trade/v1/positions "HTTP/1.1 200 OK"
2026-07-24 08:04:50,257 [INFO] HTTP Request: GET https://api.testnet.paradex.trade/v1/bbo/BTC-USD-PERP "HTTP/1.1 200 OK"
2026-07-24 08:04:50,347 [INFO] HTTP Request: GET https://api.testnet.paradex.trade/v1/account "HTTP/1.1 200 OK"
2026-07-24 08:04:50,422 [INFO] HTTP Request: GET https://api.testnet.paradex.trade/v1/positions "HTTP/1.1 200 OK"
2026-07-24 08:04:52,537 [INFO] HTTP Request: GET https://api.testnet.paradex.trade/v1/bbo/BTC-USD-PERP "HTTP/1.1 200 OK"
2026-07-24 08:04:52,613 [INFO] HTTP Request: GET https://api.testnet.paradex.trade/v1/account "HTTP/1.1 200 OK"
2026-07-24 08:04:52,697 [INFO] HTTP Request: GET https://api.testnet.paradex.trade/v1/positions "HTTP/1.1 200 OK"
2026-07-24 08:04:54,774 [INFO] HTTP Request: GET https://api.testnet.paradex.trade/v1/bbo/BTC-USD-PERP "HTTP/1.1 200 OK"
2026-07-24 08:04:54,849 [INFO] HTTP Request: GET https://api.testnet.paradex.trade/v1/account "HTTP/1.1 200 OK"
2026-07-24 08:04:54,928 [INFO] HTTP Request: GET https://api.testnet.paradex.trade/v1/positions "HTTP/1.1 200 OK"
2026-07-24 08:04:57,006 [INFO] HTTP Request: GET https://api.testnet.paradex.trade/v1/bbo/BTC-USD-PERP "HTTP/1.1 200 OK"
2026-07-24 08:04:57,087 [INFO] HTTP Request: GET https://api.testnet.paradex.trade/v1/account "HTTP/1.1 200 OK"
2026-07-24 08:04:57,165 [INFO] HTTP Request: GET https://api.testnet.paradex.trade/v1/positions "HTTP/1.1 200 OK"
2026-07-24 08:04:59,253 [INFO] HTTP Request: GET https://api.testnet.paradex.trade/v1/bbo/BTC-USD-PERP "HTTP/1.1 200 OK"
2026-07-24 08:04:59,322 [INFO] HTTP Request: GET https://api.testnet.paradex.trade/v1/account "HTTP/1.1 200 OK"
2026-07-24 08:04:59,406 [INFO] HTTP Request: GET https://api.testnet.paradex.trade/v1/positions "HTTP/1.1 200 OK"
2026-07-24 08:05:01,525 [INFO] HTTP Request: GET https://api.testnet.paradex.trade/v1/bbo/BTC-USD-PERP "HTTP/1.1 200 OK"
2026-07-24 08:05:01,622 [INFO] HTTP Request: GET https://api.testnet.paradex.trade/v1/account "HTTP/1.1 200 OK"
2026-07-24 08:05:01,705 [INFO] HTTP Request: GET https://api.testnet.paradex.trade/v1/positions "HTTP/1.1 200 OK"
2026-07-24 08:05:03,790 [INFO] HTTP Request: GET https://api.testnet.paradex.trade/v1/bbo/BTC-USD-PERP "HTTP/1.1 200 OK"
2026-07-24 08:05:03,867 [INFO] HTTP Request: GET https://api.testnet.paradex.trade/v1/account "HTTP/1.1 200 OK"
2026-07-24 08:05:03,949 [INFO] HTTP Request: GET https://api.testnet.paradex.trade/v1/positions "HTTP/1.1 200 OK"
2026-07-24 08:05:06,022 [INFO] HTTP Request: GET https://api.testnet.paradex.trade/v1/bbo/BTC-USD-PERP "HTTP/1.1 200 OK"
2026-07-24 08:05:06,098 [INFO] HTTP Request: GET https://api.testnet.paradex.trade/v1/account "HTTP/1.1 200 OK"
2026-07-24 08:05:06,181 [INFO] HTTP Request: GET https://api.testnet.paradex.trade/v1/positions "HTTP/1.1 200 OK"
2026-07-24 08:05:08,255 [INFO] HTTP Request: GET https://api.testnet.paradex.trade/v1/bbo/BTC-USD-PERP "HTTP/1.1 200 OK"
2026-07-24 08:05:08,325 [INFO] HTTP Request: GET https://api.testnet.paradex.trade/v1/account "HTTP/1.1 200 OK"
2026-07-24 08:05:08,416 [INFO] HTTP Request: GET https://api.testnet.paradex.trade/v1/positions "HTTP/1.1 200 OK"
2026-07-24 08:05:10,505 [INFO] HTTP Request: GET https://api.testnet.paradex.trade/v1/bbo/BTC-USD-PERP "HTTP/1.1 200 OK"
2026-07-24 08:05:10,584 [INFO] HTTP Request: GET https://api.testnet.paradex.trade/v1/account "HTTP/1.1 200 OK"
2026-07-24 08:05:10,665 [INFO] HTTP Request: GET https://api.testnet.paradex.trade/v1/positions "HTTP/1.1 200 OK"
2026-07-24 08:05:12,748 [INFO] HTTP Request: GET https://api.testnet.paradex.trade/v1/bbo/BTC-USD-PERP "HTTP/1.1 200 OK"
2026-07-24 08:05:12,824 [INFO] HTTP Request: GET https://api.testnet.paradex.trade/v1/account "HTTP/1.1 200 OK"
2026-07-24 08:05:12,914 [INFO] HTTP Request: GET https://api.testnet.paradex.trade/v1/positions "HTTP/1.1 200 OK"
2026-07-24 08:05:14,988 [INFO] HTTP Request: GET https://api.testnet.paradex.trade/v1/bbo/BTC-USD-PERP "HTTP/1.1 200 OK"
2026-07-24 08:05:15,063 [INFO] HTTP Request: GET https://api.testnet.paradex.trade/v1/account "HTTP/1.1 200 OK"
2026-07-24 08:05:15,139 [INFO] HTTP Request: GET https://api.testnet.paradex.trade/v1/positions "HTTP/1.1 200 OK"
2026-07-24 08:05:17,205 [INFO] HTTP Request: GET https://api.testnet.paradex.trade/v1/bbo/BTC-USD-PERP "HTTP/1.1 200 OK"
2026-07-24 08:05:17,298 [INFO] HTTP Request: GET https://api.testnet.paradex.trade/v1/account "HTTP/1.1 200 OK"
2026-07-24 08:05:17,385 [INFO] HTTP Request: GET https://api.testnet.paradex.trade/v1/positions "HTTP/1.1 200 OK"
2026-07-24 08:05:19,472 [INFO] HTTP Request: GET https://api.testnet.paradex.trade/v1/bbo/BTC-USD-PERP "HTTP/1.1 200 OK"
2026-07-24 08:05:19,549 [INFO] HTTP Request: GET https://api.testnet.paradex.trade/v1/account "HTTP/1.1 200 OK"
2026-07-24 08:05:19,627 [INFO] HTTP Request: GET https://api.testnet.paradex.trade/v1/positions "HTTP/1.1 200 OK"
2026-07-24 08:05:21,706 [INFO] HTTP Request: GET https://api.testnet.paradex.trade/v1/bbo/BTC-USD-PERP "HTTP/1.1 200 OK"
2026-07-24 08:05:21,795 [INFO] HTTP Request: GET https://api.testnet.paradex.trade/v1/account "HTTP/1.1 200 OK"
2026-07-24 08:05:21,877 [INFO] HTTP Request: GET https://api.testnet.paradex.trade/v1/positions "HTTP/1.1 200 OK"
2026-07-24 08:05:23,964 [INFO] HTTP Request: GET https://api.testnet.paradex.trade/v1/bbo/BTC-USD-PERP "HTTP/1.1 200 OK"
2026-07-24 08:05:24,039 [INFO] HTTP Request: GET https://api.testnet.paradex.trade/v1/account "HTTP/1.1 200 OK"
2026-07-24 08:05:24,117 [INFO] HTTP Request: GET https://api.testnet.paradex.trade/v1/positions "HTTP/1.1 200 OK"
2026-07-24 08:05:26,225 [INFO] HTTP Request: GET https://api.testnet.paradex.trade/v1/bbo/BTC-USD-PERP "HTTP/1.1 200 OK"
2026-07-24 08:05:26,303 [INFO] HTTP Request: GET https://api.testnet.paradex.trade/v1/account "HTTP/1.1 200 OK"
2026-07-24 08:05:26,381 [INFO] HTTP Request: GET https://api.testnet.paradex.trade/v1/positions "HTTP/1.1 200 OK"
2026-07-24 08:05:28,472 [INFO] HTTP Request: GET https://api.testnet.paradex.trade/v1/bbo/BTC-USD-PERP "HTTP/1.1 200 OK"
2026-07-24 08:05:28,553 [INFO] HTTP Request: GET https://api.testnet.paradex.trade/v1/account "HTTP/1.1 200 OK"
2026-07-24 08:05:28,638 [INFO] HTTP Request: GET https://api.testnet.paradex.trade/v1/positions "HTTP/1.1 200 OK"
2026-07-24 08:05:30,719 [INFO] HTTP Request: GET https://api.testnet.paradex.trade/v1/bbo/BTC-USD-PERP "HTTP/1.1 200 OK"
2026-07-24 08:05:30,796 [INFO] HTTP Request: GET https://api.testnet.paradex.trade/v1/account "HTTP/1.1 200 OK"
2026-07-24 08:05:30,871 [INFO] HTTP Request: GET https://api.testnet.paradex.trade/v1/positions "HTTP/1.1 200 OK"
2026-07-24 08:05:32,954 [INFO] HTTP Request: GET https://api.testnet.paradex.trade/v1/bbo/BTC-USD-PERP "HTTP/1.1 200 OK"
2026-07-24 08:05:33,034 [INFO] HTTP Request: GET https://api.testnet.paradex.trade/v1/account "HTTP/1.1 200 OK"
2026-07-24 08:05:33,115 [INFO] HTTP Request: GET https://api.testnet.paradex.trade/v1/positions "HTTP/1.1 200 OK"
2026-07-24 08:05:35,215 [INFO] HTTP Request: GET https://api.testnet.paradex.trade/v1/bbo/BTC-USD-PERP "HTTP/1.1 200 OK"
2026-07-24 08:05:35,303 [INFO] HTTP Request: GET https://api.testnet.paradex.trade/v1/account "HTTP/1.1 200 OK"
2026-07-24 08:05:35,405 [INFO] HTTP Request: GET https://api.testnet.paradex.trade/v1/positions "HTTP/1.1 200 OK"
2026-07-24 08:05:37,488 [INFO] HTTP Request: GET https://api.testnet.paradex.trade/v1/bbo/BTC-USD-PERP "HTTP/1.1 200 OK"
2026-07-24 08:05:37,564 [INFO] HTTP Request: GET https://api.testnet.paradex.trade/v1/account "HTTP/1.1 200 OK"
2026-07-24 08:05:37,643 [INFO] HTTP Request: GET https://api.testnet.paradex.trade/v1/positions "HTTP/1.1 200 OK"
2026-07-24 08:05:39,728 [INFO] HTTP Request: GET https://api.testnet.paradex.trade/v1/bbo/BTC-USD-PERP "HTTP/1.1 200 OK"
2026-07-24 08:05:39,814 [INFO] HTTP Request: GET https://api.testnet.paradex.trade/v1/account "HTTP/1.1 200 OK"
2026-07-24 08:05:39,908 [INFO] HTTP Request: GET https://api.testnet.paradex.trade/v1/positions "HTTP/1.1 200 OK"
2026-07-24 08:05:41,995 [INFO] HTTP Request: GET https://api.testnet.paradex.trade/v1/bbo/BTC-USD-PERP "HTTP/1.1 200 OK"
2026-07-24 08:05:42,072 [INFO] HTTP Request: GET https://api.testnet.paradex.trade/v1/account "HTTP/1.1 200 OK"
2026-07-24 08:05:42,147 [INFO] HTTP Request: GET https://api.testnet.paradex.trade/v1/positions "HTTP/1.1 200 OK"
2026-07-24 08:05:44,235 [INFO] HTTP Request: GET https://api.testnet.paradex.trade/v1/bbo/BTC-USD-PERP "HTTP/1.1 200 OK"
2026-07-24 08:05:44,306 [INFO] HTTP Request: GET https://api.testnet.paradex.trade/v1/account "HTTP/1.1 200 OK"
2026-07-24 08:05:44,397 [INFO] HTTP Request: GET https://api.testnet.paradex.trade/v1/positions "HTTP/1.1 200 OK"
2026-07-24 08:05:46,473 [INFO] HTTP Request: GET https://api.testnet.paradex.trade/v1/bbo/BTC-USD-PERP "HTTP/1.1 200 OK"
2026-07-24 08:05:46,550 [INFO] HTTP Request: GET https://api.testnet.paradex.trade/v1/account "HTTP/1.1 200 OK"
2026-07-24 08:05:46,631 [INFO] HTTP Request: GET https://api.testnet.paradex.trade/v1/positions "HTTP/1.1 200 OK"
2026-07-24 08:05:48,703 [INFO] HTTP Request: GET https://api.testnet.paradex.trade/v1/bbo/BTC-USD-PERP "HTTP/1.1 200 OK"
2026-07-24 08:05:48,780 [INFO] HTTP Request: GET https://api.testnet.paradex.trade/v1/account "HTTP/1.1 200 OK"
2026-07-24 08:05:48,869 [INFO] HTTP Request: GET https://api.testnet.paradex.trade/v1/positions "HTTP/1.1 200 OK"
2026-07-24 08:05:50,940 [INFO] HTTP Request: GET https://api.testnet.paradex.trade/v1/bbo/BTC-USD-PERP "HTTP/1.1 200 OK"
2026-07-24 08:05:51,018 [INFO] HTTP Request: GET https://api.testnet.paradex.trade/v1/account "HTTP/1.1 200 OK"
2026-07-24 08:05:51,098 [INFO] HTTP Request: GET https://api.testnet.paradex.trade/v1/positions "HTTP/1.1 200 OK"
2026-07-24 08:05:53,174 [INFO] HTTP Request: GET https://api.testnet.paradex.trade/v1/bbo/BTC-USD-PERP "HTTP/1.1 200 OK"
2026-07-24 08:05:53,249 [INFO] HTTP Request: GET https://api.testnet.paradex.trade/v1/account "HTTP/1.1 200 OK"
2026-07-24 08:05:53,325 [INFO] HTTP Request: GET https://api.testnet.paradex.trade/v1/positions "HTTP/1.1 200 OK"
2026-07-24 08:05:55,390 [INFO] HTTP Request: GET https://api.testnet.paradex.trade/v1/bbo/BTC-USD-PERP "HTTP/1.1 200 OK"
2026-07-24 08:05:55,474 [INFO] HTTP Request: GET https://api.testnet.paradex.trade/v1/account "HTTP/1.1 200 OK"
2026-07-24 08:05:55,556 [INFO] HTTP Request: GET https://api.testnet.paradex.trade/v1/positions "HTTP/1.1 200 OK"
2026-07-24 08:05:57,648 [INFO] HTTP Request: GET https://api.testnet.paradex.trade/v1/bbo/BTC-USD-PERP "HTTP/1.1 200 OK"
2026-07-24 08:05:57,726 [INFO] HTTP Request: GET https://api.testnet.paradex.trade/v1/account "HTTP/1.1 200 OK"
2026-07-24 08:05:57,820 [INFO] HTTP Request: GET https://api.testnet.paradex.trade/v1/positions "HTTP/1.1 200 OK"
2026-07-24 08:05:59,909 [INFO] HTTP Request: GET https://api.testnet.paradex.trade/v1/bbo/BTC-USD-PERP "HTTP/1.1 200 OK"
2026-07-24 08:05:59,990 [INFO] HTTP Request: GET https://api.testnet.paradex.trade/v1/account "HTTP/1.1 200 OK"
2026-07-24 08:06:00,110 [INFO] HTTP Request: GET https://api.testnet.paradex.trade/v1/positions "HTTP/1.1 200 OK"
2026-07-24 08:06:02,201 [INFO] HTTP Request: GET https://api.testnet.paradex.trade/v1/bbo/BTC-USD-PERP "HTTP/1.1 200 OK"
2026-07-24 08:06:02,286 [INFO] HTTP Request: GET https://api.testnet.paradex.trade/v1/account "HTTP/1.1 200 OK"
2026-07-24 08:06:02,369 [INFO] HTTP Request: GET https://api.testnet.paradex.trade/v1/positions "HTTP/1.1 200 OK"
2026-07-24 08:06:04,440 [INFO] HTTP Request: GET https://api.testnet.paradex.trade/v1/bbo/BTC-USD-PERP "HTTP/1.1 200 OK"
2026-07-24 08:06:04,520 [INFO] HTTP Request: GET https://api.testnet.paradex.trade/v1/account "HTTP/1.1 200 OK"
2026-07-24 08:06:04,603 [INFO] HTTP Request: GET https://api.testnet.paradex.trade/v1/positions "HTTP/1.1 200 OK"
2026-07-24 08:06:06,690 [INFO] HTTP Request: GET https://api.testnet.paradex.trade/v1/bbo/BTC-USD-PERP "HTTP/1.1 200 OK"
2026-07-24 08:06:06,774 [INFO] HTTP Request: GET https://api.testnet.paradex.trade/v1/account "HTTP/1.1 200 OK"
2026-07-24 08:06:06,856 [INFO] HTTP Request: GET https://api.testnet.paradex.trade/v1/positions "HTTP/1.1 200 OK"
2026-07-24 08:06:08,921 [INFO] HTTP Request: GET https://api.testnet.paradex.trade/v1/bbo/BTC-USD-PERP "HTTP/1.1 200 OK"
2026-07-24 08:06:08,998 [INFO] HTTP Request: GET https://api.testnet.paradex.trade/v1/account "HTTP/1.1 200 OK"
2026-07-24 08:06:09,076 [INFO] HTTP Request: GET https://api.testnet.paradex.trade/v1/positions "HTTP/1.1 200 OK"
2026-07-24 08:06:11,172 [INFO] HTTP Request: GET https://api.testnet.paradex.trade/v1/bbo/BTC-USD-PERP "HTTP/1.1 200 OK"
2026-07-24 08:06:11,249 [INFO] HTTP Request: GET https://api.testnet.paradex.trade/v1/account "HTTP/1.1 200 OK"
2026-07-24 08:06:11,331 [INFO] HTTP Request: GET https://api.testnet.paradex.trade/v1/positions "HTTP/1.1 200 OK"
2026-07-24 08:06:13,405 [INFO] HTTP Request: GET https://api.testnet.paradex.trade/v1/bbo/BTC-USD-PERP "HTTP/1.1 200 OK"
2026-07-24 08:06:13,484 [INFO] HTTP Request: GET https://api.testnet.paradex.trade/v1/account "HTTP/1.1 200 OK"
2026-07-24 08:06:13,564 [INFO] HTTP Request: GET https://api.testnet.paradex.trade/v1/positions "HTTP/1.1 200 OK"
2026-07-24 08:06:15,659 [INFO] HTTP Request: GET https://api.testnet.paradex.trade/v1/bbo/BTC-USD-PERP "HTTP/1.1 200 OK"
2026-07-24 08:06:15,739 [INFO] HTTP Request: GET https://api.testnet.paradex.trade/v1/account "HTTP/1.1 200 OK"
2026-07-24 08:06:15,823 [INFO] HTTP Request: GET https://api.testnet.paradex.trade/v1/positions "HTTP/1.1 200 OK"
2026-07-24 08:06:17,903 [INFO] HTTP Request: GET https://api.testnet.paradex.trade/v1/bbo/BTC-USD-PERP "HTTP/1.1 200 OK"
2026-07-24 08:06:17,986 [INFO] HTTP Request: GET https://api.testnet.paradex.trade/v1/account "HTTP/1.1 200 OK"
2026-07-24 08:06:18,069 [INFO] HTTP Request: GET https://api.testnet.paradex.trade/v1/positions "HTTP/1.1 200 OK"
2026-07-24 08:06:20,174 [INFO] HTTP Request: GET https://api.testnet.paradex.trade/v1/bbo/BTC-USD-PERP "HTTP/1.1 200 OK"
2026-07-24 08:06:20,251 [INFO] HTTP Request: GET https://api.testnet.paradex.trade/v1/account "HTTP/1.1 200 OK"
2026-07-24 08:06:20,331 [INFO] HTTP Request: GET https://api.testnet.paradex.trade/v1/positions "HTTP/1.1 200 OK"
2026-07-24 08:06:22,430 [INFO] HTTP Request: GET https://api.testnet.paradex.trade/v1/bbo/BTC-USD-PERP "HTTP/1.1 200 OK"
2026-07-24 08:06:22,508 [INFO] HTTP Request: GET https://api.testnet.paradex.trade/v1/account "HTTP/1.1 200 OK"
2026-07-24 08:06:22,592 [INFO] HTTP Request: GET https://api.testnet.paradex.trade/v1/positions "HTTP/1.1 200 OK"
2026-07-24 08:06:24,671 [INFO] HTTP Request: GET https://api.testnet.paradex.trade/v1/bbo/BTC-USD-PERP "HTTP/1.1 200 OK"
2026-07-24 08:06:24,747 [INFO] HTTP Request: GET https://api.testnet.paradex.trade/v1/account "HTTP/1.1 200 OK"
2026-07-24 08:06:24,820 [INFO] HTTP Request: GET https://api.testnet.paradex.trade/v1/positions "HTTP/1.1 200 OK"
2026-07-24 08:06:26,903 [INFO] HTTP Request: GET https://api.testnet.paradex.trade/v1/bbo/BTC-USD-PERP "HTTP/1.1 200 OK"
2026-07-24 08:06:26,972 [INFO] HTTP Request: GET https://api.testnet.paradex.trade/v1/account "HTTP/1.1 200 OK"
2026-07-24 08:06:27,060 [INFO] HTTP Request: GET https://api.testnet.paradex.trade/v1/positions "HTTP/1.1 200 OK"
2026-07-24 08:06:29,138 [INFO] HTTP Request: GET https://api.testnet.paradex.trade/v1/bbo/BTC-USD-PERP "HTTP/1.1 200 OK"
2026-07-24 08:06:29,214 [INFO] HTTP Request: GET https://api.testnet.paradex.trade/v1/account "HTTP/1.1 200 OK"
2026-07-24 08:06:29,289 [INFO] HTTP Request: GET https://api.testnet.paradex.trade/v1/positions "HTTP/1.1 200 OK"
2026-07-24 08:06:31,370 [INFO] HTTP Request: GET https://api.testnet.paradex.trade/v1/bbo/BTC-USD-PERP "HTTP/1.1 200 OK"
2026-07-24 08:06:31,447 [INFO] HTTP Request: GET https://api.testnet.paradex.trade/v1/account "HTTP/1.1 200 OK"
2026-07-24 08:06:31,522 [INFO] HTTP Request: GET https://api.testnet.paradex.trade/v1/positions "HTTP/1.1 200 OK"
2026-07-24 08:06:33,605 [INFO] HTTP Request: GET https://api.testnet.paradex.trade/v1/bbo/BTC-USD-PERP "HTTP/1.1 200 OK"
2026-07-24 08:06:33,680 [INFO] HTTP Request: GET https://api.testnet.paradex.trade/v1/account "HTTP/1.1 200 OK"
2026-07-24 08:06:33,761 [INFO] HTTP Request: GET https://api.testnet.paradex.trade/v1/positions "HTTP/1.1 200 OK"
2026-07-24 08:06:35,836 [INFO] HTTP Request: GET https://api.testnet.paradex.trade/v1/bbo/BTC-USD-PERP "HTTP/1.1 200 OK"
2026-07-24 08:06:35,910 [INFO] HTTP Request: GET https://api.testnet.paradex.trade/v1/account "HTTP/1.1 200 OK"
2026-07-24 08:06:36,016 [INFO] HTTP Request: GET https://api.testnet.paradex.trade/v1/positions "HTTP/1.1 200 OK"
2026-07-24 08:06:38,108 [INFO] HTTP Request: GET https://api.testnet.paradex.trade/v1/bbo/BTC-USD-PERP "HTTP/1.1 200 OK"
2026-07-24 08:06:38,188 [INFO] HTTP Request: GET https://api.testnet.paradex.trade/v1/account "HTTP/1.1 200 OK"
2026-07-24 08:06:38,266 [INFO] HTTP Request: GET https://api.testnet.paradex.trade/v1/positions "HTTP/1.1 200 OK"
2026-07-24 08:06:40,347 [INFO] HTTP Request: GET https://api.testnet.paradex.trade/v1/bbo/BTC-USD-PERP "HTTP/1.1 200 OK"
2026-07-24 08:06:40,422 [INFO] HTTP Request: GET https://api.testnet.paradex.trade/v1/account "HTTP/1.1 200 OK"
2026-07-24 08:06:40,506 [INFO] HTTP Request: GET https://api.testnet.paradex.trade/v1/positions "HTTP/1.1 200 OK"
2026-07-24 08:06:42,588 [INFO] HTTP Request: GET https://api.testnet.paradex.trade/v1/bbo/BTC-USD-PERP "HTTP/1.1 200 OK"
2026-07-24 08:06:42,671 [INFO] HTTP Request: GET https://api.testnet.paradex.trade/v1/account "HTTP/1.1 200 OK"
2026-07-24 08:06:42,747 [INFO] HTTP Request: GET https://api.testnet.paradex.trade/v1/positions "HTTP/1.1 200 OK"
2026-07-24 08:06:44,819 [INFO] HTTP Request: GET https://api.testnet.paradex.trade/v1/bbo/BTC-USD-PERP "HTTP/1.1 200 OK"
2026-07-24 08:06:44,901 [INFO] HTTP Request: GET https://api.testnet.paradex.trade/v1/account "HTTP/1.1 200 OK"
2026-07-24 08:06:44,982 [INFO] HTTP Request: GET https://api.testnet.paradex.trade/v1/positions "HTTP/1.1 200 OK"
2026-07-24 08:06:47,056 [INFO] HTTP Request: GET https://api.testnet.paradex.trade/v1/bbo/BTC-USD-PERP "HTTP/1.1 200 OK"
2026-07-24 08:06:47,134 [INFO] HTTP Request: GET https://api.testnet.paradex.trade/v1/account "HTTP/1.1 200 OK"
2026-07-24 08:06:47,210 [INFO] HTTP Request: GET https://api.testnet.paradex.trade/v1/positions "HTTP/1.1 200 OK"
2026-07-24 08:06:49,280 [INFO] HTTP Request: GET https://api.testnet.paradex.trade/v1/bbo/BTC-USD-PERP "HTTP/1.1 200 OK"
2026-07-24 08:06:49,364 [INFO] HTTP Request: GET https://api.testnet.paradex.trade/v1/account "HTTP/1.1 200 OK"
2026-07-24 08:06:49,447 [INFO] HTTP Request: GET https://api.testnet.paradex.trade/v1/positions "HTTP/1.1 200 OK"
2026-07-24 08:06:51,521 [INFO] HTTP Request: GET https://api.testnet.paradex.trade/v1/bbo/BTC-USD-PERP "HTTP/1.1 200 OK"
2026-07-24 08:06:51,594 [INFO] HTTP Request: GET https://api.testnet.paradex.trade/v1/account "HTTP/1.1 200 OK"
2026-07-24 08:06:51,678 [INFO] HTTP Request: GET https://api.testnet.paradex.trade/v1/positions "HTTP/1.1 200 OK"
2026-07-24 08:06:53,754 [INFO] HTTP Request: GET https://api.testnet.paradex.trade/v1/bbo/BTC-USD-PERP "HTTP/1.1 200 OK"
2026-07-24 08:06:53,830 [INFO] HTTP Request: GET https://api.testnet.paradex.trade/v1/account "HTTP/1.1 200 OK"
2026-07-24 08:06:53,906 [INFO] HTTP Request: GET https://api.testnet.paradex.trade/v1/positions "HTTP/1.1 200 OK"
2026-07-24 08:06:55,971 [INFO] HTTP Request: GET https://api.testnet.paradex.trade/v1/bbo/BTC-USD-PERP "HTTP/1.1 200 OK"
2026-07-24 08:06:56,058 [INFO] HTTP Request: GET https://api.testnet.paradex.trade/v1/account "HTTP/1.1 200 OK"
2026-07-24 08:06:56,140 [INFO] HTTP Request: GET https://api.testnet.paradex.trade/v1/positions "HTTP/1.1 200 OK"
2026-07-24 08:06:58,225 [INFO] HTTP Request: GET https://api.testnet.paradex.trade/v1/bbo/BTC-USD-PERP "HTTP/1.1 200 OK"
2026-07-24 08:06:58,300 [INFO] HTTP Request: GET https://api.testnet.paradex.trade/v1/account "HTTP/1.1 200 OK"
2026-07-24 08:06:58,386 [INFO] HTTP Request: GET https://api.testnet.paradex.trade/v1/positions "HTTP/1.1 200 OK"
2026-07-24 08:07:00,485 [INFO] HTTP Request: GET https://api.testnet.paradex.trade/v1/bbo/BTC-USD-PERP "HTTP/1.1 200 OK"
2026-07-24 08:07:00,558 [INFO] HTTP Request: GET https://api.testnet.paradex.trade/v1/account "HTTP/1.1 200 OK"
2026-07-24 08:07:00,639 [INFO] HTTP Request: GET https://api.testnet.paradex.trade/v1/positions "HTTP/1.1 200 OK"
2026-07-24 08:07:02,706 [INFO] HTTP Request: GET https://api.testnet.paradex.trade/v1/bbo/BTC-USD-PERP "HTTP/1.1 200 OK"
2026-07-24 08:07:02,775 [INFO] HTTP Request: GET https://api.testnet.paradex.trade/v1/account "HTTP/1.1 200 OK"
2026-07-24 08:07:02,858 [INFO] HTTP Request: GET https://api.testnet.paradex.trade/v1/positions "HTTP/1.1 200 OK"
2026-07-24 08:07:04,938 [INFO] HTTP Request: GET https://api.testnet.paradex.trade/v1/bbo/BTC-USD-PERP "HTTP/1.1 200 OK"
2026-07-24 08:07:05,019 [INFO] HTTP Request: GET https://api.testnet.paradex.trade/v1/account "HTTP/1.1 200 OK"
2026-07-24 08:07:05,098 [INFO] HTTP Request: GET https://api.testnet.paradex.trade/v1/positions "HTTP/1.1 200 OK"
2026-07-24 08:07:07,188 [INFO] HTTP Request: GET https://api.testnet.paradex.trade/v1/bbo/BTC-USD-PERP "HTTP/1.1 200 OK"
2026-07-24 08:07:07,267 [INFO] HTTP Request: GET https://api.testnet.paradex.trade/v1/account "HTTP/1.1 200 OK"
2026-07-24 08:07:07,350 [INFO] HTTP Request: GET https://api.testnet.paradex.trade/v1/positions "HTTP/1.1 200 OK"
2026-07-24 08:07:09,440 [INFO] HTTP Request: GET https://api.testnet.paradex.trade/v1/bbo/BTC-USD-PERP "HTTP/1.1 200 OK"
2026-07-24 08:07:09,514 [INFO] HTTP Request: GET https://api.testnet.paradex.trade/v1/account "HTTP/1.1 200 OK"
2026-07-24 08:07:09,601 [INFO] HTTP Request: GET https://api.testnet.paradex.trade/v1/positions "HTTP/1.1 200 OK"
2026-07-24 08:07:11,686 [INFO] HTTP Request: GET https://api.testnet.paradex.trade/v1/bbo/BTC-USD-PERP "HTTP/1.1 200 OK"
2026-07-24 08:07:11,765 [INFO] HTTP Request: GET https://api.testnet.paradex.trade/v1/account "HTTP/1.1 200 OK"
2026-07-24 08:07:11,852 [INFO] HTTP Request: GET https://api.testnet.paradex.trade/v1/positions "HTTP/1.1 200 OK"
2026-07-24 08:07:13,939 [INFO] HTTP Request: GET https://api.testnet.paradex.trade/v1/bbo/BTC-USD-PERP "HTTP/1.1 200 OK"
2026-07-24 08:07:14,025 [INFO] HTTP Request: GET https://api.testnet.paradex.trade/v1/account "HTTP/1.1 200 OK"
2026-07-24 08:07:14,106 [INFO] HTTP Request: GET https://api.testnet.paradex.trade/v1/positions "HTTP/1.1 200 OK"
2026-07-24 08:07:16,186 [INFO] HTTP Request: GET https://api.testnet.paradex.trade/v1/bbo/BTC-USD-PERP "HTTP/1.1 200 OK"
2026-07-24 08:07:16,256 [INFO] HTTP Request: GET https://api.testnet.paradex.trade/v1/account "HTTP/1.1 200 OK"
2026-07-24 08:07:16,339 [INFO] HTTP Request: GET https://api.testnet.paradex.trade/v1/positions "HTTP/1.1 200 OK"
2026-07-24 08:07:18,420 [INFO] HTTP Request: GET https://api.testnet.paradex.trade/v1/bbo/BTC-USD-PERP "HTTP/1.1 200 OK"
2026-07-24 08:07:18,497 [INFO] HTTP Request: GET https://api.testnet.paradex.trade/v1/account "HTTP/1.1 200 OK"
2026-07-24 08:07:18,581 [INFO] HTTP Request: GET https://api.testnet.paradex.trade/v1/positions "HTTP/1.1 200 OK"
2026-07-24 08:07:20,683 [INFO] HTTP Request: GET https://api.testnet.paradex.trade/v1/bbo/BTC-USD-PERP "HTTP/1.1 200 OK"
2026-07-24 08:07:20,759 [INFO] HTTP Request: GET https://api.testnet.paradex.trade/v1/account "HTTP/1.1 200 OK"
2026-07-24 08:07:20,835 [INFO] HTTP Request: GET https://api.testnet.paradex.trade/v1/positions "HTTP/1.1 200 OK"
2026-07-24 08:07:22,888 [INFO] HTTP Request: GET https://api.testnet.paradex.trade/v1/bbo/BTC-USD-PERP "HTTP/1.1 200 OK"
2026-07-24 08:07:22,971 [INFO] HTTP Request: GET https://api.testnet.paradex.trade/v1/account "HTTP/1.1 200 OK"
2026-07-24 08:07:23,070 [INFO] HTTP Request: GET https://api.testnet.paradex.trade/v1/positions "HTTP/1.1 200 OK"
2026-07-24 08:07:25,155 [INFO] HTTP Request: GET https://api.testnet.paradex.trade/v1/bbo/BTC-USD-PERP "HTTP/1.1 200 OK"
2026-07-24 08:07:25,234 [INFO] HTTP Request: GET https://api.testnet.paradex.trade/v1/account "HTTP/1.1 200 OK"
2026-07-24 08:07:25,326 [INFO] HTTP Request: GET https://api.testnet.paradex.trade/v1/positions "HTTP/1.1 200 OK"
2026-07-24 08:07:27,405 [INFO] HTTP Request: GET https://api.testnet.paradex.trade/v1/bbo/BTC-USD-PERP "HTTP/1.1 200 OK"
2026-07-24 08:07:27,481 [INFO] HTTP Request: GET https://api.testnet.paradex.trade/v1/account "HTTP/1.1 200 OK"
2026-07-24 08:07:27,565 [INFO] HTTP Request: GET https://api.testnet.paradex.trade/v1/positions "HTTP/1.1 200 OK"
2026-07-24 08:07:29,655 [INFO] HTTP Request: GET https://api.testnet.paradex.trade/v1/bbo/BTC-USD-PERP "HTTP/1.1 200 OK"
2026-07-24 08:07:29,731 [INFO] HTTP Request: GET https://api.testnet.paradex.trade/v1/account "HTTP/1.1 200 OK"
2026-07-24 08:07:29,809 [INFO] HTTP Request: GET https://api.testnet.paradex.trade/v1/positions "HTTP/1.1 200 OK"
2026-07-24 08:07:31,886 [INFO] HTTP Request: GET https://api.testnet.paradex.trade/v1/bbo/BTC-USD-PERP "HTTP/1.1 200 OK"
2026-07-24 08:07:31,962 [INFO] HTTP Request: GET https://api.testnet.paradex.trade/v1/account "HTTP/1.1 200 OK"
2026-07-24 08:07:32,041 [INFO] HTTP Request: GET https://api.testnet.paradex.trade/v1/positions "HTTP/1.1 200 OK"
2026-07-24 08:07:34,120 [INFO] HTTP Request: GET https://api.testnet.paradex.trade/v1/bbo/BTC-USD-PERP "HTTP/1.1 200 OK"
2026-07-24 08:07:34,195 [INFO] HTTP Request: GET https://api.testnet.paradex.trade/v1/account "HTTP/1.1 200 OK"
2026-07-24 08:07:34,276 [INFO] HTTP Request: GET https://api.testnet.paradex.trade/v1/positions "HTTP/1.1 200 OK"
2026-07-24 08:07:36,356 [INFO] HTTP Request: GET https://api.testnet.paradex.trade/v1/bbo/BTC-USD-PERP "HTTP/1.1 200 OK"
2026-07-24 08:07:36,431 [INFO] HTTP Request: GET https://api.testnet.paradex.trade/v1/account "HTTP/1.1 200 OK"
2026-07-24 08:07:36,510 [INFO] HTTP Request: GET https://api.testnet.paradex.trade/v1/positions "HTTP/1.1 200 OK"
2026-07-24 08:07:38,591 [INFO] HTTP Request: GET https://api.testnet.paradex.trade/v1/bbo/BTC-USD-PERP "HTTP/1.1 200 OK"
2026-07-24 08:07:38,666 [INFO] HTTP Request: GET https://api.testnet.paradex.trade/v1/account "HTTP/1.1 200 OK"
2026-07-24 08:07:38,741 [INFO] HTTP Request: GET https://api.testnet.paradex.trade/v1/positions "HTTP/1.1 200 OK"
2026-07-24 08:07:40,823 [INFO] HTTP Request: GET https://api.testnet.paradex.trade/v1/bbo/BTC-USD-PERP "HTTP/1.1 200 OK"
2026-07-24 08:07:40,898 [INFO] HTTP Request: GET https://api.testnet.paradex.trade/v1/account "HTTP/1.1 200 OK"
2026-07-24 08:07:40,980 [INFO] HTTP Request: GET https://api.testnet.paradex.trade/v1/positions "HTTP/1.1 200 OK"
2026-07-24 08:07:43,051 [INFO] HTTP Request: GET https://api.testnet.paradex.trade/v1/bbo/BTC-USD-PERP "HTTP/1.1 200 OK"
2026-07-24 08:07:43,134 [INFO] HTTP Request: GET https://api.testnet.paradex.trade/v1/account "HTTP/1.1 200 OK"
2026-07-24 08:07:43,217 [INFO] HTTP Request: GET https://api.testnet.paradex.trade/v1/positions "HTTP/1.1 200 OK"
2026-07-24 08:07:45,289 [INFO] HTTP Request: GET https://api.testnet.paradex.trade/v1/bbo/BTC-USD-PERP "HTTP/1.1 200 OK"
2026-07-24 08:07:45,372 [INFO] HTTP Request: GET https://api.testnet.paradex.trade/v1/account "HTTP/1.1 200 OK"
2026-07-24 08:07:45,454 [INFO] HTTP Request: GET https://api.testnet.paradex.trade/v1/positions "HTTP/1.1 200 OK"
2026-07-24 08:07:47,521 [INFO] HTTP Request: GET https://api.testnet.paradex.trade/v1/bbo/BTC-USD-PERP "HTTP/1.1 200 OK"
2026-07-24 08:07:47,592 [INFO] HTTP Request: GET https://api.testnet.paradex.trade/v1/account "HTTP/1.1 200 OK"
2026-07-24 08:07:47,675 [INFO] HTTP Request: GET https://api.testnet.paradex.trade/v1/positions "HTTP/1.1 200 OK"
2026-07-24 08:07:49,753 [INFO] HTTP Request: GET https://api.testnet.paradex.trade/v1/bbo/BTC-USD-PERP "HTTP/1.1 200 OK"
2026-07-24 08:07:49,832 [INFO] HTTP Request: GET https://api.testnet.paradex.trade/v1/account "HTTP/1.1 200 OK"
2026-07-24 08:07:49,915 [INFO] HTTP Request: GET https://api.testnet.paradex.trade/v1/positions "HTTP/1.1 200 OK"
2026-07-24 08:07:51,990 [INFO] HTTP Request: GET https://api.testnet.paradex.trade/v1/bbo/BTC-USD-PERP "HTTP/1.1 200 OK"
2026-07-24 08:07:52,064 [INFO] HTTP Request: GET https://api.testnet.paradex.trade/v1/account "HTTP/1.1 200 OK"
2026-07-24 08:07:52,147 [INFO] HTTP Request: GET https://api.testnet.paradex.trade/v1/positions "HTTP/1.1 200 OK"
2026-07-24 08:07:54,222 [INFO] HTTP Request: GET https://api.testnet.paradex.trade/v1/bbo/BTC-USD-PERP "HTTP/1.1 200 OK"
2026-07-24 08:07:54,302 [INFO] HTTP Request: GET https://api.testnet.paradex.trade/v1/account "HTTP/1.1 200 OK"
2026-07-24 08:07:54,392 [INFO] HTTP Request: GET https://api.testnet.paradex.trade/v1/positions "HTTP/1.1 200 OK"
2026-07-24 08:07:56,470 [INFO] HTTP Request: GET https://api.testnet.paradex.trade/v1/bbo/BTC-USD-PERP "HTTP/1.1 200 OK"
2026-07-24 08:07:56,553 [INFO] HTTP Request: GET https://api.testnet.paradex.trade/v1/account "HTTP/1.1 200 OK"
2026-07-24 08:07:56,630 [INFO] HTTP Request: GET https://api.testnet.paradex.trade/v1/positions "HTTP/1.1 200 OK"
2026-07-24 08:07:58,719 [INFO] HTTP Request: GET https://api.testnet.paradex.trade/v1/bbo/BTC-USD-PERP "HTTP/1.1 200 OK"
2026-07-24 08:07:58,794 [INFO] HTTP Request: GET https://api.testnet.paradex.trade/v1/account "HTTP/1.1 200 OK"
2026-07-24 08:07:58,873 [INFO] HTTP Request: GET https://api.testnet.paradex.trade/v1/positions "HTTP/1.1 200 OK"
2026-07-24 08:08:00,948 [INFO] HTTP Request: GET https://api.testnet.paradex.trade/v1/bbo/BTC-USD-PERP "HTTP/1.1 200 OK"
2026-07-24 08:08:01,027 [INFO] HTTP Request: GET https://api.testnet.paradex.trade/v1/account "HTTP/1.1 200 OK"
2026-07-24 08:08:01,107 [INFO] HTTP Request: GET https://api.testnet.paradex.trade/v1/positions "HTTP/1.1 200 OK"
2026-07-24 08:08:03,209 [INFO] HTTP Request: GET https://api.testnet.paradex.trade/v1/bbo/BTC-USD-PERP "HTTP/1.1 200 OK"
2026-07-24 08:08:03,287 [INFO] HTTP Request: GET https://api.testnet.paradex.trade/v1/account "HTTP/1.1 200 OK"
2026-07-24 08:08:03,367 [INFO] HTTP Request: GET https://api.testnet.paradex.trade/v1/positions "HTTP/1.1 200 OK"
2026-07-24 08:08:05,437 [INFO] HTTP Request: GET https://api.testnet.paradex.trade/v1/bbo/BTC-USD-PERP "HTTP/1.1 200 OK"
2026-07-24 08:08:05,514 [INFO] HTTP Request: GET https://api.testnet.paradex.trade/v1/account "HTTP/1.1 200 OK"
2026-07-24 08:08:05,590 [INFO] HTTP Request: GET https://api.testnet.paradex.trade/v1/positions "HTTP/1.1 200 OK"
2026-07-24 08:08:07,684 [INFO] HTTP Request: GET https://api.testnet.paradex.trade/v1/bbo/BTC-USD-PERP "HTTP/1.1 200 OK"
2026-07-24 08:08:07,760 [INFO] HTTP Request: GET https://api.testnet.paradex.trade/v1/account "HTTP/1.1 200 OK"
2026-07-24 08:08:07,842 [INFO] HTTP Request: GET https://api.testnet.paradex.trade/v1/positions "HTTP/1.1 200 OK"
2026-07-24 08:08:09,920 [INFO] HTTP Request: GET https://api.testnet.paradex.trade/v1/bbo/BTC-USD-PERP "HTTP/1.1 200 OK"
2026-07-24 08:08:09,992 [INFO] HTTP Request: GET https://api.testnet.paradex.trade/v1/account "HTTP/1.1 200 OK"
2026-07-24 08:08:10,075 [INFO] HTTP Request: GET https://api.testnet.paradex.trade/v1/positions "HTTP/1.1 200 OK"
2026-07-24 08:08:12,156 [INFO] HTTP Request: GET https://api.testnet.paradex.trade/v1/bbo/BTC-USD-PERP "HTTP/1.1 200 OK"
2026-07-24 08:08:12,232 [INFO] HTTP Request: GET https://api.testnet.paradex.trade/v1/account "HTTP/1.1 200 OK"
2026-07-24 08:08:12,308 [INFO] HTTP Request: GET https://api.testnet.paradex.trade/v1/positions "HTTP/1.1 200 OK"
2026-07-24 08:08:14,389 [INFO] HTTP Request: GET https://api.testnet.paradex.trade/v1/bbo/BTC-USD-PERP "HTTP/1.1 200 OK"
2026-07-24 08:08:14,467 [INFO] HTTP Request: GET https://api.testnet.paradex.trade/v1/account "HTTP/1.1 200 OK"
2026-07-24 08:08:14,552 [INFO] HTTP Request: GET https://api.testnet.paradex.trade/v1/positions "HTTP/1.1 200 OK"
2026-07-24 08:08:16,638 [INFO] HTTP Request: GET https://api.testnet.paradex.trade/v1/bbo/BTC-USD-PERP "HTTP/1.1 200 OK"
2026-07-24 08:08:16,714 [INFO] HTTP Request: GET https://api.testnet.paradex.trade/v1/account "HTTP/1.1 200 OK"
2026-07-24 08:08:16,792 [INFO] HTTP Request: GET https://api.testnet.paradex.trade/v1/positions "HTTP/1.1 200 OK"
2026-07-24 08:08:18,872 [INFO] HTTP Request: GET https://api.testnet.paradex.trade/v1/bbo/BTC-USD-PERP "HTTP/1.1 200 OK"
2026-07-24 08:08:18,949 [INFO] HTTP Request: GET https://api.testnet.paradex.trade/v1/account "HTTP/1.1 200 OK"
2026-07-24 08:08:19,030 [INFO] HTTP Request: GET https://api.testnet.paradex.trade/v1/positions "HTTP/1.1 200 OK"
2026-07-24 08:08:21,122 [INFO] HTTP Request: GET https://api.testnet.paradex.trade/v1/bbo/BTC-USD-PERP "HTTP/1.1 200 OK"
2026-07-24 08:08:21,197 [INFO] HTTP Request: GET https://api.testnet.paradex.trade/v1/account "HTTP/1.1 200 OK"
2026-07-24 08:08:21,274 [INFO] HTTP Request: GET https://api.testnet.paradex.trade/v1/positions "HTTP/1.1 200 OK"
2026-07-24 08:08:23,356 [INFO] HTTP Request: GET https://api.testnet.paradex.trade/v1/bbo/BTC-USD-PERP "HTTP/1.1 200 OK"
2026-07-24 08:08:23,431 [INFO] HTTP Request: GET https://api.testnet.paradex.trade/v1/account "HTTP/1.1 200 OK"
2026-07-24 08:08:23,511 [INFO] HTTP Request: GET https://api.testnet.paradex.trade/v1/positions "HTTP/1.1 200 OK"
2026-07-24 08:08:25,589 [INFO] HTTP Request: GET https://api.testnet.paradex.trade/v1/bbo/BTC-USD-PERP "HTTP/1.1 200 OK"
2026-07-24 08:08:25,664 [INFO] HTTP Request: GET https://api.testnet.paradex.trade/v1/account "HTTP/1.1 200 OK"
2026-07-24 08:08:25,742 [INFO] HTTP Request: GET https://api.testnet.paradex.trade/v1/positions "HTTP/1.1 200 OK"
2026-07-24 08:08:27,822 [INFO] HTTP Request: GET https://api.testnet.paradex.trade/v1/bbo/BTC-USD-PERP "HTTP/1.1 200 OK"
2026-07-24 08:08:27,898 [INFO] HTTP Request: GET https://api.testnet.paradex.trade/v1/account "HTTP/1.1 200 OK"
2026-07-24 08:08:27,975 [INFO] HTTP Request: GET https://api.testnet.paradex.trade/v1/positions "HTTP/1.1 200 OK"
2026-07-24 08:08:30,058 [INFO] HTTP Request: GET https://api.testnet.paradex.trade/v1/bbo/BTC-USD-PERP "HTTP/1.1 200 OK"
2026-07-24 08:08:30,147 [INFO] HTTP Request: GET https://api.testnet.paradex.trade/v1/account "HTTP/1.1 200 OK"
2026-07-24 08:08:30,225 [INFO] HTTP Request: GET https://api.testnet.paradex.trade/v1/positions "HTTP/1.1 200 OK"
2026-07-24 08:08:32,305 [INFO] HTTP Request: GET https://api.testnet.paradex.trade/v1/bbo/BTC-USD-PERP "HTTP/1.1 200 OK"
2026-07-24 08:08:32,381 [INFO] HTTP Request: GET https://api.testnet.paradex.trade/v1/account "HTTP/1.1 200 OK"
2026-07-24 08:08:32,464 [INFO] HTTP Request: GET https://api.testnet.paradex.trade/v1/positions "HTTP/1.1 200 OK"
2026-07-24 08:08:34,538 [INFO] HTTP Request: GET https://api.testnet.paradex.trade/v1/bbo/BTC-USD-PERP "HTTP/1.1 200 OK"
2026-07-24 08:08:34,614 [INFO] HTTP Request: GET https://api.testnet.paradex.trade/v1/account "HTTP/1.1 200 OK"
2026-07-24 08:08:34,703 [INFO] HTTP Request: GET https://api.testnet.paradex.trade/v1/positions "HTTP/1.1 200 OK"
2026-07-24 08:08:36,791 [INFO] HTTP Request: GET https://api.testnet.paradex.trade/v1/bbo/BTC-USD-PERP "HTTP/1.1 200 OK"
2026-07-24 08:08:36,874 [INFO] HTTP Request: GET https://api.testnet.paradex.trade/v1/account "HTTP/1.1 200 OK"
2026-07-24 08:08:36,958 [INFO] HTTP Request: GET https://api.testnet.paradex.trade/v1/positions "HTTP/1.1 200 OK"
2026-07-24 08:08:39,040 [INFO] HTTP Request: GET https://api.testnet.paradex.trade/v1/bbo/BTC-USD-PERP "HTTP/1.1 200 OK"
2026-07-24 08:08:39,114 [INFO] HTTP Request: GET https://api.testnet.paradex.trade/v1/account "HTTP/1.1 200 OK"
2026-07-24 08:08:39,191 [INFO] HTTP Request: GET https://api.testnet.paradex.trade/v1/positions "HTTP/1.1 200 OK"
2026-07-24 08:08:41,272 [INFO] HTTP Request: GET https://api.testnet.paradex.trade/v1/bbo/BTC-USD-PERP "HTTP/1.1 200 OK"
2026-07-24 08:08:41,372 [INFO] HTTP Request: GET https://api.testnet.paradex.trade/v1/account "HTTP/1.1 200 OK"
2026-07-24 08:08:41,461 [INFO] HTTP Request: GET https://api.testnet.paradex.trade/v1/positions "HTTP/1.1 200 OK"
2026-07-24 08:08:43,538 [INFO] HTTP Request: GET https://api.testnet.paradex.trade/v1/bbo/BTC-USD-PERP "HTTP/1.1 200 OK"
2026-07-24 08:08:43,618 [INFO] HTTP Request: GET https://api.testnet.paradex.trade/v1/account "HTTP/1.1 200 OK"
2026-07-24 08:08:43,702 [INFO] HTTP Request: GET https://api.testnet.paradex.trade/v1/positions "HTTP/1.1 200 OK"
2026-07-24 08:08:45,790 [INFO] HTTP Request: GET https://api.testnet.paradex.trade/v1/bbo/BTC-USD-PERP "HTTP/1.1 200 OK"
2026-07-24 08:08:45,873 [INFO] HTTP Request: GET https://api.testnet.paradex.trade/v1/account "HTTP/1.1 200 OK"
2026-07-24 08:08:45,952 [INFO] HTTP Request: GET https://api.testnet.paradex.trade/v1/positions "HTTP/1.1 200 OK"
2026-07-24 08:08:48,061 [INFO] HTTP Request: GET https://api.testnet.paradex.trade/v1/bbo/BTC-USD-PERP "HTTP/1.1 200 OK"
2026-07-24 08:08:48,175 [INFO] HTTP Request: POST https://api.testnet.paradex.trade/v1/auth/0x355512bacffd591ee8f52264d0c35a334dc7f659fa23e344a3364e9201a8343 "HTTP/1.1 200 OK"
2026-07-24 08:08:48,259 [INFO] HTTP Request: GET https://api.testnet.paradex.trade/v1/account "HTTP/1.1 200 OK"
2026-07-24 08:08:48,351 [INFO] HTTP Request: GET https://api.testnet.paradex.trade/v1/positions "HTTP/1.1 200 OK"
2026-07-24 08:08:50,436 [INFO] HTTP Request: GET https://api.testnet.paradex.trade/v1/bbo/BTC-USD-PERP "HTTP/1.1 200 OK"
2026-07-24 08:08:50,512 [INFO] HTTP Request: GET https://api.testnet.paradex.trade/v1/account "HTTP/1.1 200 OK"
2026-07-24 08:08:50,592 [INFO] HTTP Request: GET https://api.testnet.paradex.trade/v1/positions "HTTP/1.1 200 OK"
2026-07-24 08:08:52,667 [INFO] HTTP Request: GET https://api.testnet.paradex.trade/v1/bbo/BTC-USD-PERP "HTTP/1.1 200 OK"
2026-07-24 08:08:52,743 [INFO] HTTP Request: GET https://api.testnet.paradex.trade/v1/account "HTTP/1.1 200 OK"
2026-07-24 08:08:52,822 [INFO] HTTP Request: GET https://api.testnet.paradex.trade/v1/positions "HTTP/1.1 200 OK"
2026-07-24 08:08:54,926 [INFO] HTTP Request: GET https://api.testnet.paradex.trade/v1/bbo/BTC-USD-PERP "HTTP/1.1 200 OK"
2026-07-24 08:08:55,006 [INFO] HTTP Request: GET https://api.testnet.paradex.trade/v1/account "HTTP/1.1 200 OK"
2026-07-24 08:08:55,083 [INFO] HTTP Request: GET https://api.testnet.paradex.trade/v1/positions "HTTP/1.1 200 OK"
2026-07-24 08:08:57,165 [INFO] HTTP Request: GET https://api.testnet.paradex.trade/v1/bbo/BTC-USD-PERP "HTTP/1.1 200 OK"
2026-07-24 08:08:57,240 [INFO] HTTP Request: GET https://api.testnet.paradex.trade/v1/account "HTTP/1.1 200 OK"
2026-07-24 08:08:57,320 [INFO] HTTP Request: GET https://api.testnet.paradex.trade/v1/positions "HTTP/1.1 200 OK"
2026-07-24 08:08:59,402 [INFO] HTTP Request: GET https://api.testnet.paradex.trade/v1/bbo/BTC-USD-PERP "HTTP/1.1 200 OK"
2026-07-24 08:08:59,484 [INFO] HTTP Request: GET https://api.testnet.paradex.trade/v1/account "HTTP/1.1 200 OK"
2026-07-24 08:08:59,560 [INFO] HTTP Request: GET https://api.testnet.paradex.trade/v1/positions "HTTP/1.1 200 OK"
2026-07-24 08:09:01,659 [INFO] HTTP Request: GET https://api.testnet.paradex.trade/v1/bbo/BTC-USD-PERP "HTTP/1.1 200 OK"
2026-07-24 08:09:01,736 [INFO] HTTP Request: GET https://api.testnet.paradex.trade/v1/account "HTTP/1.1 200 OK"
2026-07-24 08:09:01,825 [INFO] HTTP Request: GET https://api.testnet.paradex.trade/v1/positions "HTTP/1.1 200 OK"
2026-07-24 08:09:03,907 [INFO] HTTP Request: GET https://api.testnet.paradex.trade/v1/bbo/BTC-USD-PERP "HTTP/1.1 200 OK"
2026-07-24 08:09:03,981 [INFO] HTTP Request: GET https://api.testnet.paradex.trade/v1/account "HTTP/1.1 200 OK"
2026-07-24 08:09:04,067 [INFO] HTTP Request: GET https://api.testnet.paradex.trade/v1/positions "HTTP/1.1 200 OK"
2026-07-24 08:09:06,156 [INFO] HTTP Request: GET https://api.testnet.paradex.trade/v1/bbo/BTC-USD-PERP "HTTP/1.1 200 OK"
2026-07-24 08:09:06,232 [INFO] HTTP Request: GET https://api.testnet.paradex.trade/v1/account "HTTP/1.1 200 OK"
2026-07-24 08:09:06,311 [INFO] HTTP Request: GET https://api.testnet.paradex.trade/v1/positions "HTTP/1.1 200 OK"
2026-07-24 08:09:08,381 [INFO] HTTP Request: GET https://api.testnet.paradex.trade/v1/bbo/BTC-USD-PERP "HTTP/1.1 200 OK"
2026-07-24 08:09:08,455 [INFO] HTTP Request: GET https://api.testnet.paradex.trade/v1/account "HTTP/1.1 200 OK"
2026-07-24 08:09:08,536 [INFO] HTTP Request: GET https://api.testnet.paradex.trade/v1/positions "HTTP/1.1 200 OK"
2026-07-24 08:09:10,630 [INFO] HTTP Request: GET https://api.testnet.paradex.trade/v1/bbo/BTC-USD-PERP "HTTP/1.1 200 OK"
2026-07-24 08:09:10,712 [INFO] HTTP Request: GET https://api.testnet.paradex.trade/v1/account "HTTP/1.1 200 OK"
2026-07-24 08:09:10,788 [INFO] HTTP Request: GET https://api.testnet.paradex.trade/v1/positions "HTTP/1.1 200 OK"
2026-07-24 08:09:12,871 [INFO] HTTP Request: GET https://api.testnet.paradex.trade/v1/bbo/BTC-USD-PERP "HTTP/1.1 200 OK"
2026-07-24 08:09:12,959 [INFO] HTTP Request: GET https://api.testnet.paradex.trade/v1/account "HTTP/1.1 200 OK"
2026-07-24 08:09:13,042 [INFO] HTTP Request: GET https://api.testnet.paradex.trade/v1/positions "HTTP/1.1 200 OK"
2026-07-24 08:09:15,122 [INFO] HTTP Request: GET https://api.testnet.paradex.trade/v1/bbo/BTC-USD-PERP "HTTP/1.1 200 OK"
2026-07-24 08:09:15,199 [INFO] HTTP Request: GET https://api.testnet.paradex.trade/v1/account "HTTP/1.1 200 OK"
2026-07-24 08:09:15,276 [INFO] HTTP Request: GET https://api.testnet.paradex.trade/v1/positions "HTTP/1.1 200 OK"
2026-07-24 08:09:17,355 [INFO] HTTP Request: GET https://api.testnet.paradex.trade/v1/bbo/BTC-USD-PERP "HTTP/1.1 200 OK"
2026-07-24 08:09:17,441 [INFO] HTTP Request: GET https://api.testnet.paradex.trade/v1/account "HTTP/1.1 200 OK"
2026-07-24 08:09:17,526 [INFO] HTTP Request: GET https://api.testnet.paradex.trade/v1/positions "HTTP/1.1 200 OK"
2026-07-24 08:09:19,619 [INFO] HTTP Request: GET https://api.testnet.paradex.trade/v1/bbo/BTC-USD-PERP "HTTP/1.1 200 OK"
2026-07-24 08:09:19,695 [INFO] HTTP Request: GET https://api.testnet.paradex.trade/v1/account "HTTP/1.1 200 OK"
2026-07-24 08:09:19,781 [INFO] HTTP Request: GET https://api.testnet.paradex.trade/v1/positions "HTTP/1.1 200 OK"
2026-07-24 08:09:21,851 [INFO] HTTP Request: GET https://api.testnet.paradex.trade/v1/bbo/BTC-USD-PERP "HTTP/1.1 200 OK"
2026-07-24 08:09:21,926 [INFO] HTTP Request: GET https://api.testnet.paradex.trade/v1/account "HTTP/1.1 200 OK"
2026-07-24 08:09:22,003 [INFO] HTTP Request: GET https://api.testnet.paradex.trade/v1/positions "HTTP/1.1 200 OK"
2026-07-24 08:09:24,080 [INFO] HTTP Request: GET https://api.testnet.paradex.trade/v1/bbo/BTC-USD-PERP "HTTP/1.1 200 OK"
2026-07-24 08:09:24,154 [INFO] HTTP Request: GET https://api.testnet.paradex.trade/v1/account "HTTP/1.1 200 OK"
2026-07-24 08:09:24,235 [INFO] HTTP Request: GET https://api.testnet.paradex.trade/v1/positions "HTTP/1.1 200 OK"
2026-07-24 08:09:26,316 [INFO] HTTP Request: GET https://api.testnet.paradex.trade/v1/bbo/BTC-USD-PERP "HTTP/1.1 200 OK"
2026-07-24 08:09:26,391 [INFO] HTTP Request: GET https://api.testnet.paradex.trade/v1/account "HTTP/1.1 200 OK"
2026-07-24 08:09:26,474 [INFO] HTTP Request: GET https://api.testnet.paradex.trade/v1/positions "HTTP/1.1 200 OK"
2026-07-24 08:09:28,551 [INFO] HTTP Request: GET https://api.testnet.paradex.trade/v1/bbo/BTC-USD-PERP "HTTP/1.1 200 OK"
2026-07-24 08:09:28,634 [INFO] HTTP Request: GET https://api.testnet.paradex.trade/v1/account "HTTP/1.1 200 OK"
2026-07-24 08:09:28,716 [INFO] HTTP Request: GET https://api.testnet.paradex.trade/v1/positions "HTTP/1.1 200 OK"
2026-07-24 08:09:30,793 [INFO] HTTP Request: GET https://api.testnet.paradex.trade/v1/bbo/BTC-USD-PERP "HTTP/1.1 200 OK"
2026-07-24 08:09:30,869 [INFO] HTTP Request: GET https://api.testnet.paradex.trade/v1/account "HTTP/1.1 200 OK"
2026-07-24 08:09:30,948 [INFO] HTTP Request: GET https://api.testnet.paradex.trade/v1/positions "HTTP/1.1 200 OK"
2026-07-24 08:09:33,025 [INFO] HTTP Request: GET https://api.testnet.paradex.trade/v1/bbo/BTC-USD-PERP "HTTP/1.1 200 OK"
2026-07-24 08:09:33,100 [INFO] HTTP Request: GET https://api.testnet.paradex.trade/v1/account "HTTP/1.1 200 OK"
2026-07-24 08:09:33,181 [INFO] HTTP Request: GET https://api.testnet.paradex.trade/v1/positions "HTTP/1.1 200 OK"
2026-07-24 08:09:35,255 [INFO] HTTP Request: GET https://api.testnet.paradex.trade/v1/bbo/BTC-USD-PERP "HTTP/1.1 200 OK"
2026-07-24 08:09:35,331 [INFO] HTTP Request: GET https://api.testnet.paradex.trade/v1/account "HTTP/1.1 200 OK"
2026-07-24 08:09:35,411 [INFO] HTTP Request: GET https://api.testnet.paradex.trade/v1/positions "HTTP/1.1 200 OK"
2026-07-24 08:09:37,488 [INFO] HTTP Request: GET https://api.testnet.paradex.trade/v1/bbo/BTC-USD-PERP "HTTP/1.1 200 OK"
2026-07-24 08:09:37,574 [INFO] HTTP Request: GET https://api.testnet.paradex.trade/v1/account "HTTP/1.1 200 OK"
2026-07-24 08:09:37,653 [INFO] HTTP Request: GET https://api.testnet.paradex.trade/v1/positions "HTTP/1.1 200 OK"
2026-07-24 08:09:39,723 [INFO] HTTP Request: GET https://api.testnet.paradex.trade/v1/bbo/BTC-USD-PERP "HTTP/1.1 200 OK"
2026-07-24 08:09:39,797 [INFO] HTTP Request: GET https://api.testnet.paradex.trade/v1/account "HTTP/1.1 200 OK"
2026-07-24 08:09:39,873 [INFO] HTTP Request: GET https://api.testnet.paradex.trade/v1/positions "HTTP/1.1 200 OK"
2026-07-24 08:09:41,954 [INFO] HTTP Request: GET https://api.testnet.paradex.trade/v1/bbo/BTC-USD-PERP "HTTP/1.1 200 OK"
2026-07-24 08:09:42,040 [INFO] HTTP Request: GET https://api.testnet.paradex.trade/v1/account "HTTP/1.1 200 OK"
2026-07-24 08:09:42,123 [INFO] HTTP Request: GET https://api.testnet.paradex.trade/v1/positions "HTTP/1.1 200 OK"
2026-07-24 08:09:44,189 [INFO] HTTP Request: GET https://api.testnet.paradex.trade/v1/bbo/BTC-USD-PERP "HTTP/1.1 200 OK"
2026-07-24 08:09:44,267 [INFO] HTTP Request: GET https://api.testnet.paradex.trade/v1/account "HTTP/1.1 200 OK"
2026-07-24 08:09:44,356 [INFO] HTTP Request: GET https://api.testnet.paradex.trade/v1/positions "HTTP/1.1 200 OK"
2026-07-24 08:09:46,423 [INFO] HTTP Request: GET https://api.testnet.paradex.trade/v1/bbo/BTC-USD-PERP "HTTP/1.1 200 OK"
2026-07-24 08:09:46,499 [INFO] HTTP Request: GET https://api.testnet.paradex.trade/v1/account "HTTP/1.1 200 OK"
2026-07-24 08:09:46,575 [INFO] HTTP Request: GET https://api.testnet.paradex.trade/v1/positions "HTTP/1.1 200 OK"
2026-07-24 08:09:48,657 [INFO] HTTP Request: GET https://api.testnet.paradex.trade/v1/bbo/BTC-USD-PERP "HTTP/1.1 200 OK"
2026-07-24 08:09:48,742 [INFO] HTTP Request: GET https://api.testnet.paradex.trade/v1/account "HTTP/1.1 200 OK"
2026-07-24 08:09:48,820 [INFO] HTTP Request: GET https://api.testnet.paradex.trade/v1/positions "HTTP/1.1 200 OK"
2026-07-24 08:09:50,914 [INFO] HTTP Request: GET https://api.testnet.paradex.trade/v1/bbo/BTC-USD-PERP "HTTP/1.1 200 OK"
2026-07-24 08:09:50,990 [INFO] HTTP Request: GET https://api.testnet.paradex.trade/v1/account "HTTP/1.1 200 OK"
2026-07-24 08:09:51,064 [INFO] HTTP Request: GET https://api.testnet.paradex.trade/v1/positions "HTTP/1.1 200 OK"
2026-07-24 08:09:53,156 [INFO] HTTP Request: GET https://api.testnet.paradex.trade/v1/bbo/BTC-USD-PERP "HTTP/1.1 200 OK"
2026-07-24 08:09:53,231 [INFO] HTTP Request: GET https://api.testnet.paradex.trade/v1/account "HTTP/1.1 200 OK"
2026-07-24 08:09:53,312 [INFO] HTTP Request: GET https://api.testnet.paradex.trade/v1/positions "HTTP/1.1 200 OK"
2026-07-24 08:09:55,412 [INFO] HTTP Request: GET https://api.testnet.paradex.trade/v1/bbo/BTC-USD-PERP "HTTP/1.1 200 OK"
2026-07-24 08:09:55,482 [INFO] HTTP Request: GET https://api.testnet.paradex.trade/v1/account "HTTP/1.1 200 OK"
2026-07-24 08:09:55,567 [INFO] HTTP Request: GET https://api.testnet.paradex.trade/v1/positions "HTTP/1.1 200 OK"
2026-07-24 08:09:57,653 [INFO] HTTP Request: GET https://api.testnet.paradex.trade/v1/bbo/BTC-USD-PERP "HTTP/1.1 200 OK"
2026-07-24 08:09:57,750 [INFO] HTTP Request: GET https://api.testnet.paradex.trade/v1/account "HTTP/1.1 200 OK"
2026-07-24 08:09:57,829 [INFO] HTTP Request: GET https://api.testnet.paradex.trade/v1/positions "HTTP/1.1 200 OK"
2026-07-24 08:09:59,916 [INFO] HTTP Request: GET https://api.testnet.paradex.trade/v1/bbo/BTC-USD-PERP "HTTP/1.1 200 OK"
2026-07-24 08:09:59,986 [INFO] HTTP Request: GET https://api.testnet.paradex.trade/v1/account "HTTP/1.1 200 OK"
2026-07-24 08:10:00,103 [INFO] HTTP Request: GET https://api.testnet.paradex.trade/v1/positions "HTTP/1.1 200 OK"
2026-07-24 08:10:02,191 [INFO] HTTP Request: GET https://api.testnet.paradex.trade/v1/bbo/BTC-USD-PERP "HTTP/1.1 200 OK"
2026-07-24 08:10:02,315 [INFO] HTTP Request: GET https://api.testnet.paradex.trade/v1/account "HTTP/1.1 200 OK"
2026-07-24 08:10:02,404 [INFO] HTTP Request: GET https://api.testnet.paradex.trade/v1/positions "HTTP/1.1 200 OK"
2026-07-24 08:10:04,473 [INFO] HTTP Request: GET https://api.testnet.paradex.trade/v1/bbo/BTC-USD-PERP "HTTP/1.1 200 OK"
2026-07-24 08:10:04,549 [INFO] HTTP Request: GET https://api.testnet.paradex.trade/v1/account "HTTP/1.1 200 OK"
2026-07-24 08:10:04,633 [INFO] HTTP Request: GET https://api.testnet.paradex.trade/v1/positions "HTTP/1.1 200 OK"
2026-07-24 08:10:06,700 [INFO] HTTP Request: GET https://api.testnet.paradex.trade/v1/bbo/BTC-USD-PERP "HTTP/1.1 200 OK"
2026-07-24 08:10:06,782 [INFO] HTTP Request: GET https://api.testnet.paradex.trade/v1/account "HTTP/1.1 200 OK"
2026-07-24 08:10:06,864 [INFO] HTTP Request: GET https://api.testnet.paradex.trade/v1/positions "HTTP/1.1 200 OK"
2026-07-24 08:10:08,950 [INFO] HTTP Request: GET https://api.testnet.paradex.trade/v1/bbo/BTC-USD-PERP "HTTP/1.1 200 OK"
2026-07-24 08:10:09,032 [INFO] HTTP Request: GET https://api.testnet.paradex.trade/v1/account "HTTP/1.1 200 OK"
2026-07-24 08:10:09,106 [INFO] HTTP Request: GET https://api.testnet.paradex.trade/v1/positions "HTTP/1.1 200 OK"
2026-07-24 08:10:11,199 [INFO] HTTP Request: GET https://api.testnet.paradex.trade/v1/bbo/BTC-USD-PERP "HTTP/1.1 200 OK"
2026-07-24 08:10:11,282 [INFO] HTTP Request: GET https://api.testnet.paradex.trade/v1/account "HTTP/1.1 200 OK"
2026-07-24 08:10:11,362 [INFO] HTTP Request: GET https://api.testnet.paradex.trade/v1/positions "HTTP/1.1 200 OK"
2026-07-24 08:10:13,439 [INFO] HTTP Request: GET https://api.testnet.paradex.trade/v1/bbo/BTC-USD-PERP "HTTP/1.1 200 OK"
2026-07-24 08:10:13,515 [INFO] HTTP Request: GET https://api.testnet.paradex.trade/v1/account "HTTP/1.1 200 OK"
2026-07-24 08:10:13,589 [INFO] HTTP Request: GET https://api.testnet.paradex.trade/v1/positions "HTTP/1.1 200 OK"
2026-07-24 08:10:15,683 [INFO] HTTP Request: GET https://api.testnet.paradex.trade/v1/bbo/BTC-USD-PERP "HTTP/1.1 200 OK"
2026-07-24 08:10:15,758 [INFO] HTTP Request: GET https://api.testnet.paradex.trade/v1/account "HTTP/1.1 200 OK"
2026-07-24 08:10:15,839 [INFO] HTTP Request: GET https://api.testnet.paradex.trade/v1/positions "HTTP/1.1 200 OK"
2026-07-24 08:10:17,914 [INFO] HTTP Request: GET https://api.testnet.paradex.trade/v1/bbo/BTC-USD-PERP "HTTP/1.1 200 OK"
2026-07-24 08:10:17,996 [INFO] HTTP Request: GET https://api.testnet.paradex.trade/v1/account "HTTP/1.1 200 OK"
2026-07-24 08:10:18,075 [INFO] HTTP Request: GET https://api.testnet.paradex.trade/v1/positions "HTTP/1.1 200 OK"
2026-07-24 08:10:20,147 [INFO] HTTP Request: GET https://api.testnet.paradex.trade/v1/bbo/BTC-USD-PERP "HTTP/1.1 200 OK"
2026-07-24 08:10:20,223 [INFO] HTTP Request: GET https://api.testnet.paradex.trade/v1/account "HTTP/1.1 200 OK"
2026-07-24 08:10:20,305 [INFO] HTTP Request: GET https://api.testnet.paradex.trade/v1/positions "HTTP/1.1 200 OK"
2026-07-24 08:10:22,380 [INFO] HTTP Request: GET https://api.testnet.paradex.trade/v1/bbo/BTC-USD-PERP "HTTP/1.1 200 OK"
2026-07-24 08:10:22,458 [INFO] HTTP Request: GET https://api.testnet.paradex.trade/v1/account "HTTP/1.1 200 OK"
2026-07-24 08:10:22,532 [INFO] HTTP Request: GET https://api.testnet.paradex.trade/v1/positions "HTTP/1.1 200 OK"
2026-07-24 08:10:24,639 [INFO] HTTP Request: GET https://api.testnet.paradex.trade/v1/bbo/BTC-USD-PERP "HTTP/1.1 200 OK"
2026-07-24 08:10:24,816 [INFO] HTTP Request: GET https://api.testnet.paradex.trade/v1/account "HTTP/1.1 200 OK"
2026-07-24 08:10:24,939 [INFO] HTTP Request: GET https://api.testnet.paradex.trade/v1/positions "HTTP/1.1 200 OK"
2026-07-24 08:10:27,126 [INFO] HTTP Request: GET https://api.testnet.paradex.trade/v1/bbo/BTC-USD-PERP "HTTP/1.1 200 OK"
2026-07-24 08:10:27,215 [INFO] HTTP Request: GET https://api.testnet.paradex.trade/v1/account "HTTP/1.1 200 OK"
2026-07-24 08:10:27,315 [INFO] HTTP Request: GET https://api.testnet.paradex.trade/v1/positions "HTTP/1.1 200 OK"
2026-07-24 08:10:29,410 [INFO] HTTP Request: GET https://api.testnet.paradex.trade/v1/bbo/BTC-USD-PERP "HTTP/1.1 200 OK"
2026-07-24 08:10:29,487 [INFO] HTTP Request: GET https://api.testnet.paradex.trade/v1/account "HTTP/1.1 200 OK"
2026-07-24 08:10:29,569 [INFO] HTTP Request: GET https://api.testnet.paradex.trade/v1/positions "HTTP/1.1 200 OK"
2026-07-24 08:10:31,649 [INFO] HTTP Request: GET https://api.testnet.paradex.trade/v1/bbo/BTC-USD-PERP "HTTP/1.1 200 OK"
2026-07-24 08:10:31,721 [INFO] HTTP Request: GET https://api.testnet.paradex.trade/v1/account "HTTP/1.1 200 OK"
2026-07-24 08:10:31,805 [INFO] HTTP Request: GET https://api.testnet.paradex.trade/v1/positions "HTTP/1.1 200 OK"
2026-07-24 08:10:33,891 [INFO] HTTP Request: GET https://api.testnet.paradex.trade/v1/bbo/BTC-USD-PERP "HTTP/1.1 200 OK"
2026-07-24 08:10:33,967 [INFO] HTTP Request: GET https://api.testnet.paradex.trade/v1/account "HTTP/1.1 200 OK"
2026-07-24 08:10:34,052 [INFO] HTTP Request: GET https://api.testnet.paradex.trade/v1/positions "HTTP/1.1 200 OK"
2026-07-24 08:10:36,124 [INFO] HTTP Request: GET https://api.testnet.paradex.trade/v1/bbo/BTC-USD-PERP "HTTP/1.1 200 OK"
2026-07-24 08:10:36,204 [INFO] HTTP Request: GET https://api.testnet.paradex.trade/v1/account "HTTP/1.1 200 OK"
2026-07-24 08:10:36,287 [INFO] HTTP Request: GET https://api.testnet.paradex.trade/v1/positions "HTTP/1.1 200 OK"
2026-07-24 08:10:38,372 [INFO] HTTP Request: GET https://api.testnet.paradex.trade/v1/bbo/BTC-USD-PERP "HTTP/1.1 200 OK"
2026-07-24 08:10:38,451 [INFO] HTTP Request: GET https://api.testnet.paradex.trade/v1/account "HTTP/1.1 200 OK"
2026-07-24 08:10:38,534 [INFO] HTTP Request: GET https://api.testnet.paradex.trade/v1/positions "HTTP/1.1 200 OK"
2026-07-24 08:10:40,603 [INFO] HTTP Request: GET https://api.testnet.paradex.trade/v1/bbo/BTC-USD-PERP "HTTP/1.1 200 OK"
2026-07-24 08:10:40,679 [INFO] HTTP Request: GET https://api.testnet.paradex.trade/v1/account "HTTP/1.1 200 OK"
2026-07-24 08:10:40,757 [INFO] HTTP Request: GET https://api.testnet.paradex.trade/v1/positions "HTTP/1.1 200 OK"
2026-07-24 08:10:42,831 [INFO] HTTP Request: GET https://api.testnet.paradex.trade/v1/bbo/BTC-USD-PERP "HTTP/1.1 200 OK"
2026-07-24 08:10:42,905 [INFO] HTTP Request: GET https://api.testnet.paradex.trade/v1/account "HTTP/1.1 200 OK"
2026-07-24 08:10:42,989 [INFO] HTTP Request: GET https://api.testnet.paradex.trade/v1/positions "HTTP/1.1 200 OK"
2026-07-24 08:10:45,075 [INFO] HTTP Request: GET https://api.testnet.paradex.trade/v1/bbo/BTC-USD-PERP "HTTP/1.1 200 OK"
2026-07-24 08:10:45,157 [INFO] HTTP Request: GET https://api.testnet.paradex.trade/v1/account "HTTP/1.1 200 OK"
2026-07-24 08:10:45,237 [INFO] HTTP Request: GET https://api.testnet.paradex.trade/v1/positions "HTTP/1.1 200 OK"
2026-07-24 08:10:47,322 [INFO] HTTP Request: GET https://api.testnet.paradex.trade/v1/bbo/BTC-USD-PERP "HTTP/1.1 200 OK"
2026-07-24 08:10:47,398 [INFO] HTTP Request: GET https://api.testnet.paradex.trade/v1/account "HTTP/1.1 200 OK"
2026-07-24 08:10:47,478 [INFO] HTTP Request: GET https://api.testnet.paradex.trade/v1/positions "HTTP/1.1 200 OK"
2026-07-24 08:10:49,550 [INFO] HTTP Request: GET https://api.testnet.paradex.trade/v1/bbo/BTC-USD-PERP "HTTP/1.1 200 OK"
2026-07-24 08:10:49,633 [INFO] HTTP Request: GET https://api.testnet.paradex.trade/v1/account "HTTP/1.1 200 OK"
2026-07-24 08:10:49,725 [INFO] HTTP Request: GET https://api.testnet.paradex.trade/v1/positions "HTTP/1.1 200 OK"
2026-07-24 08:10:51,799 [INFO] HTTP Request: GET https://api.testnet.paradex.trade/v1/bbo/BTC-USD-PERP "HTTP/1.1 200 OK"
2026-07-24 08:10:51,890 [INFO] HTTP Request: GET https://api.testnet.paradex.trade/v1/account "HTTP/1.1 200 OK"
2026-07-24 08:10:51,980 [INFO] HTTP Request: GET https://api.testnet.paradex.trade/v1/positions "HTTP/1.1 200 OK"
2026-07-24 08:10:54,068 [INFO] HTTP Request: GET https://api.testnet.paradex.trade/v1/bbo/BTC-USD-PERP "HTTP/1.1 200 OK"
2026-07-24 08:10:54,144 [INFO] HTTP Request: GET https://api.testnet.paradex.trade/v1/account "HTTP/1.1 200 OK"
2026-07-24 08:10:54,224 [INFO] HTTP Request: GET https://api.testnet.paradex.trade/v1/positions "HTTP/1.1 200 OK"
2026-07-24 08:10:56,314 [INFO] HTTP Request: GET https://api.testnet.paradex.trade/v1/bbo/BTC-USD-PERP "HTTP/1.1 200 OK"
2026-07-24 08:10:56,390 [INFO] HTTP Request: GET https://api.testnet.paradex.trade/v1/account "HTTP/1.1 200 OK"
2026-07-24 08:10:56,471 [INFO] HTTP Request: GET https://api.testnet.paradex.trade/v1/positions "HTTP/1.1 200 OK"
2026-07-24 08:10:58,555 [INFO] HTTP Request: GET https://api.testnet.paradex.trade/v1/bbo/BTC-USD-PERP "HTTP/1.1 200 OK"
2026-07-24 08:10:58,631 [INFO] HTTP Request: GET https://api.testnet.paradex.trade/v1/account "HTTP/1.1 200 OK"
2026-07-24 08:10:58,704 [INFO] HTTP Request: GET https://api.testnet.paradex.trade/v1/positions "HTTP/1.1 200 OK"
2026-07-24 08:11:00,798 [INFO] HTTP Request: GET https://api.testnet.paradex.trade/v1/bbo/BTC-USD-PERP "HTTP/1.1 200 OK"
2026-07-24 08:11:00,881 [INFO] HTTP Request: GET https://api.testnet.paradex.trade/v1/account "HTTP/1.1 200 OK"
2026-07-24 08:11:00,965 [INFO] HTTP Request: GET https://api.testnet.paradex.trade/v1/positions "HTTP/1.1 200 OK"
2026-07-24 08:11:03,047 [INFO] HTTP Request: GET https://api.testnet.paradex.trade/v1/bbo/BTC-USD-PERP "HTTP/1.1 200 OK"
2026-07-24 08:11:03,142 [INFO] HTTP Request: GET https://api.testnet.paradex.trade/v1/account "HTTP/1.1 200 OK"
2026-07-24 08:11:03,214 [INFO] HTTP Request: GET https://api.testnet.paradex.trade/v1/positions "HTTP/1.1 200 OK"
2026-07-24 08:11:05,293 [INFO] HTTP Request: GET https://api.testnet.paradex.trade/v1/bbo/BTC-USD-PERP "HTTP/1.1 200 OK"
2026-07-24 08:11:05,371 [INFO] HTTP Request: GET https://api.testnet.paradex.trade/v1/account "HTTP/1.1 200 OK"
2026-07-24 08:11:05,450 [INFO] HTTP Request: GET https://api.testnet.paradex.trade/v1/positions "HTTP/1.1 200 OK"
2026-07-24 08:11:07,524 [INFO] HTTP Request: GET https://api.testnet.paradex.trade/v1/bbo/BTC-USD-PERP "HTTP/1.1 200 OK"
2026-07-24 08:11:07,598 [INFO] HTTP Request: GET https://api.testnet.paradex.trade/v1/account "HTTP/1.1 200 OK"
2026-07-24 08:11:07,701 [INFO] HTTP Request: GET https://api.testnet.paradex.trade/v1/positions "HTTP/1.1 200 OK"
2026-07-24 08:11:09,772 [INFO] HTTP Request: GET https://api.testnet.paradex.trade/v1/bbo/BTC-USD-PERP "HTTP/1.1 200 OK"
2026-07-24 08:11:09,850 [INFO] HTTP Request: GET https://api.testnet.paradex.trade/v1/account "HTTP/1.1 200 OK"
2026-07-24 08:11:09,930 [INFO] HTTP Request: GET https://api.testnet.paradex.trade/v1/positions "HTTP/1.1 200 OK"
2026-07-24 08:11:12,097 [INFO] HTTP Request: GET https://api.testnet.paradex.trade/v1/bbo/BTC-USD-PERP "HTTP/1.1 200 OK"
2026-07-24 08:11:12,183 [INFO] HTTP Request: GET https://api.testnet.paradex.trade/v1/account "HTTP/1.1 200 OK"
2026-07-24 08:11:12,272 [INFO] HTTP Request: GET https://api.testnet.paradex.trade/v1/positions "HTTP/1.1 200 OK"
2026-07-24 08:11:14,355 [INFO] HTTP Request: GET https://api.testnet.paradex.trade/v1/bbo/BTC-USD-PERP "HTTP/1.1 200 OK"
2026-07-24 08:11:14,438 [INFO] HTTP Request: GET https://api.testnet.paradex.trade/v1/account "HTTP/1.1 200 OK"
2026-07-24 08:11:14,532 [INFO] HTTP Request: GET https://api.testnet.paradex.trade/v1/positions "HTTP/1.1 200 OK"
2026-07-24 08:11:16,621 [INFO] HTTP Request: GET https://api.testnet.paradex.trade/v1/bbo/BTC-USD-PERP "HTTP/1.1 200 OK"
2026-07-24 08:11:16,698 [INFO] HTTP Request: GET https://api.testnet.paradex.trade/v1/account "HTTP/1.1 200 OK"
2026-07-24 08:11:16,775 [INFO] HTTP Request: GET https://api.testnet.paradex.trade/v1/positions "HTTP/1.1 200 OK"
2026-07-24 08:11:18,854 [INFO] HTTP Request: GET https://api.testnet.paradex.trade/v1/bbo/BTC-USD-PERP "HTTP/1.1 200 OK"
2026-07-24 08:11:18,933 [INFO] HTTP Request: GET https://api.testnet.paradex.trade/v1/account "HTTP/1.1 200 OK"
2026-07-24 08:11:19,009 [INFO] HTTP Request: GET https://api.testnet.paradex.trade/v1/positions "HTTP/1.1 200 OK"
2026-07-24 08:11:21,088 [INFO] HTTP Request: GET https://api.testnet.paradex.trade/v1/bbo/BTC-USD-PERP "HTTP/1.1 200 OK"
2026-07-24 08:11:21,164 [INFO] HTTP Request: GET https://api.testnet.paradex.trade/v1/account "HTTP/1.1 200 OK"
2026-07-24 08:11:21,241 [INFO] HTTP Request: GET https://api.testnet.paradex.trade/v1/positions "HTTP/1.1 200 OK"
2026-07-24 08:11:23,320 [INFO] HTTP Request: GET https://api.testnet.paradex.trade/v1/bbo/BTC-USD-PERP "HTTP/1.1 200 OK"
2026-07-24 08:11:23,399 [INFO] HTTP Request: GET https://api.testnet.paradex.trade/v1/account "HTTP/1.1 200 OK"
2026-07-24 08:11:23,481 [INFO] HTTP Request: GET https://api.testnet.paradex.trade/v1/positions "HTTP/1.1 200 OK"
2026-07-24 08:11:25,554 [INFO] HTTP Request: GET https://api.testnet.paradex.trade/v1/bbo/BTC-USD-PERP "HTTP/1.1 200 OK"
2026-07-24 08:11:25,635 [INFO] HTTP Request: GET https://api.testnet.paradex.trade/v1/account "HTTP/1.1 200 OK"
2026-07-24 08:11:25,716 [INFO] HTTP Request: GET https://api.testnet.paradex.trade/v1/positions "HTTP/1.1 200 OK"
2026-07-24 08:11:27,789 [INFO] HTTP Request: GET https://api.testnet.paradex.trade/v1/bbo/BTC-USD-PERP "HTTP/1.1 200 OK"
2026-07-24 08:11:27,866 [INFO] HTTP Request: GET https://api.testnet.paradex.trade/v1/account "HTTP/1.1 200 OK"
2026-07-24 08:11:27,950 [INFO] HTTP Request: GET https://api.testnet.paradex.trade/v1/positions "HTTP/1.1 200 OK"
2026-07-24 08:11:30,037 [INFO] HTTP Request: GET https://api.testnet.paradex.trade/v1/bbo/BTC-USD-PERP "HTTP/1.1 200 OK"
2026-07-24 08:11:30,109 [INFO] HTTP Request: GET https://api.testnet.paradex.trade/v1/account "HTTP/1.1 200 OK"
2026-07-24 08:11:30,192 [INFO] HTTP Request: GET https://api.testnet.paradex.trade/v1/positions "HTTP/1.1 200 OK"
2026-07-24 08:11:32,320 [INFO] HTTP Request: GET https://api.testnet.paradex.trade/v1/bbo/BTC-USD-PERP "HTTP/1.1 200 OK"
2026-07-24 08:11:32,393 [INFO] HTTP Request: GET https://api.testnet.paradex.trade/v1/account "HTTP/1.1 200 OK"
2026-07-24 08:11:32,509 [INFO] HTTP Request: GET https://api.testnet.paradex.trade/v1/positions "HTTP/1.1 200 OK"
2026-07-24 08:11:34,586 [INFO] HTTP Request: GET https://api.testnet.paradex.trade/v1/bbo/BTC-USD-PERP "HTTP/1.1 200 OK"
2026-07-24 08:11:34,662 [INFO] HTTP Request: GET https://api.testnet.paradex.trade/v1/account "HTTP/1.1 200 OK"
2026-07-24 08:11:34,742 [INFO] HTTP Request: GET https://api.testnet.paradex.trade/v1/positions "HTTP/1.1 200 OK"
2026-07-24 08:11:36,823 [INFO] HTTP Request: GET https://api.testnet.paradex.trade/v1/bbo/BTC-USD-PERP "HTTP/1.1 200 OK"
2026-07-24 08:11:36,938 [INFO] HTTP Request: GET https://api.testnet.paradex.trade/v1/account "HTTP/1.1 200 OK"
2026-07-24 08:11:37,022 [INFO] HTTP Request: GET https://api.testnet.paradex.trade/v1/positions "HTTP/1.1 200 OK"
2026-07-24 08:11:39,106 [INFO] HTTP Request: GET https://api.testnet.paradex.trade/v1/bbo/BTC-USD-PERP "HTTP/1.1 200 OK"
2026-07-24 08:11:39,181 [INFO] HTTP Request: GET https://api.testnet.paradex.trade/v1/account "HTTP/1.1 200 OK"
2026-07-24 08:11:39,335 [INFO] HTTP Request: GET https://api.testnet.paradex.trade/v1/positions "HTTP/1.1 200 OK"
2026-07-24 08:11:41,414 [INFO] HTTP Request: GET https://api.testnet.paradex.trade/v1/bbo/BTC-USD-PERP "HTTP/1.1 200 OK"
2026-07-24 08:11:41,488 [INFO] HTTP Request: GET https://api.testnet.paradex.trade/v1/account "HTTP/1.1 200 OK"
2026-07-24 08:11:41,569 [INFO] HTTP Request: GET https://api.testnet.paradex.trade/v1/positions "HTTP/1.1 200 OK"
2026-07-24 08:11:43,653 [INFO] HTTP Request: GET https://api.testnet.paradex.trade/v1/bbo/BTC-USD-PERP "HTTP/1.1 200 OK"
2026-07-24 08:11:43,728 [INFO] HTTP Request: GET https://api.testnet.paradex.trade/v1/account "HTTP/1.1 200 OK"
2026-07-24 08:11:43,808 [INFO] HTTP Request: GET https://api.testnet.paradex.trade/v1/positions "HTTP/1.1 200 OK"
2026-07-24 08:11:45,888 [INFO] HTTP Request: GET https://api.testnet.paradex.trade/v1/bbo/BTC-USD-PERP "HTTP/1.1 200 OK"
2026-07-24 08:11:45,967 [INFO] HTTP Request: GET https://api.testnet.paradex.trade/v1/account "HTTP/1.1 200 OK"
2026-07-24 08:11:46,045 [INFO] HTTP Request: GET https://api.testnet.paradex.trade/v1/positions "HTTP/1.1 200 OK"
2026-07-24 08:11:48,121 [INFO] HTTP Request: GET https://api.testnet.paradex.trade/v1/bbo/BTC-USD-PERP "HTTP/1.1 200 OK"
2026-07-24 08:11:48,201 [INFO] HTTP Request: GET https://api.testnet.paradex.trade/v1/account "HTTP/1.1 200 OK"
2026-07-24 08:11:48,282 [INFO] HTTP Request: GET https://api.testnet.paradex.trade/v1/positions "HTTP/1.1 200 OK"
2026-07-24 08:11:50,371 [INFO] HTTP Request: GET https://api.testnet.paradex.trade/v1/bbo/BTC-USD-PERP "HTTP/1.1 200 OK"
2026-07-24 08:11:50,447 [INFO] HTTP Request: GET https://api.testnet.paradex.trade/v1/account "HTTP/1.1 200 OK"
2026-07-24 08:11:50,526 [INFO] HTTP Request: GET https://api.testnet.paradex.trade/v1/positions "HTTP/1.1 200 OK"
2026-07-24 08:11:52,614 [INFO] HTTP Request: GET https://api.testnet.paradex.trade/v1/bbo/BTC-USD-PERP "HTTP/1.1 200 OK"
2026-07-24 08:11:52,688 [INFO] HTTP Request: GET https://api.testnet.paradex.trade/v1/account "HTTP/1.1 200 OK"
2026-07-24 08:11:52,767 [INFO] HTTP Request: GET https://api.testnet.paradex.trade/v1/positions "HTTP/1.1 200 OK"
2026-07-24 08:11:54,854 [INFO] HTTP Request: GET https://api.testnet.paradex.trade/v1/bbo/BTC-USD-PERP "HTTP/1.1 200 OK"
2026-07-24 08:11:54,929 [INFO] HTTP Request: GET https://api.testnet.paradex.trade/v1/account "HTTP/1.1 200 OK"
2026-07-24 08:11:55,010 [INFO] HTTP Request: GET https://api.testnet.paradex.trade/v1/positions "HTTP/1.1 200 OK"
2026-07-24 08:11:57,088 [INFO] HTTP Request: GET https://api.testnet.paradex.trade/v1/bbo/BTC-USD-PERP "HTTP/1.1 200 OK"
2026-07-24 08:11:57,161 [INFO] HTTP Request: GET https://api.testnet.paradex.trade/v1/account "HTTP/1.1 200 OK"
2026-07-24 08:11:57,245 [INFO] HTTP Request: GET https://api.testnet.paradex.trade/v1/positions "HTTP/1.1 200 OK"
2026-07-24 08:11:57,509 [INFO] HTTP Request: GET https://api.testnet.paradex.trade/v1/system/state "HTTP/1.1 200 OK"
2026-07-24 08:11:59,321 [INFO] HTTP Request: GET https://api.testnet.paradex.trade/v1/bbo/BTC-USD-PERP "HTTP/1.1 200 OK"
2026-07-24 08:11:59,402 [INFO] HTTP Request: GET https://api.testnet.paradex.trade/v1/account "HTTP/1.1 200 OK"
2026-07-24 08:11:59,492 [INFO] HTTP Request: GET https://api.testnet.paradex.trade/v1/positions "HTTP/1.1 200 OK"
2026-07-24 08:12:01,585 [INFO] HTTP Request: GET https://api.testnet.paradex.trade/v1/bbo/BTC-USD-PERP "HTTP/1.1 200 OK"
2026-07-24 08:12:01,684 [INFO] HTTP Request: GET https://api.testnet.paradex.trade/v1/account "HTTP/1.1 200 OK"
2026-07-24 08:12:01,781 [INFO] HTTP Request: GET https://api.testnet.paradex.trade/v1/positions "HTTP/1.1 200 OK"
2026-07-24 08:12:03,864 [INFO] HTTP Request: GET https://api.testnet.paradex.trade/v1/bbo/BTC-USD-PERP "HTTP/1.1 200 OK"
2026-07-24 08:12:03,941 [INFO] HTTP Request: GET https://api.testnet.paradex.trade/v1/account "HTTP/1.1 200 OK"
2026-07-24 08:12:04,025 [INFO] HTTP Request: GET https://api.testnet.paradex.trade/v1/positions "HTTP/1.1 200 OK"
2026-07-24 08:12:06,101 [INFO] HTTP Request: GET https://api.testnet.paradex.trade/v1/bbo/BTC-USD-PERP "HTTP/1.1 200 OK"
2026-07-24 08:12:06,175 [INFO] HTTP Request: GET https://api.testnet.paradex.trade/v1/account "HTTP/1.1 200 OK"
2026-07-24 08:12:06,259 [INFO] HTTP Request: GET https://api.testnet.paradex.trade/v1/positions "HTTP/1.1 200 OK"
2026-07-24 08:12:08,337 [INFO] HTTP Request: GET https://api.testnet.paradex.trade/v1/bbo/BTC-USD-PERP "HTTP/1.1 200 OK"
2026-07-24 08:12:08,414 [INFO] HTTP Request: GET https://api.testnet.paradex.trade/v1/account "HTTP/1.1 200 OK"
2026-07-24 08:12:08,497 [INFO] HTTP Request: GET https://api.testnet.paradex.trade/v1/positions "HTTP/1.1 200 OK"
2026-07-24 08:12:10,588 [INFO] HTTP Request: GET https://api.testnet.paradex.trade/v1/bbo/BTC-USD-PERP "HTTP/1.1 200 OK"
2026-07-24 08:12:10,664 [INFO] HTTP Request: GET https://api.testnet.paradex.trade/v1/account "HTTP/1.1 200 OK"
2026-07-24 08:12:10,743 [INFO] HTTP Request: GET https://api.testnet.paradex.trade/v1/positions "HTTP/1.1 200 OK"
2026-07-24 08:12:12,831 [INFO] HTTP Request: GET https://api.testnet.paradex.trade/v1/bbo/BTC-USD-PERP "HTTP/1.1 200 OK"
2026-07-24 08:12:12,909 [INFO] HTTP Request: GET https://api.testnet.paradex.trade/v1/account "HTTP/1.1 200 OK"
2026-07-24 08:12:12,989 [INFO] HTTP Request: GET https://api.testnet.paradex.trade/v1/positions "HTTP/1.1 200 OK"
2026-07-24 08:12:15,072 [INFO] HTTP Request: GET https://api.testnet.paradex.trade/v1/bbo/BTC-USD-PERP "HTTP/1.1 200 OK"
2026-07-24 08:12:15,148 [INFO] HTTP Request: GET https://api.testnet.paradex.trade/v1/account "HTTP/1.1 200 OK"
2026-07-24 08:12:15,225 [INFO] HTTP Request: GET https://api.testnet.paradex.trade/v1/positions "HTTP/1.1 200 OK"
2026-07-24 08:12:17,313 [INFO] HTTP Request: GET https://api.testnet.paradex.trade/v1/bbo/BTC-USD-PERP "HTTP/1.1 200 OK"
2026-07-24 08:12:17,387 [INFO] HTTP Request: GET https://api.testnet.paradex.trade/v1/account "HTTP/1.1 200 OK"
2026-07-24 08:12:17,469 [INFO] HTTP Request: GET https://api.testnet.paradex.trade/v1/positions "HTTP/1.1 200 OK"
2026-07-24 08:12:19,547 [INFO] HTTP Request: GET https://api.testnet.paradex.trade/v1/bbo/BTC-USD-PERP "HTTP/1.1 200 OK"
2026-07-24 08:12:19,643 [INFO] HTTP Request: GET https://api.testnet.paradex.trade/v1/account "HTTP/1.1 200 OK"
2026-07-24 08:12:19,722 [INFO] HTTP Request: GET https://api.testnet.paradex.trade/v1/positions "HTTP/1.1 200 OK"
2026-07-24 08:12:21,806 [INFO] HTTP Request: GET https://api.testnet.paradex.trade/v1/bbo/BTC-USD-PERP "HTTP/1.1 200 OK"
2026-07-24 08:12:21,890 [INFO] HTTP Request: GET https://api.testnet.paradex.trade/v1/account "HTTP/1.1 200 OK"
2026-07-24 08:12:21,991 [INFO] HTTP Request: GET https://api.testnet.paradex.trade/v1/positions "HTTP/1.1 200 OK"
2026-07-24 08:12:23,719 [INFO] HTTP Request: GET https://api.testnet.paradex.trade/v1/system/state "HTTP/1.1 200 OK"
2026-07-24 08:12:24,086 [INFO] HTTP Request: GET https://api.testnet.paradex.trade/v1/bbo/BTC-USD-PERP "HTTP/1.1 200 OK"
2026-07-24 08:12:24,162 [INFO] HTTP Request: GET https://api.testnet.paradex.trade/v1/account "HTTP/1.1 200 OK"
2026-07-24 08:12:24,243 [INFO] HTTP Request: GET https://api.testnet.paradex.trade/v1/positions "HTTP/1.1 200 OK"
2026-07-24 08:12:26,319 [INFO] HTTP Request: GET https://api.testnet.paradex.trade/v1/bbo/BTC-USD-PERP "HTTP/1.1 200 OK"
2026-07-24 08:12:26,399 [INFO] HTTP Request: GET https://api.testnet.paradex.trade/v1/account "HTTP/1.1 200 OK"
2026-07-24 08:12:26,477 [INFO] HTTP Request: GET https://api.testnet.paradex.trade/v1/positions "HTTP/1.1 200 OK"
2026-07-24 08:12:28,566 [INFO] HTTP Request: GET https://api.testnet.paradex.trade/v1/bbo/BTC-USD-PERP "HTTP/1.1 200 OK"
2026-07-24 08:12:28,642 [INFO] HTTP Request: GET https://api.testnet.paradex.trade/v1/account "HTTP/1.1 200 OK"
2026-07-24 08:12:28,726 [INFO] HTTP Request: GET https://api.testnet.paradex.trade/v1/positions "HTTP/1.1 200 OK"
2026-07-24 08:12:30,804 [INFO] HTTP Request: GET https://api.testnet.paradex.trade/v1/bbo/BTC-USD-PERP "HTTP/1.1 200 OK"
2026-07-24 08:12:30,882 [INFO] HTTP Request: GET https://api.testnet.paradex.trade/v1/account "HTTP/1.1 200 OK"
2026-07-24 08:12:30,964 [INFO] HTTP Request: GET https://api.testnet.paradex.trade/v1/positions "HTTP/1.1 200 OK"
2026-07-24 08:12:33,038 [INFO] HTTP Request: GET https://api.testnet.paradex.trade/v1/bbo/BTC-USD-PERP "HTTP/1.1 200 OK"
2026-07-24 08:12:33,118 [INFO] HTTP Request: GET https://api.testnet.paradex.trade/v1/account "HTTP/1.1 200 OK"
2026-07-24 08:12:33,197 [INFO] HTTP Request: GET https://api.testnet.paradex.trade/v1/positions "HTTP/1.1 200 OK"
2026-07-24 08:12:35,289 [INFO] HTTP Request: GET https://api.testnet.paradex.trade/v1/bbo/BTC-USD-PERP "HTTP/1.1 200 OK"
2026-07-24 08:12:35,364 [INFO] HTTP Request: GET https://api.testnet.paradex.trade/v1/account "HTTP/1.1 200 OK"
2026-07-24 08:12:35,442 [INFO] HTTP Request: GET https://api.testnet.paradex.trade/v1/positions "HTTP/1.1 200 OK"
2026-07-24 08:12:37,524 [INFO] HTTP Request: GET https://api.testnet.paradex.trade/v1/bbo/BTC-USD-PERP "HTTP/1.1 200 OK"
2026-07-24 08:12:37,600 [INFO] HTTP Request: GET https://api.testnet.paradex.trade/v1/account "HTTP/1.1 200 OK"
2026-07-24 08:12:37,687 [INFO] HTTP Request: GET https://api.testnet.paradex.trade/v1/positions "HTTP/1.1 200 OK"
2026-07-24 08:12:39,772 [INFO] HTTP Request: GET https://api.testnet.paradex.trade/v1/bbo/BTC-USD-PERP "HTTP/1.1 200 OK"
2026-07-24 08:12:39,843 [INFO] HTTP Request: GET https://api.testnet.paradex.trade/v1/account "HTTP/1.1 200 OK"
2026-07-24 08:12:39,925 [INFO] HTTP Request: GET https://api.testnet.paradex.trade/v1/positions "HTTP/1.1 200 OK"
2026-07-24 08:12:42,004 [INFO] HTTP Request: GET https://api.testnet.paradex.trade/v1/bbo/BTC-USD-PERP "HTTP/1.1 200 OK"
2026-07-24 08:12:42,082 [INFO] HTTP Request: GET https://api.testnet.paradex.trade/v1/account "HTTP/1.1 200 OK"
2026-07-24 08:12:42,165 [INFO] HTTP Request: GET https://api.testnet.paradex.trade/v1/positions "HTTP/1.1 200 OK"
2026-07-24 08:12:43,243 [INFO] HTTP Request: GET https://api.testnet.paradex.trade/v1/system/state "HTTP/1.1 200 OK"
2026-07-24 08:12:44,269 [INFO] HTTP Request: GET https://api.testnet.paradex.trade/v1/bbo/BTC-USD-PERP "HTTP/1.1 200 OK"
2026-07-24 08:12:44,340 [INFO] HTTP Request: GET https://api.testnet.paradex.trade/v1/account "HTTP/1.1 200 OK"
2026-07-24 08:12:44,442 [INFO] HTTP Request: GET https://api.testnet.paradex.trade/v1/positions "HTTP/1.1 200 OK"
2026-07-24 08:12:46,521 [INFO] HTTP Request: GET https://api.testnet.paradex.trade/v1/bbo/BTC-USD-PERP "HTTP/1.1 200 OK"
2026-07-24 08:12:46,592 [INFO] HTTP Request: GET https://api.testnet.paradex.trade/v1/account "HTTP/1.1 200 OK"
2026-07-24 08:12:46,677 [INFO] HTTP Request: GET https://api.testnet.paradex.trade/v1/positions "HTTP/1.1 200 OK"
2026-07-24 08:12:48,766 [INFO] HTTP Request: GET https://api.testnet.paradex.trade/v1/bbo/BTC-USD-PERP "HTTP/1.1 200 OK"
2026-07-24 08:12:48,843 [INFO] HTTP Request: GET https://api.testnet.paradex.trade/v1/account "HTTP/1.1 200 OK"
2026-07-24 08:12:48,924 [INFO] HTTP Request: GET https://api.testnet.paradex.trade/v1/positions "HTTP/1.1 200 OK"
2026-07-24 08:12:51,004 [INFO] HTTP Request: GET https://api.testnet.paradex.trade/v1/bbo/BTC-USD-PERP "HTTP/1.1 200 OK"
2026-07-24 08:12:51,082 [INFO] HTTP Request: GET https://api.testnet.paradex.trade/v1/account "HTTP/1.1 200 OK"
2026-07-24 08:12:51,161 [INFO] HTTP Request: GET https://api.testnet.paradex.trade/v1/positions "HTTP/1.1 200 OK"
2026-07-24 08:12:53,237 [INFO] HTTP Request: GET https://api.testnet.paradex.trade/v1/bbo/BTC-USD-PERP "HTTP/1.1 200 OK"
2026-07-24 08:12:53,314 [INFO] HTTP Request: GET https://api.testnet.paradex.trade/v1/account "HTTP/1.1 200 OK"
2026-07-24 08:12:53,392 [INFO] HTTP Request: GET https://api.testnet.paradex.trade/v1/positions "HTTP/1.1 200 OK"
2026-07-24 08:12:55,474 [INFO] HTTP Request: GET https://api.testnet.paradex.trade/v1/bbo/BTC-USD-PERP "HTTP/1.1 200 OK"
2026-07-24 08:12:55,562 [INFO] HTTP Request: GET https://api.testnet.paradex.trade/v1/account "HTTP/1.1 200 OK"
2026-07-24 08:12:55,640 [INFO] HTTP Request: GET https://api.testnet.paradex.trade/v1/positions "HTTP/1.1 200 OK"
2026-07-24 08:12:57,710 [INFO] HTTP Request: GET https://api.testnet.paradex.trade/v1/bbo/BTC-USD-PERP "HTTP/1.1 200 OK"
2026-07-24 08:12:57,781 [INFO] HTTP Request: GET https://api.testnet.paradex.trade/v1/account "HTTP/1.1 200 OK"
2026-07-24 08:12:57,868 [INFO] HTTP Request: GET https://api.testnet.paradex.trade/v1/positions "HTTP/1.1 200 OK"
2026-07-24 08:12:59,938 [INFO] HTTP Request: GET https://api.testnet.paradex.trade/v1/bbo/BTC-USD-PERP "HTTP/1.1 200 OK"
2026-07-24 08:13:00,041 [INFO] HTTP Request: GET https://api.testnet.paradex.trade/v1/account "HTTP/1.1 200 OK"
2026-07-24 08:13:00,125 [INFO] HTTP Request: GET https://api.testnet.paradex.trade/v1/positions "HTTP/1.1 200 OK"
2026-07-24 08:13:02,190 [INFO] HTTP Request: GET https://api.testnet.paradex.trade/v1/bbo/BTC-USD-PERP "HTTP/1.1 200 OK"
2026-07-24 08:13:02,267 [INFO] HTTP Request: GET https://api.testnet.paradex.trade/v1/account "HTTP/1.1 200 OK"
2026-07-24 08:13:02,347 [INFO] HTTP Request: GET https://api.testnet.paradex.trade/v1/positions "HTTP/1.1 200 OK"
2026-07-24 08:13:02,903 [INFO] HTTP Request: GET https://api.testnet.paradex.trade/v1/system/state "HTTP/1.1 200 OK"
2026-07-24 08:13:04,434 [INFO] HTTP Request: GET https://api.testnet.paradex.trade/v1/bbo/BTC-USD-PERP "HTTP/1.1 200 OK"
2026-07-24 08:13:04,515 [INFO] HTTP Request: GET https://api.testnet.paradex.trade/v1/account "HTTP/1.1 200 OK"
2026-07-24 08:13:04,588 [INFO] HTTP Request: GET https://api.testnet.paradex.trade/v1/positions "HTTP/1.1 200 OK"
2026-07-24 08:13:06,670 [INFO] HTTP Request: GET https://api.testnet.paradex.trade/v1/bbo/BTC-USD-PERP "HTTP/1.1 200 OK"
2026-07-24 08:13:06,747 [INFO] HTTP Request: GET https://api.testnet.paradex.trade/v1/account "HTTP/1.1 200 OK"
2026-07-24 08:13:06,824 [INFO] HTTP Request: GET https://api.testnet.paradex.trade/v1/positions "HTTP/1.1 200 OK"
2026-07-24 08:13:08,895 [INFO] HTTP Request: GET https://api.testnet.paradex.trade/v1/bbo/BTC-USD-PERP "HTTP/1.1 200 OK"
2026-07-24 08:13:08,966 [INFO] HTTP Request: GET https://api.testnet.paradex.trade/v1/account "HTTP/1.1 200 OK"
2026-07-24 08:13:09,057 [INFO] HTTP Request: GET https://api.testnet.paradex.trade/v1/positions "HTTP/1.1 200 OK"
2026-07-24 08:13:11,138 [INFO] HTTP Request: GET https://api.testnet.paradex.trade/v1/bbo/BTC-USD-PERP "HTTP/1.1 200 OK"
2026-07-24 08:13:11,214 [INFO] HTTP Request: GET https://api.testnet.paradex.trade/v1/account "HTTP/1.1 200 OK"
2026-07-24 08:13:11,292 [INFO] HTTP Request: GET https://api.testnet.paradex.trade/v1/positions "HTTP/1.1 200 OK"
2026-07-24 08:13:13,370 [INFO] HTTP Request: GET https://api.testnet.paradex.trade/v1/bbo/BTC-USD-PERP "HTTP/1.1 200 OK"
2026-07-24 08:13:13,450 [INFO] HTTP Request: GET https://api.testnet.paradex.trade/v1/account "HTTP/1.1 200 OK"
2026-07-24 08:13:13,530 [INFO] HTTP Request: GET https://api.testnet.paradex.trade/v1/positions "HTTP/1.1 200 OK"
2026-07-24 08:13:15,609 [INFO] HTTP Request: GET https://api.testnet.paradex.trade/v1/bbo/BTC-USD-PERP "HTTP/1.1 200 OK"
2026-07-24 08:13:15,686 [INFO] HTTP Request: GET https://api.testnet.paradex.trade/v1/account "HTTP/1.1 200 OK"
2026-07-24 08:13:15,766 [INFO] HTTP Request: GET https://api.testnet.paradex.trade/v1/positions "HTTP/1.1 200 OK"
2026-07-24 08:13:17,854 [INFO] HTTP Request: GET https://api.testnet.paradex.trade/v1/bbo/BTC-USD-PERP "HTTP/1.1 200 OK"
2026-07-24 08:13:17,932 [INFO] HTTP Request: GET https://api.testnet.paradex.trade/v1/account "HTTP/1.1 200 OK"
2026-07-24 08:13:18,010 [INFO] HTTP Request: GET https://api.testnet.paradex.trade/v1/positions "HTTP/1.1 200 OK"
2026-07-24 08:13:20,088 [INFO] HTTP Request: GET https://api.testnet.paradex.trade/v1/bbo/BTC-USD-PERP "HTTP/1.1 200 OK"
2026-07-24 08:13:20,186 [INFO] HTTP Request: POST https://api.testnet.paradex.trade/v1/auth/0x355512bacffd591ee8f52264d0c35a334dc7f659fa23e344a3364e9201a8343 "HTTP/1.1 200 OK"
2026-07-24 08:13:20,265 [INFO] HTTP Request: GET https://api.testnet.paradex.trade/v1/account "HTTP/1.1 200 OK"
2026-07-24 08:13:20,348 [INFO] HTTP Request: GET https://api.testnet.paradex.trade/v1/positions "HTTP/1.1 200 OK"
2026-07-24 08:13:22,436 [INFO] HTTP Request: GET https://api.testnet.paradex.trade/v1/bbo/BTC-USD-PERP "HTTP/1.1 200 OK"
2026-07-24 08:13:22,510 [INFO] HTTP Request: GET https://api.testnet.paradex.trade/v1/account "HTTP/1.1 200 OK"
2026-07-24 08:13:22,593 [INFO] HTTP Request: GET https://api.testnet.paradex.trade/v1/positions "HTTP/1.1 200 OK"
2026-07-24 08:13:24,682 [INFO] HTTP Request: GET https://api.testnet.paradex.trade/v1/bbo/BTC-USD-PERP "HTTP/1.1 200 OK"
2026-07-24 08:13:24,756 [INFO] HTTP Request: GET https://api.testnet.paradex.trade/v1/account "HTTP/1.1 200 OK"
2026-07-24 08:13:24,837 [INFO] HTTP Request: GET https://api.testnet.paradex.trade/v1/positions "HTTP/1.1 200 OK"
2026-07-24 08:13:26,910 [INFO] HTTP Request: GET https://api.testnet.paradex.trade/v1/bbo/BTC-USD-PERP "HTTP/1.1 200 OK"
2026-07-24 08:13:26,986 [INFO] HTTP Request: GET https://api.testnet.paradex.trade/v1/account "HTTP/1.1 200 OK"
2026-07-24 08:13:27,067 [INFO] HTTP Request: GET https://api.testnet.paradex.trade/v1/positions "HTTP/1.1 200 OK"
2026-07-24 08:13:29,145 [INFO] HTTP Request: GET https://api.testnet.paradex.trade/v1/bbo/BTC-USD-PERP "HTTP/1.1 200 OK"
2026-07-24 08:13:29,223 [INFO] HTTP Request: GET https://api.testnet.paradex.trade/v1/account "HTTP/1.1 200 OK"
2026-07-24 08:13:29,304 [INFO] HTTP Request: GET https://api.testnet.paradex.trade/v1/positions "HTTP/1.1 200 OK"
2026-07-24 08:13:31,357 [INFO] HTTP Request: GET https://api.testnet.paradex.trade/v1/system/state "HTTP/1.1 200 OK"
2026-07-24 08:13:31,615 [INFO] HTTP Request: GET https://api.testnet.paradex.trade/v1/bbo/BTC-USD-PERP "HTTP/1.1 200 OK"
2026-07-24 08:13:31,694 [INFO] HTTP Request: GET https://api.testnet.paradex.trade/v1/account "HTTP/1.1 200 OK"
2026-07-24 08:13:31,781 [INFO] HTTP Request: GET https://api.testnet.paradex.trade/v1/positions "HTTP/1.1 200 OK"
2026-07-24 08:13:33,852 [INFO] HTTP Request: GET https://api.testnet.paradex.trade/v1/bbo/BTC-USD-PERP "HTTP/1.1 200 OK"
2026-07-24 08:13:33,927 [INFO] HTTP Request: GET https://api.testnet.paradex.trade/v1/account "HTTP/1.1 200 OK"
2026-07-24 08:13:34,008 [INFO] HTTP Request: GET https://api.testnet.paradex.trade/v1/positions "HTTP/1.1 200 OK"
2026-07-24 08:13:36,086 [INFO] HTTP Request: GET https://api.testnet.paradex.trade/v1/bbo/BTC-USD-PERP "HTTP/1.1 200 OK"
2026-07-24 08:13:36,165 [INFO] HTTP Request: GET https://api.testnet.paradex.trade/v1/account "HTTP/1.1 200 OK"
2026-07-24 08:13:36,242 [INFO] HTTP Request: GET https://api.testnet.paradex.trade/v1/positions "HTTP/1.1 200 OK"
2026-07-24 08:13:38,325 [INFO] HTTP Request: GET https://api.testnet.paradex.trade/v1/bbo/BTC-USD-PERP "HTTP/1.1 200 OK"
2026-07-24 08:13:38,406 [INFO] HTTP Request: GET https://api.testnet.paradex.trade/v1/account "HTTP/1.1 200 OK"
2026-07-24 08:13:38,489 [INFO] HTTP Request: GET https://api.testnet.paradex.trade/v1/positions "HTTP/1.1 200 OK"
2026-07-24 08:13:40,579 [INFO] HTTP Request: GET https://api.testnet.paradex.trade/v1/bbo/BTC-USD-PERP "HTTP/1.1 200 OK"
2026-07-24 08:13:40,655 [INFO] HTTP Request: GET https://api.testnet.paradex.trade/v1/account "HTTP/1.1 200 OK"
2026-07-24 08:13:40,737 [INFO] HTTP Request: GET https://api.testnet.paradex.trade/v1/positions "HTTP/1.1 200 OK"
2026-07-24 08:13:42,819 [INFO] HTTP Request: GET https://api.testnet.paradex.trade/v1/bbo/BTC-USD-PERP "HTTP/1.1 200 OK"
2026-07-24 08:13:42,897 [INFO] HTTP Request: GET https://api.testnet.paradex.trade/v1/account "HTTP/1.1 200 OK"
2026-07-24 08:13:42,975 [INFO] HTTP Request: GET https://api.testnet.paradex.trade/v1/positions "HTTP/1.1 200 OK"
2026-07-24 08:13:45,092 [INFO] HTTP Request: GET https://api.testnet.paradex.trade/v1/bbo/BTC-USD-PERP "HTTP/1.1 200 OK"
2026-07-24 08:13:45,169 [INFO] HTTP Request: GET https://api.testnet.paradex.trade/v1/account "HTTP/1.1 200 OK"
2026-07-24 08:13:45,248 [INFO] HTTP Request: GET https://api.testnet.paradex.trade/v1/positions "HTTP/1.1 200 OK"
2026-07-24 08:13:47,321 [INFO] HTTP Request: GET https://api.testnet.paradex.trade/v1/bbo/BTC-USD-PERP "HTTP/1.1 200 OK"
2026-07-24 08:13:47,397 [INFO] HTTP Request: GET https://api.testnet.paradex.trade/v1/account "HTTP/1.1 200 OK"
2026-07-24 08:13:47,479 [INFO] HTTP Request: GET https://api.testnet.paradex.trade/v1/positions "HTTP/1.1 200 OK"
2026-07-24 08:13:48,098 [INFO] HTTP Request: GET https://api.testnet.paradex.trade/v1/system/state "HTTP/1.1 200 OK"
2026-07-24 08:13:49,562 [INFO] HTTP Request: GET https://api.testnet.paradex.trade/v1/bbo/BTC-USD-PERP "HTTP/1.1 200 OK"
2026-07-24 08:13:49,637 [INFO] HTTP Request: GET https://api.testnet.paradex.trade/v1/account "HTTP/1.1 200 OK"
2026-07-24 08:13:49,714 [INFO] HTTP Request: GET https://api.testnet.paradex.trade/v1/positions "HTTP/1.1 200 OK"
2026-07-24 08:13:51,783 [INFO] HTTP Request: GET https://api.testnet.paradex.trade/v1/bbo/BTC-USD-PERP "HTTP/1.1 200 OK"
2026-07-24 08:13:51,861 [INFO] HTTP Request: GET https://api.testnet.paradex.trade/v1/account "HTTP/1.1 200 OK"
2026-07-24 08:13:51,938 [INFO] HTTP Request: GET https://api.testnet.paradex.trade/v1/positions "HTTP/1.1 200 OK"
2026-07-24 08:13:54,033 [INFO] HTTP Request: GET https://api.testnet.paradex.trade/v1/bbo/BTC-USD-PERP "HTTP/1.1 200 OK"
2026-07-24 08:13:54,107 [INFO] HTTP Request: GET https://api.testnet.paradex.trade/v1/account "HTTP/1.1 200 OK"
2026-07-24 08:13:54,189 [INFO] HTTP Request: GET https://api.testnet.paradex.trade/v1/positions "HTTP/1.1 200 OK"
2026-07-24 08:13:56,271 [INFO] HTTP Request: GET https://api.testnet.paradex.trade/v1/bbo/BTC-USD-PERP "HTTP/1.1 200 OK"
2026-07-24 08:13:56,350 [INFO] HTTP Request: GET https://api.testnet.paradex.trade/v1/account "HTTP/1.1 200 OK"
2026-07-24 08:13:56,429 [INFO] HTTP Request: GET https://api.testnet.paradex.trade/v1/positions "HTTP/1.1 200 OK"
2026-07-24 08:13:58,504 [INFO] HTTP Request: GET https://api.testnet.paradex.trade/v1/bbo/BTC-USD-PERP "HTTP/1.1 200 OK"
2026-07-24 08:13:58,585 [INFO] HTTP Request: GET https://api.testnet.paradex.trade/v1/account "HTTP/1.1 200 OK"
2026-07-24 08:13:58,669 [INFO] HTTP Request: GET https://api.testnet.paradex.trade/v1/positions "HTTP/1.1 200 OK"
2026-07-24 08:14:00,762 [INFO] HTTP Request: GET https://api.testnet.paradex.trade/v1/bbo/BTC-USD-PERP "HTTP/1.1 200 OK"
2026-07-24 08:14:00,847 [INFO] HTTP Request: GET https://api.testnet.paradex.trade/v1/account "HTTP/1.1 200 OK"
2026-07-24 08:14:00,934 [INFO] HTTP Request: GET https://api.testnet.paradex.trade/v1/positions "HTTP/1.1 200 OK"
2026-07-24 08:14:03,009 [INFO] HTTP Request: GET https://api.testnet.paradex.trade/v1/bbo/BTC-USD-PERP "HTTP/1.1 200 OK"
2026-07-24 08:14:03,087 [INFO] HTTP Request: GET https://api.testnet.paradex.trade/v1/account "HTTP/1.1 200 OK"
2026-07-24 08:14:03,175 [INFO] HTTP Request: GET https://api.testnet.paradex.trade/v1/positions "HTTP/1.1 200 OK"
2026-07-24 08:14:05,257 [INFO] HTTP Request: GET https://api.testnet.paradex.trade/v1/bbo/BTC-USD-PERP "HTTP/1.1 200 OK"
2026-07-24 08:14:05,335 [INFO] HTTP Request: GET https://api.testnet.paradex.trade/v1/account "HTTP/1.1 200 OK"
2026-07-24 08:14:05,421 [INFO] HTTP Request: GET https://api.testnet.paradex.trade/v1/positions "HTTP/1.1 200 OK"
2026-07-24 08:14:07,488 [INFO] HTTP Request: GET https://api.testnet.paradex.trade/v1/bbo/BTC-USD-PERP "HTTP/1.1 200 OK"
2026-07-24 08:14:07,564 [INFO] HTTP Request: GET https://api.testnet.paradex.trade/v1/account "HTTP/1.1 200 OK"
2026-07-24 08:14:07,666 [INFO] HTTP Request: GET https://api.testnet.paradex.trade/v1/positions "HTTP/1.1 200 OK"
2026-07-24 08:14:09,741 [INFO] HTTP Request: GET https://api.testnet.paradex.trade/v1/bbo/BTC-USD-PERP "HTTP/1.1 200 OK"
2026-07-24 08:14:09,820 [INFO] HTTP Request: GET https://api.testnet.paradex.trade/v1/account "HTTP/1.1 200 OK"
2026-07-24 08:14:09,900 [INFO] HTTP Request: GET https://api.testnet.paradex.trade/v1/positions "HTTP/1.1 200 OK"
2026-07-24 08:14:11,975 [INFO] HTTP Request: GET https://api.testnet.paradex.trade/v1/bbo/BTC-USD-PERP "HTTP/1.1 200 OK"
2026-07-24 08:14:12,059 [INFO] HTTP Request: GET https://api.testnet.paradex.trade/v1/account "HTTP/1.1 200 OK"
2026-07-24 08:14:12,159 [INFO] HTTP Request: GET https://api.testnet.paradex.trade/v1/positions "HTTP/1.1 200 OK"
2026-07-24 08:14:14,218 [INFO] HTTP Request: GET https://api.testnet.paradex.trade/v1/bbo/BTC-USD-PERP "HTTP/1.1 200 OK"
2026-07-24 08:14:14,291 [INFO] HTTP Request: GET https://api.testnet.paradex.trade/v1/account "HTTP/1.1 200 OK"
2026-07-24 08:14:14,375 [INFO] HTTP Request: GET https://api.testnet.paradex.trade/v1/positions "HTTP/1.1 200 OK"
2026-07-24 08:14:16,464 [INFO] HTTP Request: GET https://api.testnet.paradex.trade/v1/bbo/BTC-USD-PERP "HTTP/1.1 200 OK"
2026-07-24 08:14:16,566 [INFO] HTTP Request: GET https://api.testnet.paradex.trade/v1/account "HTTP/1.1 200 OK"
2026-07-24 08:14:16,658 [INFO] HTTP Request: GET https://api.testnet.paradex.trade/v1/positions "HTTP/1.1 200 OK"
2026-07-24 08:14:18,731 [INFO] HTTP Request: GET https://api.testnet.paradex.trade/v1/bbo/BTC-USD-PERP "HTTP/1.1 200 OK"
2026-07-24 08:14:18,809 [INFO] HTTP Request: GET https://api.testnet.paradex.trade/v1/account "HTTP/1.1 200 OK"
2026-07-24 08:14:18,902 [INFO] HTTP Request: GET https://api.testnet.paradex.trade/v1/positions "HTTP/1.1 200 OK"
2026-07-24 08:14:20,973 [INFO] HTTP Request: GET https://api.testnet.paradex.trade/v1/bbo/BTC-USD-PERP "HTTP/1.1 200 OK"
2026-07-24 08:14:21,053 [INFO] HTTP Request: GET https://api.testnet.paradex.trade/v1/account "HTTP/1.1 200 OK"
2026-07-24 08:14:21,131 [INFO] HTTP Request: GET https://api.testnet.paradex.trade/v1/positions "HTTP/1.1 200 OK"
2026-07-24 08:14:23,212 [INFO] HTTP Request: GET https://api.testnet.paradex.trade/v1/bbo/BTC-USD-PERP "HTTP/1.1 200 OK"
2026-07-24 08:14:23,305 [INFO] HTTP Request: GET https://api.testnet.paradex.trade/v1/account "HTTP/1.1 200 OK"
2026-07-24 08:14:23,388 [INFO] HTTP Request: GET https://api.testnet.paradex.trade/v1/positions "HTTP/1.1 200 OK"
